#
# There is insufficient memory for the Java Runtime Environment to continue.
# Native memory allocation (mmap) failed to map 65536 bytes for Failed to commit metaspace.
# Possible reasons:
#   The system is out of physical RAM or swap space
#   The process is running with CompressedOops enabled, and the Java Heap may be blocking the growth of the native heap
# Possible solutions:
#   Reduce memory load on the system
#   Increase physical memory or swap space
#   Check if swap backing store is full
#   Decrease Java heap size (-Xmx/-Xms)
#   Decrease number of Java threads
#   Decrease Java thread stack sizes (-Xss)
#   Set larger code cache with -XX:ReservedCodeCacheSize=
#   JVM is running with Unscaled Compressed Oops mode in which the Java heap is
#     placed in the first 4GB address space. The Java Heap base address is the
#     maximum limit for the native heap growth. Please use -XX:HeapBaseMinAddress
#     to set the Java Heap base and to place the Java Heap above 4GB virtual address.
# This output file may be truncated or incomplete.
#
#  Out of Memory Error (virtualSpaceNode.cpp:112), pid=19672, tid=4124
#
# JRE version: Java(TM) SE Runtime Environment (21.0.1+12) (build 21.0.1+12-LTS-29)
# Java VM: Java HotSpot(TM) 64-Bit Server VM (21.0.1+12-LTS-29, mixed mode, sharing, tiered, compressed oops, compressed class ptrs, g1 gc, windows-amd64)
# No core dump will be written. Minidumps are not enabled by default on client versions of Windows
#

---------------  S U M M A R Y ------------

Command Line: -Dfile.encoding=UTF-8 -Dstdout.encoding=UTF-8 -Dstderr.encoding=UTF-8 -XX:+ShowCodeDetailsInExceptionMessages com.CourierManagement.TrackingService.TrackingServiceApplication

Host: Intel(R) Core(TM) i5-8265U CPU @ 1.60GHz, 8 cores, 3G,  Windows 11 , 64 bit Build 22621 (10.0.22621.3958)
Time: Mon May  4 00:41:07 2026 India Standard Time elapsed time: 28.528213 seconds (0d 0h 0m 28s)

---------------  T H R E A D  ---------------

Current thread (0x000001e3e64a4540):  JavaThread "main"             [_thread_in_vm, id=4124, stack(0x000000c81f600000,0x000000c81f700000) (1024K)]

Stack: [0x000000c81f600000,0x000000c81f700000]
Native frames: (J=compiled Java code, j=interpreted, Vv=VM code, C=native code)
V  [jvm.dll+0x6c9029]
V  [jvm.dll+0x854b81]
V  [jvm.dll+0x856e5e]
V  [jvm.dll+0x857543]
V  [jvm.dll+0x280c06]
V  [jvm.dll+0x8508ae]
V  [jvm.dll+0x66ca45]
V  [jvm.dll+0x66caaa]
V  [jvm.dll+0x66f2a6]
V  [jvm.dll+0x66f172]
V  [jvm.dll+0x66d41e]
V  [jvm.dll+0x26b2df]
V  [jvm.dll+0x677615]
V  [jvm.dll+0x217a53]
V  [jvm.dll+0x217f95]
V  [jvm.dll+0x2189b1]
V  [jvm.dll+0x20dc4e]
V  [jvm.dll+0x5ac6dc]
V  [jvm.dll+0x21f67a]
V  [jvm.dll+0x7ccde1]
V  [jvm.dll+0x7cde45]
V  [jvm.dll+0x7ce3ef]
V  [jvm.dll+0x7ce098]
V  [jvm.dll+0x26ebdb]
V  [jvm.dll+0x26ee0a]
V  [jvm.dll+0x5cf2e1]
V  [jvm.dll+0x5d18e4]
V  [jvm.dll+0x3d6f32]
V  [jvm.dll+0x3d69d0]
C  0x000001e3f8017711

The last pc belongs to getstatic (printed below).
Java frames: (J=compiled Java code, j=interpreted, Vv=VM code)
j  sun.security.ssl.SSLHandshake.<clinit>()V+322 java.base@21.0.1
v  ~StubRoutines::call_stub 0x000001e3f800100d
j  sun.security.ssl.OutputRecord.<clinit>()V+130 java.base@21.0.1
v  ~StubRoutines::call_stub 0x000001e3f800100d
j  sun.security.ssl.SSLSocketImpl.<init>(Lsun/security/ssl/SSLContextImpl;Ljava/net/Socket;Ljava/lang/String;IZ)V+98 java.base@21.0.1
j  sun.security.ssl.SSLSocketFactoryImpl.createSocket(Ljava/net/Socket;Ljava/lang/String;IZ)Ljava/net/Socket;+13 java.base@21.0.1
j  com.mysql.cj.protocol.ExportControlled.performTlsHandshake(Ljava/net/Socket;Lcom/mysql/cj/protocol/SocketConnection;Lcom/mysql/cj/ServerVersion;Lcom/mysql/cj/log/Log;)Ljava/net/Socket;+339
j  com.mysql.cj.protocol.StandardSocketFactory.performTlsHandshake(Lcom/mysql/cj/protocol/SocketConnection;Lcom/mysql/cj/protocol/ServerSession;Lcom/mysql/cj/log/Log;)Ljava/io/Closeable;+21
j  com.mysql.cj.protocol.a.NativeSocketConnection.performTlsHandshake(Lcom/mysql/cj/protocol/ServerSession;Lcom/mysql/cj/log/Log;)V+8
j  com.mysql.cj.protocol.a.NativeProtocol.negotiateSSLConnection()V+116
j  com.mysql.cj.protocol.a.NativeAuthenticationProvider.connect(Ljava/lang/String;Ljava/lang/String;Ljava/lang/String;)V+765
j  com.mysql.cj.protocol.a.NativeProtocol.connect(Ljava/lang/String;Ljava/lang/String;Ljava/lang/String;)V+11
j  com.mysql.cj.NativeSession.connect(Lcom/mysql/cj/conf/HostInfo;Ljava/lang/String;Ljava/lang/String;Ljava/lang/String;ILcom/mysql/cj/TransactionEventHandler;)V+110
j  com.mysql.cj.jdbc.ConnectionImpl.connectOneTryOnly(Z)V+32
j  com.mysql.cj.jdbc.ConnectionImpl.createNewIO(Z)V+27
j  com.mysql.cj.jdbc.ConnectionImpl.<init>(Lcom/mysql/cj/conf/HostInfo;)V+753
j  com.mysql.cj.jdbc.ConnectionImpl.getInstance(Lcom/mysql/cj/conf/HostInfo;)Lcom/mysql/cj/jdbc/JdbcConnection;+5
j  com.mysql.cj.jdbc.NonRegisteringDriver.connect(Ljava/lang/String;Ljava/util/Properties;)Ljava/sql/Connection;+72
j  com.zaxxer.hikari.util.DriverDataSource.getConnection(Ljava/lang/String;Ljava/lang/String;)Ljava/sql/Connection;+61
j  com.zaxxer.hikari.pool.PoolBase.newConnection()Ljava/sql/Connection;+49
j  com.zaxxer.hikari.pool.PoolBase.newPoolEntry()Lcom/zaxxer/hikari/pool/PoolEntry;+5
j  com.zaxxer.hikari.pool.HikariPool.createPoolEntry()Lcom/zaxxer/hikari/pool/PoolEntry;+1
j  com.zaxxer.hikari.pool.HikariPool.checkFailFast()V+20
j  com.zaxxer.hikari.pool.HikariPool.<init>(Lcom/zaxxer/hikari/HikariConfig;)V+127
j  com.zaxxer.hikari.HikariDataSource.getConnection()Ljava/sql/Connection;+82
j  org.hibernate.engine.jdbc.connections.internal.DatasourceConnectionProviderImpl.getConnection()Ljava/sql/Connection;+48
j  org.hibernate.engine.jdbc.env.internal.JdbcEnvironmentInitiator$ConnectionProviderJdbcConnectionAccess.obtainConnection()Ljava/sql/Connection;+4
j  org.hibernate.resource.transaction.backend.jdbc.internal.JdbcIsolationDelegate.delegateWork(Lorg/hibernate/jdbc/WorkExecutorVisitable;Z)Ljava/lang/Object;+6
j  org.hibernate.engine.jdbc.env.internal.JdbcEnvironmentInitiator.getJdbcEnvironmentUsingJdbcMetadata(Ljava/util/Map;Lorg/hibernate/service/spi/ServiceRegistryImplementor;Lorg/hibernate/engine/jdbc/dialect/spi/DialectFactory;Ljava/lang/String;Ljava/lang/Integer;Ljava/lang/Integer;Ljava/lang/String;)Lorg/hibernate/engine/jdbc/env/internal/JdbcEnvironmentImpl;+109
j  org.hibernate.engine.jdbc.env.internal.JdbcEnvironmentInitiator.initiateService(Ljava/util/Map;Lorg/hibernate/service/spi/ServiceRegistryImplementor;)Lorg/hibernate/engine/jdbc/env/spi/JdbcEnvironment;+123
j  org.hibernate.engine.jdbc.env.internal.JdbcEnvironmentInitiator.initiateService(Ljava/util/Map;Lorg/hibernate/service/spi/ServiceRegistryImplementor;)Lorg/hibernate/service/Service;+3
j  org.hibernate.boot.registry.internal.StandardServiceRegistryImpl.initiateService(Lorg/hibernate/service/spi/ServiceInitiator;)Lorg/hibernate/service/Service;+9
j  org.hibernate.service.internal.AbstractServiceRegistryImpl.createService(Lorg/hibernate/service/spi/ServiceBinding;)Lorg/hibernate/service/Service;+26
j  org.hibernate.service.internal.AbstractServiceRegistryImpl.initializeService(Lorg/hibernate/service/spi/ServiceBinding;)Lorg/hibernate/service/Service;+30
j  org.hibernate.service.internal.AbstractServiceRegistryImpl.getService(Ljava/lang/Class;)Lorg/hibernate/service/Service;+112
j  org.hibernate.boot.model.relational.Database.<init>(Lorg/hibernate/boot/spi/MetadataBuildingOptions;)V+10
j  org.hibernate.boot.internal.InFlightMetadataCollectorImpl.getDatabase()Lorg/hibernate/boot/model/relational/Database;+16
j  org.hibernate.boot.internal.InFlightMetadataCollectorImpl.<init>(Lorg/hibernate/boot/spi/BootstrapContext;Lorg/hibernate/boot/spi/MetadataBuildingOptions;)V+390
j  org.hibernate.boot.model.process.spi.MetadataBuildingProcess.complete(Lorg/hibernate/boot/model/process/spi/ManagedResources;Lorg/hibernate/boot/spi/BootstrapContext;Lorg/hibernate/boot/spi/MetadataBuildingOptions;)Lorg/hibernate/boot/spi/MetadataImplementor;+6
j  org.hibernate.jpa.boot.internal.EntityManagerFactoryBuilderImpl.metadata()Lorg/hibernate/boot/spi/MetadataImplementor;+30
j  org.hibernate.jpa.boot.internal.EntityManagerFactoryBuilderImpl.build()Ljakarta/persistence/EntityManagerFactory;+3
j  org.springframework.orm.jpa.vendor.SpringHibernateJpaPersistenceProvider.createContainerEntityManagerFactory(Ljakarta/persistence/spi/PersistenceUnitInfo;Ljava/util/Map;)Ljakarta/persistence/EntityManagerFactory;+59
j  org.springframework.orm.jpa.LocalContainerEntityManagerFactoryBean.createNativeEntityManagerFactory()Ljakarta/persistence/EntityManagerFactory;+111
j  org.springframework.orm.jpa.AbstractEntityManagerFactoryBean.buildNativeEntityManagerFactory()Ljakarta/persistence/EntityManagerFactory;+1
j  org.springframework.orm.jpa.AbstractEntityManagerFactoryBean.afterPropertiesSet()V+192
j  org.springframework.orm.jpa.LocalContainerEntityManagerFactoryBean.afterPropertiesSet()V+84
j  org.springframework.beans.factory.support.AbstractAutowireCapableBeanFactory.invokeInitMethods(Ljava/lang/String;Ljava/lang/Object;Lorg/springframework/beans/factory/support/RootBeanDefinition;)V+56
j  org.springframework.beans.factory.support.AbstractAutowireCapableBeanFactory.initializeBean(Ljava/lang/String;Ljava/lang/Object;Lorg/springframework/beans/factory/support/RootBeanDefinition;)Ljava/lang/Object;+34
j  org.springframework.beans.factory.support.AbstractAutowireCapableBeanFactory.doCreateBean(Ljava/lang/String;Lorg/springframework/beans/factory/support/RootBeanDefinition;[Ljava/lang/Object;)Ljava/lang/Object;+228
j  org.springframework.beans.factory.support.AbstractAutowireCapableBeanFactory.createBean(Ljava/lang/String;Lorg/springframework/beans/factory/support/RootBeanDefinition;[Ljava/lang/Object;)Ljava/lang/Object;+153
j  org.springframework.beans.factory.support.AbstractBeanFactory.lambda$doGetBean$0(Ljava/lang/String;Lorg/springframework/beans/factory/support/RootBeanDefinition;[Ljava/lang/Object;)Ljava/lang/Object;+4
j  org.springframework.beans.factory.support.AbstractBeanFactory$$Lambda+0x000001e3851b01f8.getObject()Ljava/lang/Object;+16
j  org.springframework.beans.factory.support.DefaultSingletonBeanRegistry.getSingleton(Ljava/lang/String;Lorg/springframework/beans/factory/ObjectFactory;)Ljava/lang/Object;+114
J 2890 c1 org.springframework.beans.factory.support.AbstractBeanFactory.doGetBean(Ljava/lang/String;Ljava/lang/Class;[Ljava/lang/Object;Z)Ljava/lang/Object; (787 bytes) @ 0x000001e3f105dbc4 [0x000001e3f105b960+0x0000000000002264]
J 2941 c1 org.springframework.beans.factory.support.AbstractBeanFactory.getBean(Ljava/lang/String;Ljava/lang/Class;)Ljava/lang/Object; (9 bytes) @ 0x000001e3f107cccc [0x000001e3f107cbc0+0x000000000000010c]
j  org.springframework.context.support.AbstractApplicationContext.finishBeanFactoryInitialization(Lorg/springframework/beans/factory/config/ConfigurableListableBeanFactory;)V+109
j  org.springframework.context.support.AbstractApplicationContext.refresh()V+94
j  org.springframework.boot.web.servlet.context.ServletWebServerApplicationContext.refresh()V+1
j  org.springframework.boot.SpringApplication.refresh(Lorg/springframework/context/ConfigurableApplicationContext;)V+1
j  org.springframework.boot.SpringApplication.refreshContext(Lorg/springframework/context/ConfigurableApplicationContext;)V+16
j  org.springframework.boot.SpringApplication.run([Ljava/lang/String;)Lorg/springframework/context/ConfigurableApplicationContext;+110
j  org.springframework.boot.SpringApplication.run([Ljava/lang/Class;[Ljava/lang/String;)Lorg/springframework/context/ConfigurableApplicationContext;+9
j  org.springframework.boot.SpringApplication.run(Ljava/lang/Class;[Ljava/lang/String;)Lorg/springframework/context/ConfigurableApplicationContext;+9
j  com.CourierManagement.TrackingService.TrackingServiceApplication.main([Ljava/lang/String;)V+3
v  ~StubRoutines::call_stub 0x000001e3f800100d
getstatic  178 getstatic  [0x000001e3f8017660, 0x000001e3f8017858]  504 bytes
[MachCode]
  0x000001e3f8017660: 4883 ec08 | c5fa 1104 | 24eb 1f48 | 83ec 10c5 | fb11 0424 | eb14 4883 | ec10 4889 | 0424 48c7 
  0x000001e3f8017680: 4424 0800 | 0000 00eb | 0150 410f | b755 0148 | 8b4d d0c1 | e202 8b5c | d138 c1eb | 1081 e3ff 
  0x000001e3f80176a0: 0000 0081 | fbb2 0000 | 000f 84b4 | 0000 00bb | b200 0000 | e805 0000 | 00e9 9900 | 0000 488b 
  0x000001e3f80176c0: d348 8d44 | 2408 4c89 | 6dc0 498b | cfc5 f877 | 4989 afa8 | 0300 0049 | 8987 9803 | 0000 4883 
  0x000001e3f80176e0: ec20 40f6 | c40f 0f84 | 1900 0000 | 4883 ec08 | 48b8 7069 | 9605 ff7f | 0000 ffd0 | 4883 c408 
  0x000001e3f8017700: e90c 0000 | 0048 b870 | 6996 05ff | 7f00 00ff | d048 83c4 | 2049 c787 | 9803 0000 | 0000 0000 
  0x000001e3f8017720: 49c7 87a8 | 0300 0000 | 0000 0049 | c787 a003 | 0000 0000 | 0000 c5f8 | 7749 837f | 0800 0f84 
  0x000001e3f8017740: 0500 0000 | e9b7 97fe | ff4c 8b6d | c04c 8b75 | c84e 8d74 | f500 c341 | 0fb7 5501 | 488b 4dd0 
  0x000001e3f8017760: c1e2 0248 | 8b5c d148 | 8b44 d150 | 4c8b 4cd1 | 404d 8b49 | 704d 8b09 | c1e8 1c83 | e00f 0f85 
  0x000001e3f8017780: 0b00 0000 | 410f be04 | 1950 e9b1 | 0000 0083 | f801 0f85 | 0b00 0000 | 410f b604 | 1950 e99d 
  0x000001e3f80177a0: 0000 0083 | f808 0f85 | 0a00 0000 | 418b 0419 | 50e9 8a00 | 0000 83f8 | 040f 850a | 0000 0041 
  0x000001e3f80177c0: 8b04 1950 | e977 0000 | 0083 f802 | 0f85 0b00 | 0000 410f | b704 1950 | e963 0000 | 0083 f803 
  0x000001e3f80177e0: 0f85 0b00 | 0000 410f | bf04 1950 | e94f 0000 | 0083 f805 | 0f85 1a00 | 0000 498b | 0419 4883 
  0x000001e3f8017800: ec10 4889 | 0424 48c7 | 4424 0800 | 0000 00e9 | 2c00 0000 | 83f8 060f | 8514 0000 | 00c4 c17a 
  0x000001e3f8017820: 1004 1948 | 83ec 08c5 | fa11 0424 | e90f 0000 | 00c4 c17b | 1004 1948 | 83ec 10c5 | fb11 0424 
  0x000001e3f8017840: 410f b65d | 0349 83c5 | 0349 ba80 | e71d 06ff | 7f00 0041 | ff24 da90 
[/MachCode]

Compiled method (c1)   28994 2890   !   3       org.springframework.beans.factory.support.AbstractBeanFactory::doGetBean (787 bytes)
 total in heap  [0x000001e3f105af10,0x000001e3f1065bd8] = 44232
 relocation     [0x000001e3f105b070,0x000001e3f105b948] = 2264
 main code      [0x000001e3f105b960,0x000001e3f1062420] = 27328
 stub code      [0x000001e3f1062420,0x000001e3f1062860] = 1088
 oops           [0x000001e3f1062860,0x000001e3f10628b8] = 88
 metadata       [0x000001e3f10628b8,0x000001e3f1062ab8] = 512
 scopes data    [0x000001e3f1062ab8,0x000001e3f1063f38] = 5248
 scopes pcs     [0x000001e3f1063f38,0x000001e3f1064c58] = 3360
 dependencies   [0x000001e3f1064c58,0x000001e3f1064cf8] = 160
 handler table  [0x000001e3f1064cf8,0x000001e3f1065a90] = 3480
 nul chk table  [0x000001e3f1065a90,0x000001e3f1065bd8] = 328

[Constant Pool (empty)]

[MachCode]
[Entry Point]
  # {method} {0x000001e3c58d6950} 'doGetBean' '(Ljava/lang/String;Ljava/lang/Class;[Ljava/lang/Object;Z)Ljava/lang/Object;' in 'org/springframework/beans/factory/support/AbstractBeanFactory'
  # this:     rdx:rdx   = 'org/springframework/beans/factory/support/AbstractBeanFactory'
  # parm0:    r8:r8     = 'java/lang/String'
  # parm1:    r9:r9     = 'java/lang/Class'
  # parm2:    rdi:rdi   = '[Ljava/lang/Object;'
  # parm3:    rsi       = boolean
  #           [sp+0x250]  (sp of caller)
  0x000001e3f105b960: 448b 5208 | 49bb 0000 | 0084 e301 | 0000 4d03 | d34c 3bd0 

  0x000001e3f105b974: ;   {runtime_call ic_miss_stub}
  0x000001e3f105b974: 0f85 062e | ff06 660f | 1f44 0000 
[Verified Entry Point]
  0x000001e3f105b980: 8984 2400 | 80ff ff55 | 4881 ec40 | 0200 0090 | 4181 7f20 | 0500 0000 

  0x000001e3f105b998: ;   {runtime_call StubRoutines (final stubs)}
  0x000001e3f105b998: 7405 e8c1 | 93fd 0648 | 8994 24d0 | 0000 004c | 8984 24f0 | 0000 004c | 898c 24e8 | 0000 0048 
  0x000001e3f105b9b8: 89bc 24d8 | 0000 0089 | b424 e000 

  0x000001e3f105b9c4: ;   {metadata(method data for {method} {0x000001e3c58d6950} 'doGetBean' '(Ljava/lang/String;Ljava/lang/Class;[Ljava/lang/Object;Z)Ljava/lang/Object;' in 'org/springframework/beans/factory/support/AbstractBeanFactory')}
  0x000001e3f105b9c4: 0000 48bb | 00b1 2bc6 | e301 0000 | 8b83 cc00 | 0000 83c0 | 0289 83cc | 0000 0025 | fe07 0000 
  0x000001e3f105b9e4: 83f8 000f | 848c 5e00 | 0048 8bda 

  0x000001e3f105b9f0: ;   {metadata(method data for {method} {0x000001e3c58d6950} 'doGetBean' '(Ljava/lang/String;Ljava/lang/Class;[Ljava/lang/Object;Z)Ljava/lang/Object;' in 'org/springframework/beans/factory/support/AbstractBeanFactory')}
  0x000001e3f105b9f0: 48b8 00b1 | 2bc6 e301 | 0000 8b5b | 0849 ba00 | 0000 84e3 | 0100 0049 | 03da 483b | 9820 0100 
  0x000001e3f105ba10: 0075 0d48 | 8380 2801 | 0000 01e9 | 6000 0000 | 483b 9830 | 0100 0075 | 0d48 8380 | 3801 0000 
  0x000001e3f105ba30: 01e9 4a00 | 0000 4883 | b820 0100 | 0000 7517 | 4889 9820 | 0100 0048 | c780 2801 | 0000 0100 
  0x000001e3f105ba50: 0000 e929 | 0000 0048 | 83b8 3001 | 0000 0075 | 1748 8998 | 3001 0000 | 48c7 8038 | 0100 0001 
  0x000001e3f105ba70: 0000 00e9 | 0800 0000 | 4883 8010 | 0100 0001 

  0x000001e3f105ba80: ;   {metadata(method data for {method} {0x000001e3c58dac70} 'transformedBeanName' '(Ljava/lang/String;)Ljava/lang/String;' in 'org/springframework/beans/factory/support/AbstractBeanFactory')}
  0x000001e3f105ba80: 48bb d09e | 29c6 e301 | 0000 8b83 | cc00 0000 | 83c0 0289 | 83cc 0000 | 0025 feff | 1f00 83f8 
  0x000001e3f105baa0: 000f 84f3 

  0x000001e3f105baa4: ;   {metadata(method data for {method} {0x000001e3c58dac70} 'transformedBeanName' '(Ljava/lang/String;)Ljava/lang/String;' in 'org/springframework/beans/factory/support/AbstractBeanFactory')}
  0x000001e3f105baa4: 5d00 0048 | bbd0 9e29 | c6e3 0100 | 0048 8383 | 1001 0000 | 0149 8bd0 

  0x000001e3f105babc: ;   {static_call}
  0x000001e3f105babc: 6666 90e8 

  0x000001e3f105bac0: ; ImmutableOopMap {[208]=Oop [216]=Oop [232]=Oop [240]=Oop }
                      ;*invokestatic transformedBeanName {reexecute=0 rethrow=0 return_oop=0}
                      ; - org.springframework.beans.factory.support.AbstractBeanFactory::transformedBeanName@2 (line 1277)
                      ; - org.springframework.beans.factory.support.AbstractBeanFactory::doGetBean@2 (line 244)
  0x000001e3f105bac0: fc63 6c07 

  0x000001e3f105bac4: ;   {other}
  0x000001e3f105bac4: 0f1f 8400 | b40b 0000 | 488b 9424 | d000 0000 

  0x000001e3f105bad4: ;   {metadata(method data for {method} {0x000001e3c58dac70} 'transformedBeanName' '(Ljava/lang/String;)Ljava/lang/String;' in 'org/springframework/beans/factory/support/AbstractBeanFactory')}
  0x000001e3f105bad4: 49b8 d09e | 29c6 e301 | 0000 8b52 | 0849 ba00 | 0000 84e3 | 0100 0049 | 03d2 493b | 9030 0100 
  0x000001e3f105baf4: 0075 0d49 | 8380 3801 | 0000 01e9 | 6000 0000 | 493b 9040 | 0100 0075 | 0d49 8380 | 4801 0000 
  0x000001e3f105bb14: 01e9 4a00 | 0000 4983 | b830 0100 | 0000 7517 | 4989 9030 | 0100 0049 | c780 3801 | 0000 0100 
  0x000001e3f105bb34: 0000 e929 | 0000 0049 | 83b8 4001 | 0000 0075 | 1749 8990 | 4001 0000 | 49c7 8048 | 0100 0001 
  0x000001e3f105bb54: 0000 00e9 | 0800 0000 | 4983 8020 | 0100 0001 

  0x000001e3f105bb64: ;   {metadata(method data for {method} {0x000001e3c58e57f0} 'canonicalName' '(Ljava/lang/String;)Ljava/lang/String;' in 'org/springframework/core/SimpleAliasRegistry')}
  0x000001e3f105bb64: 49b8 c89c | 29c6 e301 | 0000 418b | 90cc 0000 | 0083 c202 | 4189 90cc | 0000 0081 | e2fe ff1f 
  0x000001e3f105bb84: 0083 fa00 | 0f84 2d5d | 0000 e9a6 | 0000 000f | 1f44 0000 | 488b 8424 | f800 0000 | e903 0000 
  0x000001e3f105bba4: 0049 8bc0 | 4983 f800 | 41b9 0200 | 0000 0f85 | 0600 0000 | 41b9 0000 

  0x000001e3f105bbbc: ;   {metadata(method data for {method} {0x000001e3c58e57f0} 'canonicalName' '(Ljava/lang/String;)Ljava/lang/String;' in 'org/springframework/core/SimpleAliasRegistry')}
  0x000001e3f105bbbc: 0000 48ba | c89c 29c6 | e301 0000 | 8bb2 d000 | 0000 4103 | f189 b2d0 | 0000 0041 | 83f9 000f 
  0x000001e3f105bbdc: 8505 0000 | 00be 0200 | 0000 81e6 | fe3f 0000 | 83fe 000f | 84e7 5c00 | 004d 8b97 

  0x000001e3f105bbf8: ; ImmutableOopMap {r8=Oop rax=Oop [208]=Oop [216]=Oop [232]=Oop [240]=Oop }
                      ;*ifnonnull {reexecute=1 rethrow=0 return_oop=0}
                      ; - (reexecute) org.springframework.core.SimpleAliasRegistry::canonicalName@23 (line 221)
                      ; - org.springframework.beans.factory.support.AbstractBeanFactory::transformedBeanName@5 (line 1277)
                      ; - org.springframework.beans.factory.support.AbstractBeanFactory::doGetBean@2 (line 244)
  0x000001e3f105bbf8: 5804 0000 

  0x000001e3f105bbfc: ;   {poll}
  0x000001e3f105bbfc: 4185 0249 

  0x000001e3f105bc00: ;   {metadata(method data for {method} {0x000001e3c58e57f0} 'canonicalName' '(Ljava/lang/String;)Ljava/lang/String;' in 'org/springframework/core/SimpleAliasRegistry')}
  0x000001e3f105bc00: 83f8 0049 | b8c8 9c29 | c6e3 0100 | 0049 b9b0 | 0100 0000 | 0000 000f | 840a 0000 | 0049 b9a0 
  0x000001e3f105bc20: 0100 0000 | 0000 004b | 8b14 0848 | 8d52 014b | 8914 080f | 84f6 0100 | 0048 8b94 | 24d0 0000 
  0x000001e3f105bc40: 008b 7210 

  0x000001e3f105bc44: ; implicit exception: dispatches to 0x000001e3f10618fd
  0x000001e3f105bc44: 483b 064c 

  0x000001e3f105bc48: ;   {metadata(method data for {method} {0x000001e3c58e57f0} 'canonicalName' '(Ljava/lang/String;)Ljava/lang/String;' in 'org/springframework/core/SimpleAliasRegistry')}
  0x000001e3f105bc48: 8bc6 48bf | c89c 29c6 | e301 0000 | 458b 4008 | 49ba 0000 | 0084 e301 | 0000 4d03 | c24c 3b87 
  0x000001e3f105bc68: 2001 0000 | 750d 4883 | 8728 0100 | 0001 e960 | 0000 004c | 3b87 3001 | 0000 750d | 4883 8738 
  0x000001e3f105bc88: 0100 0001 | e94a 0000 | 0048 83bf | 2001 0000 | 0075 174c | 8987 2001 | 0000 48c7 | 8728 0100 
  0x000001e3f105bca8: 0001 0000 | 00e9 2900 | 0000 4883 | bf30 0100 | 0000 7517 | 4c89 8730 | 0100 0048 | c787 3801 
  0x000001e3f105bcc8: 0000 0100 | 0000 e908 | 0000 0048 | 8387 1001 | 0000 014c | 8bc0 488b | d648 8984 | 24f8 0000 
  0x000001e3f105bce8: 000f 1f40 | 0048 b8b8 | 5306 84e3 

  0x000001e3f105bcf4: ;   {virtual_call}
  0x000001e3f105bcf4: 0100 00e8 

  0x000001e3f105bcf8: ; ImmutableOopMap {[208]=Oop [216]=Oop [232]=Oop [240]=Oop [248]=Oop }
                      ;*invokeinterface get {reexecute=0 rethrow=0 return_oop=0}
                      ; - org.springframework.core.SimpleAliasRegistry::canonicalName@7 (line 216)
                      ; - org.springframework.beans.factory.support.AbstractBeanFactory::transformedBeanName@5 (line 1277)
                      ; - org.springframework.beans.factory.support.AbstractBeanFactory::doGetBean@2 (line 244)
  0x000001e3f105bcf8: 04cb 3200 

  0x000001e3f105bcfc: ;   {other}
  0x000001e3f105bcfc: 0f1f 8400 | ec0d 0002 | 4883 f800 

  0x000001e3f105bd08: ;   {metadata(method data for {method} {0x000001e3c58e57f0} 'canonicalName' '(Ljava/lang/String;)Ljava/lang/String;' in 'org/springframework/core/SimpleAliasRegistry')}
  0x000001e3f105bd08: 7516 48ba | c89c 29c6 | e301 0000 | 808a 4101 | 0000 01e9 | cd00 0000 

  0x000001e3f105bd20: ;   {metadata('java/lang/String')}
  0x000001e3f105bd20: 48be d8e8 | 0084 e301 | 0000 448b | 4808 49ba | 0000 0084 | e301 0000 | 4d03 ca49 | 3bf1 0f85 
  0x000001e3f105bd40: 8d00 0000 

  0x000001e3f105bd44: ;   {metadata(method data for {method} {0x000001e3c58e57f0} 'canonicalName' '(Ljava/lang/String;)Ljava/lang/String;' in 'org/springframework/core/SimpleAliasRegistry')}
  0x000001e3f105bd44: 48ba c89c | 29c6 e301 | 0000 8b70 | 0849 ba00 | 0000 84e3 | 0100 0049 | 03f2 483b | b258 0100 
  0x000001e3f105bd64: 0075 0d48 | 8382 6001 | 0000 01e9 | 7900 0000 | 483b b268 | 0100 0075 | 0d48 8382 | 7001 0000 
  0x000001e3f105bd84: 01e9 6300 | 0000 4883 | ba58 0100 | 0000 7517 | 4889 b258 | 0100 0048 | c782 6001 | 0000 0100 
  0x000001e3f105bda4: 0000 e942 | 0000 0048 | 83ba 6801 | 0000 0075 | 1748 89b2 | 6801 0000 | 48c7 8270 | 0100 0001 
  0x000001e3f105bdc4: 0000 00e9 | 2100 0000 | e91c 0000 

  0x000001e3f105bdd0: ;   {metadata(method data for {method} {0x000001e3c58e57f0} 'canonicalName' '(Ljava/lang/String;)Ljava/lang/String;' in 'org/springframework/core/SimpleAliasRegistry')}
  0x000001e3f105bdd0: 0048 bac8 | 9c29 c6e3 | 0100 0048 | 83aa 4801 | 0000 01e9 | 1a5b 0000 | e900 0000 | 004c 8bc0 
  0x000001e3f105bdf0: 4983 f800 

  0x000001e3f105bdf4: ;   {metadata(method data for {method} {0x000001e3c58e57f0} 'canonicalName' '(Ljava/lang/String;)Ljava/lang/String;' in 'org/springframework/core/SimpleAliasRegistry')}
  0x000001e3f105bdf4: 49b9 c89c | 29c6 e301 | 0000 48ba | 8001 0000 | 0000 0000 | 0f84 0a00 | 0000 48ba | 9001 0000 
  0x000001e3f105be14: 0000 0000 | 498b 3411 | 488d 7601 | 4989 3411 | 0f84 6efd | ffff e976 | fdff ff48 | 8b94 24d0 
  0x000001e3f105be34: ;   {metadata(method data for {method} {0x000001e3c58d6950} 'doGetBean' '(Ljava/lang/String;Ljava/lang/Class;[Ljava/lang/Object;Z)Ljava/lang/Object;' in 'org/springframework/beans/factory/support/AbstractBeanFactory')}
  0x000001e3f105be34: 0000 0049 | b800 b12b | c6e3 0100 | 008b 5208 | 49ba 0000 | 0084 e301 | 0000 4903 | d249 3b90 
  0x000001e3f105be54: 5801 0000 | 750d 4983 | 8060 0100 | 0001 e960 | 0000 0049 | 3b90 6801 | 0000 750d | 4983 8070 
  0x000001e3f105be74: 0100 0001 | e94a 0000 | 0049 83b8 | 5801 0000 | 0075 1749 | 8990 5801 | 0000 49c7 | 8060 0100 
  0x000001e3f105be94: 0001 0000 | 00e9 2900 | 0000 4983 | b868 0100 | 0000 7517 | 4989 9068 | 0100 0049 | c780 7001 
  0x000001e3f105beb4: 0000 0100 | 0000 e908 | 0000 0049 | 8380 4801 

  0x000001e3f105bec4: ;   {metadata(method data for {method} {0x000001e3c58e1a90} 'getSingleton' '(Ljava/lang/String;)Ljava/lang/Object;' in 'org/springframework/beans/factory/support/DefaultSingletonBeanRegistry')}
  0x000001e3f105bec4: 0000 0149 | b870 af2b | c6e3 0100 | 0045 8b88 | cc00 0000 | 4183 c102 | 4589 88cc | 0000 0041 
  0x000001e3f105bee4: 81e1 feff | 1f00 4183 | f900 0f84 | 175a 0000 | 488b 9424 | d000 0000 

  0x000001e3f105befc: ;   {metadata(method data for {method} {0x000001e3c58e1a90} 'getSingleton' '(Ljava/lang/String;)Ljava/lang/Object;' in 'org/springframework/beans/factory/support/DefaultSingletonBeanRegistry')}
  0x000001e3f105befc: 49b8 70af | 2bc6 e301 | 0000 8b52 | 0849 ba00 | 0000 84e3 | 0100 0049 | 03d2 493b | 9020 0100 
  0x000001e3f105bf1c: 0075 0d49 | 8380 2801 | 0000 01e9 | 6000 0000 | 493b 9030 | 0100 0075 | 0d49 8380 | 3801 0000 
  0x000001e3f105bf3c: 01e9 4a00 | 0000 4983 | b820 0100 | 0000 7517 | 4989 9020 | 0100 0049 | c780 2801 | 0000 0100 
  0x000001e3f105bf5c: 0000 e929 | 0000 0049 | 83b8 3001 | 0000 0075 | 1749 8990 | 3001 0000 | 49c7 8038 | 0100 0001 
  0x000001e3f105bf7c: 0000 00e9 | 0800 0000 | 4983 8010 | 0100 0001 | 4c8b c041 | b901 0000 | 0048 8b94 | 24d0 0000 
  0x000001e3f105bf9c: 0048 8984 | 2400 0100 

  0x000001e3f105bfa4: ;   {optimized virtual_call}
  0x000001e3f105bfa4: 0066 90e8 

  0x000001e3f105bfa8: ; ImmutableOopMap {[208]=Oop [216]=Oop [232]=Oop [240]=Oop [256]=Oop }
                      ;*invokevirtual getSingleton {reexecute=0 rethrow=0 return_oop=0}
                      ; - org.springframework.beans.factory.support.DefaultSingletonBeanRegistry::getSingleton@3 (line 168)
                      ; - org.springframework.beans.factory.support.AbstractBeanFactory::doGetBean@10 (line 248)
  0x000001e3f105bfa8: 3469 7607 

  0x000001e3f105bfac: ;   {other}
  0x000001e3f105bfac: 0f1f 8400 | 9c10 0003 | 4883 f800 

  0x000001e3f105bfb8: ;   {metadata(method data for {method} {0x000001e3c58d6950} 'doGetBean' '(Ljava/lang/String;Ljava/lang/Class;[Ljava/lang/Object;Z)Ljava/lang/Object;' in 'org/springframework/beans/factory/support/AbstractBeanFactory')}
  0x000001e3f105bfb8: 49b8 00b1 | 2bc6 e301 | 0000 48ba | 8001 0000 | 0000 0000 | 0f84 0a00 | 0000 48ba | 9001 0000 
  0x000001e3f105bfd8: 0000 0000 | 498b 3410 | 488d 7601 | 4989 3410 | 0f84 4200 | 0000 488b | bc24 d800 | 0000 4883 
  0x000001e3f105bff8: ;   {metadata(method data for {method} {0x000001e3c58d6950} 'doGetBean' '(Ljava/lang/String;Ljava/lang/Class;[Ljava/lang/Object;Z)Ljava/lang/Object;' in 'org/springframework/beans/factory/support/AbstractBeanFactory')}
  0x000001e3f105bff8: ff00 49b8 | 00b1 2bc6 | e301 0000 | 48ba b001 | 0000 0000 | 0000 0f84 | 0a00 0000 | 48ba a001 
  0x000001e3f105c018: 0000 0000 | 0000 498b | 3410 488d | 7601 4989 | 3410 0f84 | bb33 0000 | 488b 9424 | d000 0000 
  0x000001e3f105c038: ;   {metadata(method data for {method} {0x000001e3c58d6950} 'doGetBean' '(Ljava/lang/String;Ljava/lang/Class;[Ljava/lang/Object;Z)Ljava/lang/Object;' in 'org/springframework/beans/factory/support/AbstractBeanFactory')}
  0x000001e3f105c038: 49b8 00b1 | 2bc6 e301 | 0000 8b52 | 0849 ba00 | 0000 84e3 | 0100 0049 | 03d2 493b | 90b8 0300 
  0x000001e3f105c058: 0075 0d49 | 8380 c003 | 0000 01e9 | 6000 0000 | 493b 90c8 | 0300 0075 | 0d49 8380 | d003 0000 
  0x000001e3f105c078: 01e9 4a00 | 0000 4983 | b8b8 0300 | 0000 7517 | 4989 90b8 | 0300 0049 | c780 c003 | 0000 0100 
  0x000001e3f105c098: 0000 e929 | 0000 0049 | 83b8 c803 | 0000 0075 | 1749 8990 | c803 0000 | 49c7 80d0 | 0300 0001 
  0x000001e3f105c0b8: 0000 00e9 | 0800 0000 | 4983 80a8 | 0300 0001 | 4c8b 8424 | 0001 0000 | 488b 9424 | d000 0000 
  0x000001e3f105c0d8: 0f1f 8000 

  0x000001e3f105c0dc: ;   {optimized virtual_call}
  0x000001e3f105c0dc: 0000 00e8 

  0x000001e3f105c0e0: ; ImmutableOopMap {[208]=Oop [216]=Oop [232]=Oop [240]=Oop [256]=Oop }
                      ;*invokevirtual isPrototypeCurrentlyInCreation {reexecute=0 rethrow=0 return_oop=0}
                      ; - org.springframework.beans.factory.support.AbstractBeanFactory::doGetBean@98 (line 265)
  0x000001e3f105c0e0: bc4c 3200 

  0x000001e3f105c0e4: ;   {other}
  0x000001e3f105c0e4: 0f1f 8400 | d411 0004 

  0x000001e3f105c0ec: ;   {metadata(method data for {method} {0x000001e3c58d6950} 'doGetBean' '(Ljava/lang/String;Ljava/lang/Class;[Ljava/lang/Object;Z)Ljava/lang/Object;' in 'org/springframework/beans/factory/support/AbstractBeanFactory')}
  0x000001e3f105c0ec: 83f8 0049 | b800 b12b | c6e3 0100 | 0048 baf0 | 0300 0000 | 0000 000f | 850a 0000 | 0048 bae0 
  0x000001e3f105c10c: 0300 0000 | 0000 0049 | 8b34 1048 | 8d76 0149 | 8934 100f | 85dc 4a00 | 0048 8b94 | 24d0 0000 
  0x000001e3f105c12c: 004c 8bc2 

  0x000001e3f105c130: ;   {metadata(method data for {method} {0x000001e3c58d6950} 'doGetBean' '(Ljava/lang/String;Ljava/lang/Class;[Ljava/lang/Object;Z)Ljava/lang/Object;' in 'org/springframework/beans/factory/support/AbstractBeanFactory')}
  0x000001e3f105c130: 48be 00b1 | 2bc6 e301 | 0000 458b | 4008 49ba | 0000 0084 | e301 0000 | 4d03 c24c | 3b86 2004 
  0x000001e3f105c150: 0000 750d | 4883 8628 | 0400 0001 | e960 0000 | 004c 3b86 | 3004 0000 | 750d 4883 | 8638 0400 
  0x000001e3f105c170: 0001 e94a | 0000 0048 | 83be 2004 | 0000 0075 | 174c 8986 | 2004 0000 | 48c7 8628 | 0400 0001 
  0x000001e3f105c190: 0000 00e9 | 2900 0000 | 4883 be30 | 0400 0000 | 7517 4c89 | 8630 0400 | 0048 c786 | 3804 0000 
  0x000001e3f105c1b0: 0100 0000 | e908 0000 | 0048 8386 | 1004 0000 | 018b 7248 | 4889 b424 | 0801 0000 | 4883 fe00 
  0x000001e3f105c1d0: ;   {metadata(method data for {method} {0x000001e3c58d6950} 'doGetBean' '(Ljava/lang/String;Ljava/lang/Class;[Ljava/lang/Object;Z)Ljava/lang/Object;' in 'org/springframework/beans/factory/support/AbstractBeanFactory')}
  0x000001e3f105c1d0: 49b8 00b1 | 2bc6 e301 | 0000 48bf | 4804 0000 | 0000 0000 | 0f84 0a00 | 0000 48bf | 5804 0000 
  0x000001e3f105c1f0: 0000 0000 | 498b 1c38 | 488d 5b01 | 4989 1c38 | 0f84 d201 | 0000 488b | 8424 0001 | 0000 4c8b 
  0x000001e3f105c210: ;   {metadata(method data for {method} {0x000001e3c58d6950} 'doGetBean' '(Ljava/lang/String;Ljava/lang/Class;[Ljava/lang/Object;Z)Ljava/lang/Object;' in 'org/springframework/beans/factory/support/AbstractBeanFactory')}
  0x000001e3f105c210: c248 bf00 | b12b c6e3 

  0x000001e3f105c218: ;   {metadata('org/springframework/beans/factory/support/DefaultListableBeanFactory')}
  0x000001e3f105c218: 0100 0049 | ba58 3514 | 85e3 0100 | 004c 8997 | 7804 0000 | 4883 8780 | 0400 0001 

  0x000001e3f105c234: ;   {metadata(method data for {method} {0x000001e3c58bdc90} 'containsBeanDefinition' '(Ljava/lang/String;)Z' in 'org/springframework/beans/factory/support/DefaultListableBeanFactory')}
  0x000001e3f105c234: 49b8 c0cb | 2bc6 e301 | 0000 418b | b8cc 0000 | 0083 c702 | 4189 b8cc | 0000 0081 | e7fe ff1f 
  0x000001e3f105c254: 0083 ff00 | 0f84 ce56 

  0x000001e3f105c25c: ;   {metadata(method data for {method} {0x000001e3c58bdc90} 'containsBeanDefinition' '(Ljava/lang/String;)Z' in 'org/springframework/beans/factory/support/DefaultListableBeanFactory')}
  0x000001e3f105c25c: 0000 49b8 | c0cb 2bc6 | e301 0000 | 4983 8010 | 0100 0001 

  0x000001e3f105c270: ;   {metadata(method data for {method} {0x000001e3c54d1e18} 'notNull' '(Ljava/lang/Object;Ljava/lang/String;)V' in 'org/springframework/util/Assert')}
  0x000001e3f105c270: 49b8 18bc | 63c5 e301 | 0000 418b | b8cc 0000 | 0083 c702 | 4189 b8cc | 0000 0081 | e7fe ff1f 
  0x000001e3f105c290: 0083 ff00 | 0f84 b356 | 0000 4883 

  0x000001e3f105c29c: ;   {metadata(method data for {method} {0x000001e3c54d1e18} 'notNull' '(Ljava/lang/Object;Ljava/lang/String;)V' in 'org/springframework/util/Assert')}
  0x000001e3f105c29c: f800 49b8 | 18bc 63c5 | e301 0000 | 48bf 2001 | 0000 0000 | 0000 0f84 | 0a00 0000 | 48bf 1001 
  0x000001e3f105c2bc: 0000 0000 | 0000 498b | 1c38 488d | 5b01 4989 | 1c38 0f84 | 8048 0000 | 8bba bc00 | 0000 483b 
  0x000001e3f105c2dc: 074c 8bc7 

  0x000001e3f105c2e0: ;   {metadata(method data for {method} {0x000001e3c58bdc90} 'containsBeanDefinition' '(Ljava/lang/String;)Z' in 'org/springframework/beans/factory/support/DefaultListableBeanFactory')}
  0x000001e3f105c2e0: 48bb c0cb | 2bc6 e301 | 0000 458b | 4008 49ba | 0000 0084 | e301 0000 | 4d03 c24c | 3b83 3001 
  0x000001e3f105c300: 0000 750d | 4883 8338 | 0100 0001 | e960 0000 | 004c 3b83 | 4001 0000 | 750d 4883 | 8348 0100 
  0x000001e3f105c320: 0001 e94a | 0000 0048 | 83bb 3001 | 0000 0075 | 174c 8983 | 3001 0000 | 48c7 8338 | 0100 0001 
  0x000001e3f105c340: 0000 00e9 | 2900 0000 | 4883 bb40 | 0100 0000 | 7517 4c89 | 8340 0100 | 0048 c783 | 4801 0000 
  0x000001e3f105c360: 0100 0000 | e908 0000 | 0048 8383 | 2001 0000 | 014c 8bc0 | 488b d748 | 8984 2400 | 0100 0066 
  0x000001e3f105c380: 0f1f 4400 | 0048 b8ff | ffff ffff 

  0x000001e3f105c38c: ;   {virtual_call}
  0x000001e3f105c38c: ffff ffe8 

  0x000001e3f105c390: ; ImmutableOopMap {[208]=Oop [216]=Oop [232]=Oop [240]=Oop [256]=Oop [264]=Oop }
                      ;*invokeinterface containsKey {reexecute=0 rethrow=0 return_oop=0}
                      ; - org.springframework.beans.factory.support.DefaultListableBeanFactory::containsBeanDefinition@11 (line 367)
                      ; - org.springframework.beans.factory.support.AbstractBeanFactory::doGetBean@128 (line 271)
  0x000001e3f105c390: ec29 ff06 

  0x000001e3f105c394: ;   {other}
  0x000001e3f105c394: 0f1f 8400 | 8414 0005 | 83e0 0183 

  0x000001e3f105c3a0: ;   {metadata(method data for {method} {0x000001e3c58d6950} 'doGetBean' '(Ljava/lang/String;Ljava/lang/Class;[Ljava/lang/Object;Z)Ljava/lang/Object;' in 'org/springframework/beans/factory/support/AbstractBeanFactory')}
  0x000001e3f105c3a0: f800 49b8 | 00b1 2bc6 | e301 0000 | 48ba b004 | 0000 0000 | 0000 0f84 | 0a00 0000 | 48ba a004 
  0x000001e3f105c3c0: 0000 0000 | 0000 498b | 3410 488d | 7601 4989 | 3410 0f84 | e82a 0000 | 8bb4 24e0 | 0000 0083 
  0x000001e3f105c3e0: ;   {metadata(method data for {method} {0x000001e3c58d6950} 'doGetBean' '(Ljava/lang/String;Ljava/lang/Class;[Ljava/lang/Object;Z)Ljava/lang/Object;' in 'org/springframework/beans/factory/support/AbstractBeanFactory')}
  0x000001e3f105c3e0: fe00 49b8 | 00b1 2bc6 | e301 0000 | 48ba a806 | 0000 0000 | 0000 0f85 | 0a00 0000 | 48ba b806 
  0x000001e3f105c400: 0000 0000 | 0000 498b | 3410 488d | 7601 4989 | 3410 0f85 | bc00 0000 | 488b 9424 | d000 0000 
  0x000001e3f105c420: ;   {metadata(method data for {method} {0x000001e3c58d6950} 'doGetBean' '(Ljava/lang/String;Ljava/lang/Class;[Ljava/lang/Object;Z)Ljava/lang/Object;' in 'org/springframework/beans/factory/support/AbstractBeanFactory')}
  0x000001e3f105c420: 49b8 00b1 | 2bc6 e301 | 0000 8b52 | 0849 ba00 | 0000 84e3 | 0100 0049 | 03d2 493b | 90d8 0600 
  0x000001e3f105c440: 0075 0d49 | 8380 e006 | 0000 01e9 | 6000 0000 | 493b 90e8 | 0600 0075 | 0d49 8380 | f006 0000 
  0x000001e3f105c460: 01e9 4a00 | 0000 4983 | b8d8 0600 | 0000 7517 | 4989 90d8 | 0600 0049 | c780 e006 | 0000 0100 
  0x000001e3f105c480: 0000 e929 | 0000 0049 | 83b8 e806 | 0000 0075 | 1749 8990 | e806 0000 | 49c7 80f0 | 0600 0001 
  0x000001e3f105c4a0: 0000 00e9 | 0800 0000 | 4983 80c8 | 0600 0001 | 4c8b 8424 | 0001 0000 | 488b 9424 | d000 0000 
  0x000001e3f105c4c0: 0f1f 8000 

  0x000001e3f105c4c4: ;   {optimized virtual_call}
  0x000001e3f105c4c4: 0000 00e8 

  0x000001e3f105c4c8: ; ImmutableOopMap {[208]=Oop [216]=Oop [232]=Oop [240]=Oop [256]=Oop }
                      ;*invokevirtual markBeanAsCreated {reexecute=0 rethrow=0 return_oop=0}
                      ; - org.springframework.beans.factory.support.AbstractBeanFactory::doGetBean@216 (line 291)
  0x000001e3f105c4c8: 995f 0000 

  0x000001e3f105c4cc: ;   {other}
  0x000001e3f105c4cc: 0f1f 8400 | bc15 0006 | 488b 9424 | d000 0000 | 448b 4278 | 4983 f800 | 0f84 2a00 

  0x000001e3f105c4e8: ;   {metadata('org/springframework/core/metrics/DefaultApplicationStartup')}
  0x000001e3f105c4e8: 0000 48b8 | f827 0285 | e301 0000 | 418b 5808 | 49ba 0000 | 0084 e301 | 0000 4903 | da48 3b43 
  0x000001e3f105c508: 380f 8564 | 5400 00e9 | 0000 0000 | 498b f049 | 3b00 498b 

  0x000001e3f105c51c: ;   {metadata(method data for {method} {0x000001e3c58d6950} 'doGetBean' '(Ljava/lang/String;Ljava/lang/Class;[Ljava/lang/Object;Z)Ljava/lang/Object;' in 'org/springframework/beans/factory/support/AbstractBeanFactory')}
  0x000001e3f105c51c: f048 bf00 | b12b c6e3 

  0x000001e3f105c524: ;   {metadata('org/springframework/core/metrics/DefaultApplicationStartup')}
  0x000001e3f105c524: 0100 0049 | baf8 2702 | 85e3 0100 | 004c 8997 | 1007 0000 | 4883 8718 | 0700 0001 

  0x000001e3f105c540: ;   {metadata(method data for {method} {0x000001e3c54cf0b0} 'start' '(Ljava/lang/String;)Lorg/springframework/core/metrics/StartupStep;' in 'org/springframework/core/metrics/DefaultApplicationStartup')}
  0x000001e3f105c540: 48be 08d2 | 2bc6 e301 | 0000 8bbe | cc00 0000 | 83c7 0289 | becc 0000 | 0081 e7fe | ff1f 0083 
  0x000001e3f105c560: ff00 0f84 | 1554 0000 

  0x000001e3f105c568: ;   {metadata(method data for {method} {0x000001e3c54cf0b0} 'start' '(Ljava/lang/String;)Lorg/springframework/core/metrics/StartupStep;' in 'org/springframework/core/metrics/DefaultApplicationStartup')}
  0x000001e3f105c568: 48be 08d2 | 2bc6 e301 

  0x000001e3f105c570: ;   {metadata('org/springframework/core/metrics/DefaultApplicationStartup')}
  0x000001e3f105c570: 0000 49ba | f827 0285 | e301 0000 | 4c89 9620 | 0100 0048 | 8386 2801 

  0x000001e3f105c588: ;   {metadata(method data for {method} {0x000001e3c54cf000} 'start' '(Ljava/lang/String;)Lorg/springframework/core/metrics/DefaultApplicationStartup$DefaultStartupStep;' in 'org/springframework/core/metrics/DefaultApplicationStartup')}
  0x000001e3f105c588: 0000 0149 | b898 d32b | c6e3 0100 | 0041 8bb0 | cc00 0000 | 83c6 0241 | 89b0 cc00 | 0000 81e6 
  0x000001e3f105c5a8: feff 1f00 | 83fe 000f | 84e9 5300 

  0x000001e3f105c5b4: ;   {oop(a 'org/springframework/core/metrics/DefaultApplicationStartup$DefaultStartupStep'{0x00000000c27951b8})}
  0x000001e3f105c5b4: 0049 b8b8 | 5179 c200 

  0x000001e3f105c5bc: ;   {metadata(method data for {method} {0x000001e3c58d6950} 'doGetBean' '(Ljava/lang/String;Ljava/lang/Class;[Ljava/lang/Object;Z)Ljava/lang/Object;' in 'org/springframework/beans/factory/support/AbstractBeanFactory')}
  0x000001e3f105c5bc: 0000 0048 | be00 b12b | c6e3 0100 

  0x000001e3f105c5c8: ;   {metadata('org/springframework/core/metrics/DefaultApplicationStartup$DefaultStartupStep')}
  0x000001e3f105c5c8: 0049 ba18 | 2c02 85e3 | 0100 004c | 8996 4807 | 0000 4883 | 8650 0700 

  0x000001e3f105c5e0: ;   {metadata(method data for {method} {0x000001e3c54d0078} 'tag' '(Ljava/lang/String;Ljava/lang/String;)Lorg/springframework/core/metrics/StartupStep;' in 'org/springframework/core/metrics/DefaultApplicationStartup$DefaultStartupStep')}
  0x000001e3f105c5e0: 0001 49b8 | d0d4 2bc6 | e301 0000 | 418b b0cc | 0000 0083 | c602 4189 | b0cc 0000 | 0081 e6fe 
  0x000001e3f105c600: ff1f 0083 | fe00 0f84 | b353 0000 | 4c8b 8c24 | e800 0000 | 4983 f900 

  0x000001e3f105c618: ;   {metadata(method data for {method} {0x000001e3c58d6950} 'doGetBean' '(Ljava/lang/String;Ljava/lang/Class;[Ljava/lang/Object;Z)Ljava/lang/Object;' in 'org/springframework/beans/factory/support/AbstractBeanFactory')}
  0x000001e3f105c618: 49b8 00b1 | 2bc6 e301 | 0000 48be | 7007 0000 | 0000 0000 | 0f84 0a00 | 0000 48be | 8007 0000 
  0x000001e3f105c638: 0000 0000 | 498b 3c30 | 488d 7f01 | 4989 3c30 | 0f84 6f04 

  0x000001e3f105c64c: ;   {metadata(method data for {method} {0x000001e3c58d6950} 'doGetBean' '(Ljava/lang/String;Ljava/lang/Class;[Ljava/lang/Object;Z)Ljava/lang/Object;' in 'org/springframework/beans/factory/support/AbstractBeanFactory')}
  0x000001e3f105c64c: 0000 49b8 | 00b1 2bc6 | e301 0000 | 4983 8090 | 0700 0001 

  0x000001e3f105c660: ;   {metadata(method data for {method} {0x000001e384056890} 'requireNonNull' '(Ljava/lang/Object;)Ljava/lang/Object;' in 'java/util/Objects')}
  0x000001e3f105c660: 49b8 18f4 | 00c5 e301 | 0000 418b | b0cc 0000 | 0083 c602 | 4189 b0cc | 0000 0081 | e6fe ff1f 
  0x000001e3f105c680: 0083 fe00 | 0f84 5653 | 0000 4983 

  0x000001e3f105c68c: ;   {metadata(method data for {method} {0x000001e384056890} 'requireNonNull' '(Ljava/lang/Object;)Ljava/lang/Object;' in 'java/util/Objects')}
  0x000001e3f105c68c: f900 49b8 | 18f4 00c5 | e301 0000 | 48be 2001 | 0000 0000 | 0000 0f84 | 0a00 0000 | 48be 1001 
  0x000001e3f105c6ac: 0000 0000 | 0000 498b | 3c30 488d | 7f01 4989 | 3c30 0f84 | e843 0000 

  0x000001e3f105c6c4: ;   {metadata(method data for {method} {0x000001e3c58d6950} 'doGetBean' '(Ljava/lang/String;Ljava/lang/Class;[Ljava/lang/Object;Z)Ljava/lang/Object;' in 'org/springframework/beans/factory/support/AbstractBeanFactory')}
  0x000001e3f105c6c4: 49b8 00b1 | 2bc6 e301 | 0000 4d8d | 80b0 0700 | 0049 8bf1 | 4885 f675 | 0549 8348 

  0x000001e3f105c6e0: ;   {metadata(method data for {method} {0x000001e3840b09b0} 'linkToTargetMethod' '(Ljava/lang/Object;Ljava/lang/Object;)Ljava/lang/Object;' in 'java/lang/invoke/Invokers$Holder')}
  0x000001e3f105c6e0: 0801 49b8 | 606a 29c5 | e301 0000 | 4d8d 8000 | 0200 0049 | 8bf1 4885 | f675 0449 

  0x000001e3f105c6fc: ;   {oop(a 'java/lang/invoke/DirectMethodHandle$Constructor'{0x00000000c2a81ac8})}
  0x000001e3f105c6fc: 8308 0148 | bec8 1aa8 | c200 0000 | 0048 8bfe | 4885 ff75 | 0549 8348 

  0x000001e3f105c714: ;   {metadata(method data for {method} {0x000001e3c58d6950} 'doGetBean' '(Ljava/lang/String;Ljava/lang/Class;[Ljava/lang/Object;Z)Ljava/lang/Object;' in 'org/springframework/beans/factory/support/AbstractBeanFactory')}
  0x000001e3f105c714: 1001 49b8 | 00b1 2bc6 | e301 0000 | 4983 80a0 | 0700 0001 

  0x000001e3f105c728: ;   {metadata(method data for {method} {0x000001e3840b09b0} 'linkToTargetMethod' '(Ljava/lang/Object;Ljava/lang/Object;)Ljava/lang/Object;' in 'java/lang/invoke/Invokers$Holder')}
  0x000001e3f105c728: 49b8 606a | 29c5 e301 | 0000 418b | b8cc 0000 | 0083 c702 | 4189 b8cc | 0000 0081 | e7fe ff1f 
  0x000001e3f105c748: 0083 ff00 | 0f84 af52 

  0x000001e3f105c750: ;   {metadata(method data for {method} {0x000001e3840b09b0} 'linkToTargetMethod' '(Ljava/lang/Object;Ljava/lang/Object;)Ljava/lang/Object;' in 'java/lang/invoke/Invokers$Holder')}
  0x000001e3f105c750: 0000 49b8 | 606a 29c5 | e301 0000 | 4d8d 8080 | 0100 0049 | 8bf9 4885 | ff75 0549 | 8348 0801 
  0x000001e3f105c770: ;   {metadata(method data for {method} {0x000001e3840b6bc8} 'newInvokeSpecial' '(Ljava/lang/Object;Ljava/lang/Object;)Ljava/lang/Object;' in 'java/lang/invoke/DirectMethodHandle$Holder')}
  0x000001e3f105c770: 49b8 68cc | 29c5 e301 | 0000 4d8d | 8040 0200 | 0048 8bfe | 4885 ff75 | 0449 8308 | 0149 8bf9 
  0x000001e3f105c790: 4885 ff75 | 0549 8348 

  0x000001e3f105c798: ;   {metadata(method data for {method} {0x000001e3840b09b0} 'linkToTargetMethod' '(Ljava/lang/Object;Ljava/lang/Object;)Ljava/lang/Object;' in 'java/lang/invoke/Invokers$Holder')}
  0x000001e3f105c798: 1001 49b8 | 606a 29c5 | e301 0000 | 4983 8048 | 0100 0001 

  0x000001e3f105c7ac: ;   {metadata(method data for {method} {0x000001e3840b6bc8} 'newInvokeSpecial' '(Ljava/lang/Object;Ljava/lang/Object;)Ljava/lang/Object;' in 'java/lang/invoke/DirectMethodHandle$Holder')}
  0x000001e3f105c7ac: 49b8 68cc | 29c5 e301 | 0000 418b | b8cc 0000 | 0083 c702 | 4189 b8cc | 0000 0081 | e7fe ff1f 
  0x000001e3f105c7cc: 0083 ff00 | 0f84 4c52 

  0x000001e3f105c7d4: ;   {metadata(method data for {method} {0x000001e3840b6bc8} 'newInvokeSpecial' '(Ljava/lang/Object;Ljava/lang/Object;)Ljava/lang/Object;' in 'java/lang/invoke/DirectMethodHandle$Holder')}
  0x000001e3f105c7d4: 0000 49b8 | 68cc 29c5 | e301 0000 | 4d8d 8020 | 0100 0048 | 8bfe 4885 | ff75 0549 | 8348 0801 
  0x000001e3f105c7f4: ;   {metadata(method data for {method} {0x000001e3840b6bc8} 'newInvokeSpecial' '(Ljava/lang/Object;Ljava/lang/Object;)Ljava/lang/Object;' in 'java/lang/invoke/DirectMethodHandle$Holder')}
  0x000001e3f105c7f4: 49b8 68cc | 29c5 e301 | 0000 4983 | 8010 0100 

  0x000001e3f105c804: ;   {metadata(method data for {method} {0x000001e3840a34b0} 'allocateInstance' '(Ljava/lang/Object;)Ljava/lang/Object;' in 'java/lang/invoke/DirectMethodHandle')}
  0x000001e3f105c804: 0001 49b8 | 2077 1ec5 | e301 0000 | 418b b8cc | 0000 0083 | c702 4189 | b8cc 0000 | 0081 e7fe 
  0x000001e3f105c824: ff1f 0083 | ff00 0f84 | 1352 0000 

  0x000001e3f105c830: ;   {oop(a 'jdk/internal/misc/Unsafe'{0x00000000c1f00210})}
  0x000001e3f105c830: 48bf 1002 | f0c1 0000 | 0000 4c8b 

  0x000001e3f105c83c: ;   {metadata(method data for {method} {0x000001e3840a34b0} 'allocateInstance' '(Ljava/lang/Object;)Ljava/lang/Object;' in 'java/lang/invoke/DirectMethodHandle')}
  0x000001e3f105c83c: c748 bb20 | 771e c5e3 | 0100 0048 | 8383 4801 

  0x000001e3f105c84c: ;   {oop(a 'java/lang/Class'{0x00000000c2ad04f8} = 'org/springframework/beans/factory/support/AbstractBeanFactory$$Lambda+0x000001e3851afb28')}
  0x000001e3f105c84c: 0000 0149 | b8f8 04ad | c200 0000 | 0048 8bd7 | 4889 b424 | 1001 0000 

  0x000001e3f105c864: ;   {optimized virtual_call}
  0x000001e3f105c864: 6666 90e8 

  0x000001e3f105c868: ; ImmutableOopMap {[208]=Oop [216]=Oop [232]=Oop [240]=Oop [256]=Oop [272]=Oop }
                      ;*invokevirtual allocateInstance {reexecute=0 rethrow=0 return_oop=0}
                      ; - java.lang.invoke.DirectMethodHandle::allocateInstance@12 (line 501)
                      ; - java.lang.invoke.DirectMethodHandle$Holder::newInvokeSpecial@1
                      ; - java.lang.invoke.Invokers$Holder::linkToTargetMethod@5
                      ; - org.springframework.beans.factory.support.AbstractBeanFactory::doGetBean@254 (line 298)
  0x000001e3f105c868: f4d6 5a07 

  0x000001e3f105c86c: ;   {other}
  0x000001e3f105c86c: 0f1f 8400 | 5c19 0007 

  0x000001e3f105c874: ;   {metadata(method data for {method} {0x000001e3840b6bc8} 'newInvokeSpecial' '(Ljava/lang/Object;Ljava/lang/Object;)Ljava/lang/Object;' in 'java/lang/invoke/DirectMethodHandle$Holder')}
  0x000001e3f105c874: 49b8 68cc | 29c5 e301 | 0000 4d8d | 8030 0100 | 0048 8bd0 | 4885 d275 | 0449 8308 

  0x000001e3f105c890: ;   {metadata(method data for {method} {0x000001e3840b6bc8} 'newInvokeSpecial' '(Ljava/lang/Object;Ljava/lang/Object;)Ljava/lang/Object;' in 'java/lang/invoke/DirectMethodHandle$Holder')}
  0x000001e3f105c890: 0149 b868 | cc29 c5e3 | 0100 004d | 8d80 5001 | 0000 488b | b424 1001 | 0000 488b | d648 85d2 
  0x000001e3f105c8b0: 7505 4983 

  0x000001e3f105c8b4: ;   {metadata(method data for {method} {0x000001e3840b6bc8} 'newInvokeSpecial' '(Ljava/lang/Object;Ljava/lang/Object;)Ljava/lang/Object;' in 'java/lang/invoke/DirectMethodHandle$Holder')}
  0x000001e3f105c8b4: 4808 0149 | b868 cc29 | c5e3 0100 | 0049 8380 | 4001 0000 

  0x000001e3f105c8c8: ;   {metadata(method data for {method} {0x000001e3840a3f58} 'constructorMethod' '(Ljava/lang/Object;)Ljava/lang/Object;' in 'java/lang/invoke/DirectMethodHandle')}
  0x000001e3f105c8c8: 0149 b898 | db23 c5e3 | 0100 0041 | 8b90 cc00 | 0000 83c2 | 0241 8990 | cc00 0000 | 81e2 feff 
  0x000001e3f105c8e8: 1f00 83fa | 000f 8471 

  0x000001e3f105c8f0: ;   {metadata(method data for {method} {0x000001e3840b6bc8} 'newInvokeSpecial' '(Ljava/lang/Object;Ljava/lang/Object;)Ljava/lang/Object;' in 'java/lang/invoke/DirectMethodHandle$Holder')}
  0x000001e3f105c8f0: 5100 0049 | b868 cc29 | c5e3 0100 | 004d 8d80 | 6001 0000 

  0x000001e3f105c904: ;   {oop(a 'java/lang/invoke/MemberName'{0x00000000c2a81b40} = {method} {0x000001e3c5adb3b8} '<init>' '(Ljava/lang/Class;)V' in 'org/springframework/beans/factory/support/AbstractBeanFactory$$Lambda+0x000001e3851afb28')}
  0x000001e3f105c904: 48ba 401b | a8c2 0000 | 0000 4885 | d275 0449 | 8308 0148 

  0x000001e3f105c918: ;   {metadata(method data for {method} {0x000001e3840b6bc8} 'newInvokeSpecial' '(Ljava/lang/Object;Ljava/lang/Object;)Ljava/lang/Object;' in 'java/lang/invoke/DirectMethodHandle$Holder')}
  0x000001e3f105c918: 3b00 49b8 | 68cc 29c5 | e301 0000 | 4d8d 80b8 | 0100 004c | 8b8c 24e8 | 0000 0049 | 8bd1 4885 
  0x000001e3f105c938: d275 0549 | 8348 1801 

  0x000001e3f105c940: ;   {metadata(method data for {method} {0x000001e3840b6bc8} 'newInvokeSpecial' '(Ljava/lang/Object;Ljava/lang/Object;)Ljava/lang/Object;' in 'java/lang/invoke/DirectMethodHandle$Holder')}
  0x000001e3f105c940: 4c8b c048 | ba68 cc29 | c5e3 0100 | 0048 8382 | a801 0000 

  0x000001e3f105c954: ;   {metadata(method data for {method} {0x000001e3c5adb3b8} '<init>' '(Ljava/lang/Class;)V' in 'org/springframework/beans/factory/support/AbstractBeanFactory$$Lambda+0x000001e3851afb28')}
  0x000001e3f105c954: 0149 b810 | d62b c6e3 | 0100 0041 | 8b90 cc00 | 0000 83c2 | 0241 8990 | cc00 0000 | 81e2 feff 
  0x000001e3f105c974: 1f00 83fa | 000f 840b | 5100 004c 

  0x000001e3f105c980: ;   {metadata(method data for {method} {0x000001e3c5adb3b8} '<init>' '(Ljava/lang/Class;)V' in 'org/springframework/beans/factory/support/AbstractBeanFactory$$Lambda+0x000001e3851afb28')}
  0x000001e3f105c980: 8bc0 48ba | 10d6 2bc6 | e301 0000 | 4883 8210 | 0100 0001 

  0x000001e3f105c994: ;   {metadata(method data for {method} {0x000001e38447c6a0} '<init>' '()V' in 'java/lang/Object')}
  0x000001e3f105c994: 49b8 207d | 00c5 e301 | 0000 418b | 90cc 0000 | 0083 c202 | 4189 90cc | 0000 0081 | e2fe ff1f 
  0x000001e3f105c9b4: 0083 fa00 | 0f84 ed50 | 0000 450f | be47 4041 | 83f8 000f | 85ff 5000 | 004d 8bd1 | 4489 500c 
  0x000001e3f105c9d4: 4c8b c04d | 33c1 49c1 | e814 4983 | f800 0f85 | 0051 0000 

  0x000001e3f105c9e8: ;   {metadata(method data for {method} {0x000001e3840b09b0} 'linkToTargetMethod' '(Ljava/lang/Object;Ljava/lang/Object;)Ljava/lang/Object;' in 'java/lang/invoke/Invokers$Holder')}
  0x000001e3f105c9e8: 49b8 606a | 29c5 e301 | 0000 4d8d | 8090 0100 | 0048 8bd0 | 4885 d275 | 0449 8308 

  0x000001e3f105ca04: ;   {metadata(method data for {method} {0x000001e3c58d6950} 'doGetBean' '(Ljava/lang/String;Ljava/lang/Class;[Ljava/lang/Object;Z)Ljava/lang/Object;' in 'org/springframework/beans/factory/support/AbstractBeanFactory')}
  0x000001e3f105ca04: 0149 b800 | b12b c6e3 | 0100 004d | 8d80 c007 | 0000 488b | d048 85d2 | 7506 4983 | 0801 eb42 
  0x000001e3f105ca24: 8b52 0849 | ba00 0000 | 84e3 0100 | 0049 03d2 | 4933 1048 | f7c2 fcff | ffff 7426 | f6c2 0275 
  0x000001e3f105ca44: 2149 8338 | 0074 1849 | 8338 0174 | 1249 3310 | 48f7 c2fc | ffff ff74 | 0949 8308 | 02eb 0349 
  0x000001e3f105ca64: ;   {oop(a 'org/springframework/core/metrics/DefaultApplicationStartup$DefaultStartupStep'{0x00000000c27951b8})}
  0x000001e3f105ca64: 8910 49b8 | b851 79c2 | 0000 0000 

  0x000001e3f105ca70: ;   {metadata(method data for {method} {0x000001e3c58d6950} 'doGetBean' '(Ljava/lang/String;Ljava/lang/Class;[Ljava/lang/Object;Z)Ljava/lang/Object;' in 'org/springframework/beans/factory/support/AbstractBeanFactory')}
  0x000001e3f105ca70: 48ba 00b1 | 2bc6 e301 

  0x000001e3f105ca78: ;   {metadata('org/springframework/core/metrics/DefaultApplicationStartup$DefaultStartupStep')}
  0x000001e3f105ca78: 0000 49ba | 182c 0285 | e301 0000 | 4c89 92e0 | 0700 0048 | 8382 e807 

  0x000001e3f105ca90: ;   {metadata(method data for {method} {0x000001e3c54d0140} 'tag' '(Ljava/lang/String;Ljava/util/function/Supplier;)Lorg/springframework/core/metrics/StartupStep;' in 'org/springframework/core/metrics/DefaultApplicationStartup$DefaultStartupStep')}
  0x000001e3f105ca90: 0000 0149 | b868 d72b | c6e3 0100 | 0041 8b90 | cc00 0000 | 83c2 0241 | 8990 cc00 | 0000 81e2 
  0x000001e3f105cab0: feff 1f00 | 83fa 000f | 8443 5000 | 0048 8b94 | 24d0 0000 

  0x000001e3f105cac4: ;   {metadata(method data for {method} {0x000001e3c58d6950} 'doGetBean' '(Ljava/lang/String;Ljava/lang/Class;[Ljava/lang/Object;Z)Ljava/lang/Object;' in 'org/springframework/beans/factory/support/AbstractBeanFactory')}
  0x000001e3f105cac4: 0049 b800 | b12b c6e3 | 0100 008b | 5208 49ba | 0000 0084 | e301 0000 | 4903 d249 | 3b90 1808 
  0x000001e3f105cae4: 0000 750d | 4983 8020 | 0800 0001 | e960 0000 | 0049 3b90 | 2808 0000 | 750d 4983 | 8030 0800 
  0x000001e3f105cb04: 0001 e94a | 0000 0049 | 83b8 1808 | 0000 0075 | 1749 8990 | 1808 0000 | 49c7 8020 | 0800 0001 
  0x000001e3f105cb24: 0000 00e9 | 2900 0000 | 4983 b828 | 0800 0000 | 7517 4989 | 9028 0800 | 0049 c780 | 3008 0000 
  0x000001e3f105cb44: 0100 0000 | e908 0000 | 0049 8380 | 0808 0000 | 014c 8b84 | 2400 0100 | 0048 8b94 | 24d0 0000 
  0x000001e3f105cb64: ;   {optimized virtual_call}
  0x000001e3f105cb64: 0066 90e8 

  0x000001e3f105cb68: ; ImmutableOopMap {[208]=Oop [216]=Oop [232]=Oop [240]=Oop [256]=Oop }
                      ;*invokevirtual getMergedLocalBeanDefinition {reexecute=0 rethrow=0 return_oop=0}
                      ; - org.springframework.beans.factory.support.AbstractBeanFactory::doGetBean@268 (line 300)
  0x000001e3f105cb68: f458 6f07 

  0x000001e3f105cb6c: ;   {other}
  0x000001e3f105cb6c: 0f1f 8400 | 5c1c 0008 | 4889 8424 | 3001 0000 | 488b 9424 | d000 0000 

  0x000001e3f105cb84: ;   {metadata(method data for {method} {0x000001e3c58d6950} 'doGetBean' '(Ljava/lang/String;Ljava/lang/Class;[Ljava/lang/Object;Z)Ljava/lang/Object;' in 'org/springframework/beans/factory/support/AbstractBeanFactory')}
  0x000001e3f105cb84: 49b8 00b1 | 2bc6 e301 | 0000 8b52 | 0849 ba00 | 0000 84e3 | 0100 0049 | 03d2 493b | 9050 0800 
  0x000001e3f105cba4: 0075 0d49 | 8380 5808 | 0000 01e9 | 6000 0000 | 493b 9060 | 0800 0075 | 0d49 8380 | 6808 0000 
  0x000001e3f105cbc4: 01e9 4a00 | 0000 4983 | b850 0800 | 0000 7517 | 4989 9050 | 0800 0049 | c780 5808 | 0000 0100 
  0x000001e3f105cbe4: 0000 e929 | 0000 0049 | 83b8 6008 | 0000 0075 | 1749 8990 | 6008 0000 | 49c7 8068 | 0800 0001 
  0x000001e3f105cc04: 0000 00e9 | 0800 0000 | 4983 8040 | 0800 0001 

  0x000001e3f105cc14: ;   {metadata(method data for {method} {0x000001e3c58db848} 'checkMergedBeanDefinition' '(Lorg/springframework/beans/factory/support/RootBeanDefinition;Ljava/lang/String;[Ljava/lang/Object;)V' in 'org/springframework/beans/factory/support/AbstractBeanFactory')}
  0x000001e3f105cc14: 49b8 20db | 2bc6 e301 | 0000 458b | 88cc 0000 | 0041 83c1 | 0245 8988 | cc00 0000 | 4181 e1fe 
  0x000001e3f105cc34: ff1f 0041 | 83f9 000f | 84e0 4e00 | 0048 3b00 

  0x000001e3f105cc44: ;   {metadata(method data for {method} {0x000001e3c58db848} 'checkMergedBeanDefinition' '(Lorg/springframework/beans/factory/support/RootBeanDefinition;Ljava/lang/String;[Ljava/lang/Object;)V' in 'org/springframework/beans/factory/support/AbstractBeanFactory')}
  0x000001e3f105cc44: 4c8b c049 | b920 db2b | c6e3 0100 | 0045 8b40 | 0849 ba00 | 0000 84e3 | 0100 004d | 03c2 4d3b 
  0x000001e3f105cc64: 8120 0100 | 0075 0d49 | 8381 2801 | 0000 01e9 | 6000 0000 | 4d3b 8130 | 0100 0075 | 0d49 8381 
  0x000001e3f105cc84: 3801 0000 | 01e9 4a00 | 0000 4983 | b920 0100 | 0000 7517 | 4d89 8120 | 0100 0049 | c781 2801 
  0x000001e3f105cca4: 0000 0100 | 0000 e929 | 0000 0049 | 83b9 3001 | 0000 0075 | 174d 8981 | 3001 0000 | 49c7 8138 
  0x000001e3f105ccc4: 0100 0001 | 0000 00e9 | 0800 0000 | 4983 8110 | 0100 0001 | 440f be40 | 2041 83e0 | 0141 83f8 
  0x000001e3f105cce4: ;   {metadata(method data for {method} {0x000001e3c58db848} 'checkMergedBeanDefinition' '(Lorg/springframework/beans/factory/support/RootBeanDefinition;Ljava/lang/String;[Ljava/lang/Object;)V' in 'org/springframework/beans/factory/support/AbstractBeanFactory')}
  0x000001e3f105cce4: 0049 b820 | db2b c6e3 | 0100 0049 | b958 0100 | 0000 0000 | 000f 850a | 0000 0049 | b948 0100 
  0x000001e3f105cd04: 0000 0000 | 004b 8b14 | 0848 8d52 | 014b 8914 | 080f 85d1 | 3c00 004c 

  0x000001e3f105cd1c: ;   {metadata(method data for {method} {0x000001e3c58d6950} 'doGetBean' '(Ljava/lang/String;Ljava/lang/Class;[Ljava/lang/Object;Z)Ljava/lang/Object;' in 'org/springframework/beans/factory/support/AbstractBeanFactory')}
  0x000001e3f105cd1c: 8bc0 49b9 | 00b1 2bc6 | e301 0000 | 458b 4008 | 49ba 0000 | 0084 e301 | 0000 4d03 | c24d 3b81 
  0x000001e3f105cd3c: 8808 0000 | 750d 4983 | 8190 0800 | 0001 e960 | 0000 004d | 3b81 9808 | 0000 750d | 4983 81a0 
  0x000001e3f105cd5c: 0800 0001 | e94a 0000 | 0049 83b9 | 8808 0000 | 0075 174d | 8981 8808 | 0000 49c7 | 8190 0800 
  0x000001e3f105cd7c: 0001 0000 | 00e9 2900 | 0000 4983 | b998 0800 | 0000 7517 | 4d89 8198 | 0800 0049 | c781 a008 
  0x000001e3f105cd9c: 0000 0100 | 0000 e908 | 0000 0049 | 8381 7808 | 0000 018b | 7034 4889 | b424 2801 | 0000 4883 
  0x000001e3f105cdbc: ;   {metadata(method data for {method} {0x000001e3c58d6950} 'doGetBean' '(Ljava/lang/String;Ljava/lang/Class;[Ljava/lang/Object;Z)Ljava/lang/Object;' in 'org/springframework/beans/factory/support/AbstractBeanFactory')}
  0x000001e3f105cdbc: fe00 49b8 | 00b1 2bc6 | e301 0000 | 49b9 b008 | 0000 0000 | 0000 0f84 | 0a00 0000 | 49b9 c008 
  0x000001e3f105cddc: 0000 0000 | 0000 4b8b | 1408 488d | 5201 4b89 | 1408 0f84 | 5b03 0000 

  0x000001e3f105cdf4: ; implicit exception: dispatches to 0x000001e3f1061b47
  0x000001e3f105cdf4: 8b7e 0c89 | bc24 2001 | 0000 bb00 | 0000 000f | 1f44 0000 | 488b 8424 | 0001 0000 | 488b 9424 
  0x000001e3f105ce14: d000 0000 

  0x000001e3f105ce18: ;   {metadata(method data for {method} {0x000001e3c58d6950} 'doGetBean' '(Ljava/lang/String;Ljava/lang/Class;[Ljava/lang/Object;Z)Ljava/lang/Object;' in 'org/springframework/beans/factory/support/AbstractBeanFactory')}
  0x000001e3f105ce18: 3bdf 49b8 | 00b1 2bc6 | e301 0000 | 49b9 d008 | 0000 0000 | 0000 0f8d | 0a00 0000 | 49b9 e008 
  0x000001e3f105ce38: 0000 0000 | 0000 4f8b | 1c08 4d8d | 5b01 4f89 | 1c08 0f8d | ef02 0000 | 4c63 c346 | 8b5c 8610 
  0x000001e3f105ce58: ;   {metadata(method data for {method} {0x000001e3c58d6950} 'doGetBean' '(Ljava/lang/String;Ljava/lang/Class;[Ljava/lang/Object;Z)Ljava/lang/Object;' in 'org/springframework/beans/factory/support/AbstractBeanFactory')}
  0x000001e3f105ce58: 4c8b c249 | b900 b12b | c6e3 0100 | 0045 8b40 | 0849 ba00 | 0000 84e3 | 0100 004d | 03c2 4d3b 
  0x000001e3f105ce78: 8100 0900 | 0075 0d49 | 8381 0809 | 0000 01e9 | 6000 0000 | 4d3b 8110 | 0900 0075 | 0d49 8381 
  0x000001e3f105ce98: 1809 0000 | 01e9 4a00 | 0000 4983 | b900 0900 | 0000 7517 | 4d89 8100 | 0900 0049 | c781 0809 
  0x000001e3f105ceb8: 0000 0100 | 0000 e929 | 0000 0049 | 83b9 1009 | 0000 0075 | 174d 8981 | 1009 0000 | 49c7 8118 
  0x000001e3f105ced8: 0900 0001 | 0000 00e9 | 0800 0000 | 4983 81f0 | 0800 0001 | 4c8b c04d | 8bcb 4c8b | ea49 8bd5 
  0x000001e3f105cef8: 899c 24e4 | 0000 0048 | 8984 2400 | 0100 004c | 899c 2418 

  0x000001e3f105cf0c: ;   {optimized virtual_call}
  0x000001e3f105cf0c: 0100 00e8 

  0x000001e3f105cf10: ; ImmutableOopMap {[208]=Oop [216]=Oop [232]=Oop [240]=Oop [256]=Oop [280]=Oop [296]=Oop [304]=Oop }
                      ;*invokevirtual isDependent {reexecute=0 rethrow=0 return_oop=0}
                      ; - org.springframework.beans.factory.support.AbstractBeanFactory::doGetBean@325 (line 307)
  0x000001e3f105cf10: 7155 0000 

  0x000001e3f105cf14: ;   {other}
  0x000001e3f105cf14: 0f1f 8400 | 0420 0009 

  0x000001e3f105cf1c: ;   {metadata(method data for {method} {0x000001e3c58d6950} 'doGetBean' '(Ljava/lang/String;Ljava/lang/Class;[Ljava/lang/Object;Z)Ljava/lang/Object;' in 'org/springframework/beans/factory/support/AbstractBeanFactory')}
  0x000001e3f105cf1c: 83f8 0049 | b800 b12b | c6e3 0100 | 0049 b938 | 0900 0000 | 0000 000f | 850a 0000 | 0049 b928 
  0x000001e3f105cf3c: 0900 0000 | 0000 004b | 8b14 0848 | 8d52 014b | 8914 080f | 851c 1d00 | 0048 8b94 | 24d0 0000 
  0x000001e3f105cf5c: ;   {metadata(method data for {method} {0x000001e3c58d6950} 'doGetBean' '(Ljava/lang/String;Ljava/lang/Class;[Ljava/lang/Object;Z)Ljava/lang/Object;' in 'org/springframework/beans/factory/support/AbstractBeanFactory')}
  0x000001e3f105cf5c: 0049 b800 | b12b c6e3 | 0100 008b | 5208 49ba | 0000 0084 | e301 0000 | 4903 d249 | 3b90 e009 
  0x000001e3f105cf7c: 0000 750d | 4983 80e8 | 0900 0001 | e960 0000 | 0049 3b90 | f009 0000 | 750d 4983 | 80f8 0900 
  0x000001e3f105cf9c: 0001 e94a | 0000 0049 | 83b8 e009 | 0000 0075 | 1749 8990 | e009 0000 | 49c7 80e8 | 0900 0001 
  0x000001e3f105cfbc: 0000 00e9 | 2900 0000 | 4983 b8f0 | 0900 0000 | 7517 4989 | 90f0 0900 | 0049 c780 | f809 0000 
  0x000001e3f105cfdc: 0100 0000 | e908 0000 | 0049 8380 | d009 0000 | 014c 8b84 | 2418 0100 | 004c 8b8c | 2400 0100 
  0x000001e3f105cffc: 0048 8b94 | 24d0 0000 

  0x000001e3f105d004: ;   {optimized virtual_call}
  0x000001e3f105d004: 0066 90e8 

  0x000001e3f105d008: ; ImmutableOopMap {[208]=Oop [216]=Oop [232]=Oop [240]=Oop [256]=Oop [280]=Oop [296]=Oop [304]=Oop }
                      ;*invokevirtual registerDependentBean {reexecute=0 rethrow=0 return_oop=0}
                      ; - org.springframework.beans.factory.support.AbstractBeanFactory::doGetBean@360 (line 311)
  0x000001e3f105d008: 8954 0000 

  0x000001e3f105d00c: ;   {other}
  0x000001e3f105d00c: 0f1f 8400 | fc20 000a | 488b 9424 | d000 0000 

  0x000001e3f105d01c: ;   {metadata(method data for {method} {0x000001e3c58d6950} 'doGetBean' '(Ljava/lang/String;Ljava/lang/Class;[Ljava/lang/Object;Z)Ljava/lang/Object;' in 'org/springframework/beans/factory/support/AbstractBeanFactory')}
  0x000001e3f105d01c: 49b8 00b1 | 2bc6 e301 | 0000 8b52 | 0849 ba00 | 0000 84e3 | 0100 0049 | 03d2 493b | 9018 0a00 
  0x000001e3f105d03c: 0075 0d49 | 8380 200a | 0000 01e9 | 6000 0000 | 493b 9028 | 0a00 0075 | 0d49 8380 | 300a 0000 
  0x000001e3f105d05c: 01e9 4a00 | 0000 4983 | b818 0a00 | 0000 7517 | 4989 9018 | 0a00 0049 | c780 200a | 0000 0100 
  0x000001e3f105d07c: 0000 e929 | 0000 0049 | 83b8 280a | 0000 0075 | 1749 8990 | 280a 0000 | 49c7 8030 | 0a00 0001 
  0x000001e3f105d09c: 0000 00e9 | 0800 0000 | 4983 8008 | 0a00 0001 | 4c8b 8424 | 1801 0000 | 488b 9424 | d000 0000 
  0x000001e3f105d0bc: ;   {optimized virtual_call}
  0x000001e3f105d0bc: 6666 90e8 

  0x000001e3f105d0c0: ; ImmutableOopMap {[208]=Oop [216]=Oop [232]=Oop [240]=Oop [256]=Oop [280]=Oop [296]=Oop [304]=Oop }
                      ;*invokevirtual getBean {reexecute=0 rethrow=0 return_oop=0}
                      ; - org.springframework.beans.factory.support.AbstractBeanFactory::doGetBean@366 (line 313)
  0x000001e3f105d0c0: e153 0000 

  0x000001e3f105d0c4: ;   {other}
  0x000001e3f105d0c4: 0f1f 8400 | b421 000b 

  0x000001e3f105d0cc: ;   {metadata(method data for {method} {0x000001e3c58d6950} 'doGetBean' '(Ljava/lang/String;Ljava/lang/Class;[Ljava/lang/Object;Z)Ljava/lang/Object;' in 'org/springframework/beans/factory/support/AbstractBeanFactory')}
  0x000001e3f105d0cc: 49b8 00b1 | 2bc6 e301 | 0000 41ff | 8040 0a00 | 008b 9c24 | e400 0000 

  0x000001e3f105d0e4: ;   {metadata(method data for {method} {0x000001e3c58d6950} 'doGetBean' '(Ljava/lang/String;Ljava/lang/Class;[Ljava/lang/Object;Z)Ljava/lang/Object;' in 'org/springframework/beans/factory/support/AbstractBeanFactory')}
  0x000001e3f105d0e4: ffc3 49b8 | 00b1 2bc6 | e301 0000 | 418b 90d0 | 0000 0083 | c202 4189 | 90d0 0000 | 0081 e2fe 
  0x000001e3f105d104: 3f00 0083 | fa00 0f84 | 3c4a 0000 | 4d8b 9758 

  0x000001e3f105d114: ; ImmutableOopMap {[208]=Oop [216]=Oop [232]=Oop [240]=Oop [256]=Oop [296]=Oop [304]=Oop }
                      ;*goto {reexecute=1 rethrow=0 return_oop=0}
                      ; - (reexecute) org.springframework.beans.factory.support.AbstractBeanFactory::doGetBean@451 (line 306)
                      ;   {poll}
  0x000001e3f105d114: 0400 0041 

  0x000001e3f105d118: ;   {metadata(method data for {method} {0x000001e3c58d6950} 'doGetBean' '(Ljava/lang/String;Ljava/lang/Class;[Ljava/lang/Object;Z)Ljava/lang/Object;' in 'org/springframework/beans/factory/support/AbstractBeanFactory')}
  0x000001e3f105d118: 8502 49b8 | 00b1 2bc6 | e301 0000 | 41ff 8030 | 0c00 008b | bc24 2001 | 0000 488b | b424 2801 
  0x000001e3f105d138: 0000 e9c9 | fcff ff48 | 8984 2400 | 0100 0048 | 8b84 2430 | 0100 004c 

  0x000001e3f105d150: ;   {metadata(method data for {method} {0x000001e3c58d6950} 'doGetBean' '(Ljava/lang/String;Ljava/lang/Class;[Ljava/lang/Object;Z)Ljava/lang/Object;' in 'org/springframework/beans/factory/support/AbstractBeanFactory')}
  0x000001e3f105d150: 8bc0 48ba | 00b1 2bc6 | e301 0000 | 458b 4008 | 49ba 0000 | 0084 e301 | 0000 4d03 | c24c 3b82 
  0x000001e3f105d170: 580c 0000 | 750d 4883 | 8260 0c00 | 0001 e960 | 0000 004c | 3b82 680c | 0000 750d | 4883 8270 
  0x000001e3f105d190: 0c00 0001 | e94a 0000 | 0048 83ba | 580c 0000 | 0075 174c | 8982 580c | 0000 48c7 | 8260 0c00 
  0x000001e3f105d1b0: 0001 0000 | 00e9 2900 | 0000 4883 | ba68 0c00 | 0000 7517 | 4c89 8268 | 0c00 0048 | c782 700c 
  0x000001e3f105d1d0: 0000 0100 | 0000 e908 | 0000 0048 | 8382 480c 

  0x000001e3f105d1e0: ;   {metadata(method data for {method} {0x000001e3c59044d8} 'isSingleton' '()Z' in 'org/springframework/beans/factory/support/AbstractBeanDefinition')}
  0x000001e3f105d1e0: 0000 0149 | b850 e52b | c6e3 0100 | 0041 8b90 | cc00 0000 | 83c2 0241 | 8990 cc00 | 0000 81e2 
  0x000001e3f105d200: feff 1f00 | 83fa 000f | 8460 4900 | 0044 8b40 

  0x000001e3f105d210: ;   {oop("singleton"{0x00000000c1f59980})}
  0x000001e3f105d210: 2c48 ba80 | 99f5 c100 | 0000 0048 

  0x000001e3f105d21c: ;   {metadata(method data for {method} {0x000001e3c59044d8} 'isSingleton' '()Z' in 'org/springframework/beans/factory/support/AbstractBeanDefinition')}
  0x000001e3f105d21c: 8bf2 48bf | 50e5 2bc6 | e301 0000 | 4883 8710 | 0100 0001 | 0f1f 8000 

  0x000001e3f105d234: ;   {optimized virtual_call}
  0x000001e3f105d234: 0000 00e8 

  0x000001e3f105d238: ; ImmutableOopMap {[208]=Oop [216]=Oop [232]=Oop [240]=Oop [256]=Oop [304]=Oop }
                      ;*invokevirtual equals {reexecute=0 rethrow=0 return_oop=0}
                      ; - org.springframework.beans.factory.support.AbstractBeanDefinition::isSingleton@7 (line 535)
                      ; - org.springframework.beans.factory.support.AbstractBeanFactory::doGetBean@456 (line 334)
  0x000001e3f105d238: 048a 6407 

  0x000001e3f105d23c: ;   {other}
  0x000001e3f105d23c: 0f1f 8400 | 2c23 000d 

  0x000001e3f105d244: ;   {metadata(method data for {method} {0x000001e3c59044d8} 'isSingleton' '()Z' in 'org/springframework/beans/factory/support/AbstractBeanDefinition')}
  0x000001e3f105d244: 83f8 0049 | b850 e52b | c6e3 0100 | 0048 ba48 | 0100 0000 | 0000 000f | 850a 0000 | 0048 ba58 
  0x000001e3f105d264: 0100 0000 | 0000 0049 | 8b34 1048 | 8d76 0149 | 8934 100f | 8578 0000 | 0048 8b84 | 2430 0100 
  0x000001e3f105d284: 0044 8b40 

  0x000001e3f105d288: ;   {oop(""{0x00000000c25f0ba8})}
  0x000001e3f105d288: 2c48 baa8 | 0b5f c200 | 0000 0048 

  0x000001e3f105d294: ;   {metadata(method data for {method} {0x000001e3c59044d8} 'isSingleton' '()Z' in 'org/springframework/beans/factory/support/AbstractBeanDefinition')}
  0x000001e3f105d294: 8bf2 48bf | 50e5 2bc6 | e301 0000 | 4883 8768 | 0100 0001 | 0f1f 8000 

  0x000001e3f105d2ac: ;   {optimized virtual_call}
  0x000001e3f105d2ac: 0000 00e8 

  0x000001e3f105d2b0: ; ImmutableOopMap {[208]=Oop [216]=Oop [232]=Oop [240]=Oop [256]=Oop [304]=Oop }
                      ;*invokevirtual equals {reexecute=0 rethrow=0 return_oop=0}
                      ; - org.springframework.beans.factory.support.AbstractBeanDefinition::isSingleton@19 (line 535)
                      ; - org.springframework.beans.factory.support.AbstractBeanFactory::doGetBean@456 (line 334)
  0x000001e3f105d2b0: cc17 ff06 

  0x000001e3f105d2b4: ;   {other}
  0x000001e3f105d2b4: 0f1f 8400 | a423 000e 

  0x000001e3f105d2bc: ;   {metadata(method data for {method} {0x000001e3c59044d8} 'isSingleton' '()Z' in 'org/springframework/beans/factory/support/AbstractBeanDefinition')}
  0x000001e3f105d2bc: 83f8 0049 | b850 e52b | c6e3 0100 | 0048 baa0 | 0100 0000 | 0000 000f | 840a 0000 | 0048 bab0 
  0x000001e3f105d2dc: 0100 0000 | 0000 0049 | 8b34 1048 | 8d76 0149 | 8934 100f | 841c 0000 

  0x000001e3f105d2f4: ;   {metadata(method data for {method} {0x000001e3c59044d8} 'isSingleton' '()Z' in 'org/springframework/beans/factory/support/AbstractBeanDefinition')}
  0x000001e3f105d2f4: 0049 b850 | e52b c6e3 | 0100 0041 | ff80 c001 | 0000 41b8 | 0100 0000 | e906 0000 | 0041 b800 
  0x000001e3f105d314: 0000 0041 | 83e0 0141 

  0x000001e3f105d31c: ;   {metadata(method data for {method} {0x000001e3c58d6950} 'doGetBean' '(Ljava/lang/String;Ljava/lang/Class;[Ljava/lang/Object;Z)Ljava/lang/Object;' in 'org/springframework/beans/factory/support/AbstractBeanFactory')}
  0x000001e3f105d31c: 83f8 0049 | b800 b12b | c6e3 0100 | 0048 ba80 | 0c00 0000 | 0000 000f | 840a 0000 | 0048 ba90 
  0x000001e3f105d33c: 0c00 0000 | 0000 0049 | 8b34 1048 | 8d76 0149 | 8934 100f | 8455 0900 | 0048 8b84 | 2400 0100 
  0x000001e3f105d35c: 0048 8b94 | 24d0 0000 

  0x000001e3f105d364: ;   {metadata(method data for {method} {0x000001e3c58d6950} 'doGetBean' '(Ljava/lang/String;Ljava/lang/Class;[Ljava/lang/Object;Z)Ljava/lang/Object;' in 'org/springframework/beans/factory/support/AbstractBeanFactory')}
  0x000001e3f105d364: 0049 b800 | b12b c6e3 | 0100 004d | 8d80 b00c | 0000 488b | da8b 5b08 | 49ba 0000 | 0084 e301 
  0x000001e3f105d384: 0000 4903 | da49 3358 | 0848 f7c3 | fcff ffff | 742b f6c3 | 0275 2649 | 8378 0800 | 741b 4983 
  0x000001e3f105d3a4: 7808 0174 | 1449 3358 | 0848 f7c3 | fcff ffff | 740b 4983 | 4808 02eb | 0449 8958 | 0848 8bd8 
  0x000001e3f105d3c4: 4885 db75 | 0549 8348 

  0x000001e3f105d3cc: ;   {metadata(method data for {method} {0x000001e3840b0b68} 'linkToTargetMethod' '(Ljava/lang/Object;Ljava/lang/Object;Ljava/lang/Object;Ljava/lang/Object;Ljava/lang/Object;)Ljava/lang/Object;' in 'java/lang/invoke/Invokers$Holder')}
  0x000001e3f105d3cc: 1801 49b8 | 8066 30c6 | e301 0000 | 4d8d 8028 | 0200 0048 | 8bda 8b5b | 0849 ba00 | 0000 84e3 
  0x000001e3f105d3ec: 0100 0049 | 03da 4933 | 1848 f7c3 | fcff ffff | 7426 f6c3 | 0275 2149 | 8338 0074 | 1849 8338 
  0x000001e3f105d40c: 0174 1249 | 3318 48f7 | c3fc ffff | ff74 0949 | 8308 02eb | 0349 8918 | 488b d848 | 85db 7507 
  0x000001e3f105d42c: 4983 4810 | 01eb 488b | 5b08 49ba | 0000 0084 | e301 0000 | 4903 da49 | 3358 1048 | f7c3 fcff 
  0x000001e3f105d44c: ffff 742b | f6c3 0275 | 2649 8378 | 1000 741b | 4983 7810 | 0174 1449 | 3358 1048 | f7c3 fcff 
  0x000001e3f105d46c: ffff 740b | 4983 4810 | 02eb 0449 

  0x000001e3f105d478: ;   {metadata(method data for {method} {0x000001e3c58d6950} 'doGetBean' '(Ljava/lang/String;Ljava/lang/Class;[Ljava/lang/Object;Z)Ljava/lang/Object;' in 'org/springframework/beans/factory/support/AbstractBeanFactory')}
  0x000001e3f105d478: 8958 1049 | b800 b12b | c6e3 0100 | 0049 8380 | a00c 0000 

  0x000001e3f105d48c: ;   {metadata(method data for {method} {0x000001e3840b0b68} 'linkToTargetMethod' '(Ljava/lang/Object;Ljava/lang/Object;Ljava/lang/Object;Ljava/lang/Object;Ljava/lang/Object;)Ljava/lang/Object;' in 'java/lang/invoke/Invokers$Holder')}
  0x000001e3f105d48c: 0149 b880 | 6630 c6e3 | 0100 0041 | 8b98 cc00 | 0000 83c3 | 0241 8998 | cc00 0000 | 81e3 feff 
  0x000001e3f105d4ac: 1f00 83fb | 000f 84d7 

  0x000001e3f105d4b4: ;   {metadata(method data for {method} {0x000001e3840b0b68} 'linkToTargetMethod' '(Ljava/lang/Object;Ljava/lang/Object;Ljava/lang/Object;Ljava/lang/Object;Ljava/lang/Object;)Ljava/lang/Object;' in 'java/lang/invoke/Invokers$Holder')}
  0x000001e3f105d4b4: 4600 0049 | b880 6630 | c6e3 0100 | 004d 8d80 | 8001 0000 | 488b da8b | 5b08 49ba | 0000 0084 
  0x000001e3f105d4d4: e301 0000 | 4903 da49 | 3358 0848 | f7c3 fcff | ffff 742b | f6c3 0275 | 2649 8378 | 0800 741b 
  0x000001e3f105d4f4: 4983 7808 | 0174 1449 | 3358 0848 | f7c3 fcff | ffff 740b | 4983 4808 | 02eb 0449 

  0x000001e3f105d510: ;   {metadata(method data for {method} {0x000001e3c55e42b0} 'newInvokeSpecial' '(Ljava/lang/Object;Ljava/lang/Object;Ljava/lang/Object;Ljava/lang/Object;Ljava/lang/Object;)Ljava/lang/Object;' in 'java/lang/invoke/LambdaForm$DMH+0x000001e385090400')}
  0x000001e3f105d510: 8958 0849 | b810 455e | c5e3 0100 | 004d 8d80 | 5802 0000 

  0x000001e3f105d524: ;   {oop(a 'java/lang/invoke/DirectMethodHandle$Constructor'{0x00000000c2a81a20})}
  0x000001e3f105d524: 48bb 201a | a8c2 0000 | 0000 488b | cb48 85c9 | 7506 4983 | 0801 eb3c 

  0x000001e3f105d53c: ;   {metadata('java/lang/invoke/DirectMethodHandle$Constructor')}
  0x000001e3f105d53c: 48b9 88d0 | 1484 e301 | 0000 4933 | 0848 f7c1 | fcff ffff | 7426 f6c1 | 0275 2149 | 8338 0074 
  0x000001e3f105d55c: 1849 8338 | 0174 1249 | 3308 48f7 | c1fc ffff | ff74 0949 | 8308 02eb | 0349 8908 | 488b ca8b 
  0x000001e3f105d57c: 4908 49ba | 0000 0084 | e301 0000 | 4903 ca49 | 3348 1048 | f7c1 fcff | ffff 742b | f6c1 0275 
  0x000001e3f105d59c: 2649 8378 | 1000 741b | 4983 7810 | 0174 1449 | 3348 1048 | f7c1 fcff | ffff 740b | 4983 4810 
  0x000001e3f105d5bc: 02eb 0449 

  0x000001e3f105d5c0: ;   {metadata(method data for {method} {0x000001e3840b0b68} 'linkToTargetMethod' '(Ljava/lang/Object;Ljava/lang/Object;Ljava/lang/Object;Ljava/lang/Object;Ljava/lang/Object;)Ljava/lang/Object;' in 'java/lang/invoke/Invokers$Holder')}
  0x000001e3f105d5c0: 8948 1049 | b880 6630 | c6e3 0100 | 0049 8380 | 4801 0000 

  0x000001e3f105d5d4: ;   {metadata(method data for {method} {0x000001e3c55e42b0} 'newInvokeSpecial' '(Ljava/lang/Object;Ljava/lang/Object;Ljava/lang/Object;Ljava/lang/Object;Ljava/lang/Object;)Ljava/lang/Object;' in 'java/lang/invoke/LambdaForm$DMH+0x000001e385090400')}
  0x000001e3f105d5d4: 0149 b810 | 455e c5e3 | 0100 0041 | 8b88 cc00 | 0000 83c1 | 0241 8988 | cc00 0000 | 81e1 feff 
  0x000001e3f105d5f4: 1f00 83f9 | 000f 84b0 

  0x000001e3f105d5fc: ;   {metadata(method data for {method} {0x000001e3c55e42b0} 'newInvokeSpecial' '(Ljava/lang/Object;Ljava/lang/Object;Ljava/lang/Object;Ljava/lang/Object;Ljava/lang/Object;)Ljava/lang/Object;' in 'java/lang/invoke/LambdaForm$DMH+0x000001e385090400')}
  0x000001e3f105d5fc: 4500 0049 | b810 455e | c5e3 0100 | 004d 8d80 | 2001 0000 | 488b cb48 | 85c9 7507 | 4983 4808 
  0x000001e3f105d61c: ;   {metadata('java/lang/invoke/DirectMethodHandle$Constructor')}
  0x000001e3f105d61c: 01eb 4248 | b988 d014 | 84e3 0100 | 0049 3348 | 0848 f7c1 | fcff ffff | 742b f6c1 | 0275 2649 
  0x000001e3f105d63c: 8378 0800 | 741b 4983 | 7808 0174 | 1449 3348 | 0848 f7c1 | fcff ffff | 740b 4983 | 4808 02eb 
  0x000001e3f105d65c: 0449 8948 

  0x000001e3f105d660: ;   {metadata(method data for {method} {0x000001e3c55e42b0} 'newInvokeSpecial' '(Ljava/lang/Object;Ljava/lang/Object;Ljava/lang/Object;Ljava/lang/Object;Ljava/lang/Object;)Ljava/lang/Object;' in 'java/lang/invoke/LambdaForm$DMH+0x000001e385090400')}
  0x000001e3f105d660: 0849 b810 | 455e c5e3 | 0100 0049 | 8380 1001 

  0x000001e3f105d670: ;   {metadata(method data for {method} {0x000001e3840a34b0} 'allocateInstance' '(Ljava/lang/Object;)Ljava/lang/Object;' in 'java/lang/invoke/DirectMethodHandle')}
  0x000001e3f105d670: 0000 0149 | b820 771e | c5e3 0100 | 0041 8b88 | cc00 0000 | 83c1 0241 | 8988 cc00 | 0000 81e1 
  0x000001e3f105d690: feff 1f00 | 83f9 000f | 8433 4500 

  0x000001e3f105d69c: ;   {oop(a 'jdk/internal/misc/Unsafe'{0x00000000c1f00210})}
  0x000001e3f105d69c: 0048 b910 | 02f0 c100 | 0000 004c 

  0x000001e3f105d6a8: ;   {metadata(method data for {method} {0x000001e3840a34b0} 'allocateInstance' '(Ljava/lang/Object;)Ljava/lang/Object;' in 'java/lang/invoke/DirectMethodHandle')}
  0x000001e3f105d6a8: 8bc1 49b9 | 2077 1ec5 | e301 0000 | 4983 8148 | 0100 0001 

  0x000001e3f105d6bc: ;   {oop(a 'java/lang/Class'{0x00000000c2ad0648} = 'org/springframework/beans/factory/support/AbstractBeanFactory$$Lambda+0x000001e3851b01f8')}
  0x000001e3f105d6bc: 49b8 4806 | adc2 0000 | 0000 488b | d148 8984 | 2400 0100 | 0048 899c | 2438 0100 | 0066 0f1f 
  0x000001e3f105d6dc: ;   {optimized virtual_call}
  0x000001e3f105d6dc: 4400 00e8 

  0x000001e3f105d6e0: ; ImmutableOopMap {[208]=Oop [216]=Oop [232]=Oop [240]=Oop [256]=Oop [304]=Oop [312]=Oop }
                      ;*invokevirtual allocateInstance {reexecute=0 rethrow=0 return_oop=0}
                      ; - java.lang.invoke.DirectMethodHandle::allocateInstance@12 (line 501)
                      ; - java.lang.invoke.LambdaForm$DMH/0x000001e385090400::newInvokeSpecial@1
                      ; - java.lang.invoke.Invokers$Holder::linkToTargetMethod@9
                      ; - org.springframework.beans.factory.support.AbstractBeanFactory::doGetBean@471 (line 335)
  0x000001e3f105d6e0: 7cc8 5a07 

  0x000001e3f105d6e4: ;   {other}
  0x000001e3f105d6e4: 0f1f 8400 | d427 000f 

  0x000001e3f105d6ec: ;   {metadata(method data for {method} {0x000001e3c55e42b0} 'newInvokeSpecial' '(Ljava/lang/Object;Ljava/lang/Object;Ljava/lang/Object;Ljava/lang/Object;Ljava/lang/Object;)Ljava/lang/Object;' in 'java/lang/invoke/LambdaForm$DMH+0x000001e385090400')}
  0x000001e3f105d6ec: 49b8 1045 | 5ec5 e301 | 0000 4d8d | 8030 0100 | 004c 8bc8 | 4d85 c975 | 0649 8308 | 01eb 4445 
  0x000001e3f105d70c: 8b49 0849 | ba00 0000 | 84e3 0100 | 004d 03ca | 4d33 0849 | f7c1 fcff | ffff 7427 | 41f6 c102 
  0x000001e3f105d72c: 7521 4983 | 3800 7418 | 4983 3801 | 7412 4d33 | 0849 f7c1 | fcff ffff | 7409 4983 | 0802 eb03 
  0x000001e3f105d74c: ;   {metadata(method data for {method} {0x000001e3c55e42b0} 'newInvokeSpecial' '(Ljava/lang/Object;Ljava/lang/Object;Ljava/lang/Object;Ljava/lang/Object;Ljava/lang/Object;)Ljava/lang/Object;' in 'java/lang/invoke/LambdaForm$DMH+0x000001e385090400')}
  0x000001e3f105d74c: 4d89 0849 | b810 455e | c5e3 0100 | 004d 8d80 | 5001 0000 | 488b 9c24 | 3801 0000 | 4c8b cb4d 
  0x000001e3f105d76c: 85c9 7507 | 4983 4808 

  0x000001e3f105d774: ;   {metadata('java/lang/invoke/DirectMethodHandle$Constructor')}
  0x000001e3f105d774: 01eb 4349 | b988 d014 | 84e3 0100 | 004d 3348 | 0849 f7c1 | fcff ffff | 742c 41f6 | c102 7526 
  0x000001e3f105d794: 4983 7808 | 0074 1b49 | 8378 0801 | 7414 4d33 | 4808 49f7 | c1fc ffff | ff74 0b49 | 8348 0802 
  0x000001e3f105d7b4: eb04 4d89 

  0x000001e3f105d7b8: ;   {metadata(method data for {method} {0x000001e3c55e42b0} 'newInvokeSpecial' '(Ljava/lang/Object;Ljava/lang/Object;Ljava/lang/Object;Ljava/lang/Object;Ljava/lang/Object;)Ljava/lang/Object;' in 'java/lang/invoke/LambdaForm$DMH+0x000001e385090400')}
  0x000001e3f105d7b8: 4808 49b8 | 1045 5ec5 | e301 0000 | 4983 8040 | 0100 0001 

  0x000001e3f105d7cc: ;   {metadata(method data for {method} {0x000001e3840a3f58} 'constructorMethod' '(Ljava/lang/Object;)Ljava/lang/Object;' in 'java/lang/invoke/DirectMethodHandle')}
  0x000001e3f105d7cc: 49b8 98db | 23c5 e301 | 0000 458b | 88cc 0000 | 0041 83c1 | 0245 8988 | cc00 0000 | 4181 e1fe 
  0x000001e3f105d7ec: ff1f 0041 | 83f9 000f | 84f8 4300 

  0x000001e3f105d7f8: ;   {metadata(method data for {method} {0x000001e3c55e42b0} 'newInvokeSpecial' '(Ljava/lang/Object;Ljava/lang/Object;Ljava/lang/Object;Ljava/lang/Object;Ljava/lang/Object;)Ljava/lang/Object;' in 'java/lang/invoke/LambdaForm$DMH+0x000001e385090400')}
  0x000001e3f105d7f8: 0049 b810 | 455e c5e3 | 0100 004d | 8d80 6001 

  0x000001e3f105d808: ;   {oop(a 'java/lang/invoke/MemberName'{0x00000000c2a81a98} = {method} {0x000001e3c5adc6b8} '<init>' '(Lorg/springframework/beans/factory/support/AbstractBeanFactory;Ljava/lang/String;Lorg/springframework/beans/factory/support/RootBeanDefinition;[Ljava/lang/Object;)V' in 'org/springframework/beans/factory/support/AbstractBeanFactory$$Lambda+0x000001e3851b01f8')}
  0x000001e3f105d808: 0000 49b9 | 981a a8c2 | 0000 0000 | 4d85 c975 | 0649 8308 

  0x000001e3f105d81c: ;   {metadata('java/lang/invoke/MemberName')}
  0x000001e3f105d81c: 01eb 3d49 | b960 3909 | 84e3 0100 | 004d 3308 | 49f7 c1fc | ffff ff74 | 2741 f6c1 | 0275 2149 
  0x000001e3f105d83c: 8338 0074 | 1849 8338 | 0174 124d | 3308 49f7 | c1fc ffff | ff74 0949 | 8308 02eb | 034d 8908 
  0x000001e3f105d85c: ; implicit exception: dispatches to 0x000001e3f1061c12
                      ;   {metadata(method data for {method} {0x000001e3c55e42b0} 'newInvokeSpecial' '(Ljava/lang/Object;Ljava/lang/Object;Ljava/lang/Object;Ljava/lang/Object;Ljava/lang/Object;)Ljava/lang/Object;' in 'java/lang/invoke/LambdaForm$DMH+0x000001e385090400')}
  0x000001e3f105d85c: 483b 0049 | b810 455e | c5e3 0100 | 004d 8d80 | b801 0000 

  0x000001e3f105d870: ;   {metadata('org/springframework/beans/factory/support/AbstractBeanFactory$$Lambda+0x000001e3851b01f8')}
  0x000001e3f105d870: 4c8b c849 | b9f8 011b | 85e3 0100 | 004d 3348 | 0849 f7c1 | fcff ffff | 742c 41f6 | c102 7526 
  0x000001e3f105d890: 4983 7808 | 0074 1b49 | 8378 0801 | 7414 4d33 | 4808 49f7 | c1fc ffff | ff74 0b49 | 8348 0802 
  0x000001e3f105d8b0: eb04 4d89 | 4808 488b | 9424 d000 | 0000 4c8b | ca45 8b49 | 0849 ba00 | 0000 84e3 | 0100 004d 
  0x000001e3f105d8d0: 03ca 4d33 | 4818 49f7 | c1fc ffff | ff74 2c41 | f6c1 0275 | 2649 8378 | 1800 741b | 4983 7818 
  0x000001e3f105d8f0: 0174 144d | 3348 1849 | f7c1 fcff | ffff 740b | 4983 4818 | 02eb 044d | 8948 184c 

  0x000001e3f105d90c: ;   {metadata(method data for {method} {0x000001e3c55e42b0} 'newInvokeSpecial' '(Ljava/lang/Object;Ljava/lang/Object;Ljava/lang/Object;Ljava/lang/Object;Ljava/lang/Object;)Ljava/lang/Object;' in 'java/lang/invoke/LambdaForm$DMH+0x000001e385090400')}
  0x000001e3f105d90c: 8bc0 49b9 | 1045 5ec5 | e301 0000 | 4983 81a8 | 0100 0001 

  0x000001e3f105d920: ;   {metadata(method data for {method} {0x000001e3c5adc6b8} '<init>' '(Lorg/springframework/beans/factory/support/AbstractBeanFactory;Ljava/lang/String;Lorg/springframework/beans/factory/support/RootBeanDefinition;[Ljava/lang/Object;)V' in 'org/springframework/beans/factory/support/AbstractBeanFactory$$Lambda+0x000001e3851b01f8')}
  0x000001e3f105d920: 49b8 68e7 | 2bc6 e301 | 0000 458b | 88cc 0000 | 0041 83c1 | 0245 8988 | cc00 0000 | 4181 e1fe 
  0x000001e3f105d940: ff1f 0041 | 83f9 000f | 84ca 4200 | 004c 8bc0 

  0x000001e3f105d950: ;   {metadata(method data for {method} {0x000001e3c5adc6b8} '<init>' '(Lorg/springframework/beans/factory/support/AbstractBeanFactory;Ljava/lang/String;Lorg/springframework/beans/factory/support/RootBeanDefinition;[Ljava/lang/Object;)V' in 'org/springframework/beans/factory/support/AbstractBeanFactory$$Lambda+0x000001e3851b01f8')}
  0x000001e3f105d950: 49b9 68e7 | 2bc6 e301 | 0000 4983 | 8110 0100 

  0x000001e3f105d960: ;   {metadata(method data for {method} {0x000001e38447c6a0} '<init>' '()V' in 'java/lang/Object')}
  0x000001e3f105d960: 0001 49b8 | 207d 00c5 | e301 0000 | 458b 88cc | 0000 0041 | 83c1 0245 | 8988 cc00 | 0000 4181 
  0x000001e3f105d980: e1fe ff1f | 0041 83f9 | 000f 84a9 | 4200 0045 | 0fbe 4740 | 4183 f800 | 0f85 bb42 | 0000 4c8b 
  0x000001e3f105d9a0: d244 8950 | 0c4c 8bc0 | 4c33 c249 | c1e8 1449 | 83f8 000f | 85bc 4200 | 0045 0fbe | 4740 4183 
  0x000001e3f105d9c0: f800 0f85 | c542 0000 | 488b b424 | 0001 0000 | 4c8b d644 | 8950 104c | 8bc0 4c33 | c649 c1e8 
  0x000001e3f105d9e0: 1449 83f8 | 000f 85be | 4200 0045 | 0fbe 4740 | 4183 f800 | 0f85 c742 | 0000 488b | bc24 3001 
  0x000001e3f105da00: 0000 4c8b | d744 8950 | 144c 8bc0 | 4c33 c749 | c1e8 1449 | 83f8 000f | 85c0 4200 | 0045 0fbe 
  0x000001e3f105da20: 4740 4183 | f800 0f85 | c942 0000 | 488b 9c24 | d800 0000 | 4c8b d344 | 8950 184c | 8bc0 4c33 
  0x000001e3f105da40: c349 c1e8 | 1449 83f8 | 000f 85c2 

  0x000001e3f105da4c: ;   {metadata(method data for {method} {0x000001e3840b0b68} 'linkToTargetMethod' '(Ljava/lang/Object;Ljava/lang/Object;Ljava/lang/Object;Ljava/lang/Object;Ljava/lang/Object;)Ljava/lang/Object;' in 'java/lang/invoke/Invokers$Holder')}
  0x000001e3f105da4c: 4200 0049 | b880 6630 | c6e3 0100 | 004d 8d80 | a001 0000 | 4c8b c84d | 85c9 7506 | 4983 0801 
  0x000001e3f105da6c: eb44 458b | 4908 49ba | 0000 0084 | e301 0000 | 4d03 ca4d | 3308 49f7 | c1fc ffff | ff74 2741 
  0x000001e3f105da8c: f6c1 0275 | 2149 8338 | 0074 1849 | 8338 0174 | 124d 3308 | 49f7 c1fc | ffff ff74 | 0949 8308 
  0x000001e3f105daac: 02eb 034d 

  0x000001e3f105dab0: ;   {metadata(method data for {method} {0x000001e3c58d6950} 'doGetBean' '(Ljava/lang/String;Ljava/lang/Class;[Ljava/lang/Object;Z)Ljava/lang/Object;' in 'org/springframework/beans/factory/support/AbstractBeanFactory')}
  0x000001e3f105dab0: 8908 49b8 | 00b1 2bc6 | e301 0000 | 4d8d 80d0 | 0c00 004c | 8bc8 4d85 | c975 0649 | 8308 01eb 
  0x000001e3f105dad0: 4445 8b49 | 0849 ba00 | 0000 84e3 | 0100 004d | 03ca 4d33 | 0849 f7c1 | fcff ffff | 7427 41f6 
  0x000001e3f105daf0: c102 7521 | 4983 3800 | 7418 4983 | 3801 7412 | 4d33 0849 | f7c1 fcff | ffff 7409 | 4983 0802 
  0x000001e3f105db10: eb03 4d89 | 084c 8bc2 

  0x000001e3f105db18: ;   {metadata(method data for {method} {0x000001e3c58d6950} 'doGetBean' '(Ljava/lang/String;Ljava/lang/Class;[Ljava/lang/Object;Z)Ljava/lang/Object;' in 'org/springframework/beans/factory/support/AbstractBeanFactory')}
  0x000001e3f105db18: 49b9 00b1 | 2bc6 e301 | 0000 458b | 4008 49ba | 0000 0084 | e301 0000 | 4d03 c24d | 3b81 f00c 
  0x000001e3f105db38: 0000 750d | 4983 81f8 | 0c00 0001 | e960 0000 | 004d 3b81 | 000d 0000 | 750d 4983 | 8108 0d00 
  0x000001e3f105db58: 0001 e94a | 0000 0049 | 83b9 f00c | 0000 0075 | 174d 8981 | f00c 0000 | 49c7 81f8 | 0c00 0001 
  0x000001e3f105db78: 0000 00e9 | 2900 0000 | 4983 b900 | 0d00 0000 | 7517 4d89 | 8100 0d00 | 0049 c781 | 080d 0000 
  0x000001e3f105db98: 0100 0000 | e908 0000 | 0049 8381 | e00c 0000 | 014c 8bc6 | 4c8b c848 | 8bda 488b | d348 89b4 
  0x000001e3f105dbb8: 2400 0100 

  0x000001e3f105dbbc: ;   {optimized virtual_call}
  0x000001e3f105dbbc: 0066 90e8 

  0x000001e3f105dbc0: ; ImmutableOopMap {[208]=Oop [232]=Oop [240]=Oop [256]=Oop [304]=Oop }
                      ;*invokevirtual getSingleton {reexecute=0 rethrow=0 return_oop=0}
                      ; - org.springframework.beans.factory.support.AbstractBeanFactory::doGetBean@476 (line 335)
  0x000001e3f105dbc0: f148 0000 

  0x000001e3f105dbc4: ;   {other}
  0x000001e3f105dbc4: 0f1f 8400 | b42c 0010 | 488b 9424 | d000 0000 

  0x000001e3f105dbd4: ;   {metadata(method data for {method} {0x000001e3c58d6950} 'doGetBean' '(Ljava/lang/String;Ljava/lang/Class;[Ljava/lang/Object;Z)Ljava/lang/Object;' in 'org/springframework/beans/factory/support/AbstractBeanFactory')}
  0x000001e3f105dbd4: 49b8 00b1 | 2bc6 e301 | 0000 8b52 | 0849 ba00 | 0000 84e3 | 0100 0049 | 03d2 493b | 9028 0d00 
  0x000001e3f105dbf4: 0075 0d49 | 8380 300d | 0000 01e9 | 6000 0000 | 493b 9038 | 0d00 0075 | 0d49 8380 | 400d 0000 
  0x000001e3f105dc14: 01e9 4a00 | 0000 4983 | b828 0d00 | 0000 7517 | 4989 9028 | 0d00 0049 | c780 300d | 0000 0100 
  0x000001e3f105dc34: 0000 e929 | 0000 0049 | 83b8 380d | 0000 0075 | 1749 8990 | 380d 0000 | 49c7 8040 | 0d00 0001 
  0x000001e3f105dc54: 0000 00e9 | 0800 0000 | 4983 8018 | 0d00 0001 | 4c8b c04c | 8b8c 24f0 | 0000 0048 | 8bbc 2400 
  0x000001e3f105dc74: 0100 0048 | 8bb4 2430 | 0100 0048 | 8b94 24d0 

  0x000001e3f105dc84: ;   {optimized virtual_call}
  0x000001e3f105dc84: 0000 00e8 

  0x000001e3f105dc88: ; ImmutableOopMap {[208]=Oop [232]=Oop [240]=Oop [256]=Oop }
                      ;*invokevirtual getObjectForBeanInstance {reexecute=0 rethrow=0 return_oop=0}
                      ; - org.springframework.beans.factory.support.AbstractBeanFactory::doGetBean@489 (line 347)
  0x000001e3f105dc88: 14a2 0000 

  0x000001e3f105dc8c: ;   {other}
  0x000001e3f105dc8c: 0f1f 8400 | 7c2d 0011 

  0x000001e3f105dc94: ;   {metadata(method data for {method} {0x000001e3c58d6950} 'doGetBean' '(Ljava/lang/String;Ljava/lang/Class;[Ljava/lang/Object;Z)Ljava/lang/Object;' in 'org/springframework/beans/factory/support/AbstractBeanFactory')}
  0x000001e3f105dc94: 49b8 00b1 | 2bc6 e301 | 0000 41ff | 8050 0d00 | 00e9 2b0b | 0000 488b | 8424 3001 | 0000 4c8b 
  0x000001e3f105dcb4: ;   {metadata(method data for {method} {0x000001e3c58d6950} 'doGetBean' '(Ljava/lang/String;Ljava/lang/Class;[Ljava/lang/Object;Z)Ljava/lang/Object;' in 'org/springframework/beans/factory/support/AbstractBeanFactory')}
  0x000001e3f105dcb4: c048 ba00 | b12b c6e3 | 0100 0045 | 8b40 0849 | ba00 0000 | 84e3 0100 | 004d 03c2 | 4c3b 8278 
  0x000001e3f105dcd4: 0d00 0075 | 0d48 8382 | 800d 0000 | 01e9 6000 | 0000 4c3b | 8288 0d00 | 0075 0d48 | 8382 900d 
  0x000001e3f105dcf4: 0000 01e9 | 4a00 0000 | 4883 ba78 | 0d00 0000 | 7517 4c89 | 8278 0d00 | 0048 c782 | 800d 0000 
  0x000001e3f105dd14: 0100 0000 | e929 0000 | 0048 83ba | 880d 0000 | 0075 174c | 8982 880d | 0000 48c7 | 8290 0d00 
  0x000001e3f105dd34: 0001 0000 | 00e9 0800 | 0000 4883 | 8268 0d00 

  0x000001e3f105dd44: ;   {metadata(method data for {method} {0x000001e3c5904598} 'isPrototype' '()Z' in 'org/springframework/beans/factory/support/AbstractBeanDefinition')}
  0x000001e3f105dd44: 0001 49b8 | f0ef 2bc6 | e301 0000 | 418b 90cc | 0000 0083 | c202 4189 | 90cc 0000 | 0081 e2fe 
  0x000001e3f105dd64: ff1f 0083 | fa00 0f84 | b93f 0000 | 448b 402c 

  0x000001e3f105dd74: ;   {oop("prototype"{0x00000000c1f59948})}
  0x000001e3f105dd74: 48ba 4899 | f5c1 0000 | 0000 488b 

  0x000001e3f105dd80: ;   {metadata(method data for {method} {0x000001e3c5904598} 'isPrototype' '()Z' in 'org/springframework/beans/factory/support/AbstractBeanDefinition')}
  0x000001e3f105dd80: f248 bbf0 | ef2b c6e3 | 0100 0048 | 8383 1001 | 0000 010f 

  0x000001e3f105dd94: ;   {optimized virtual_call}
  0x000001e3f105dd94: 1f40 00e8 

  0x000001e3f105dd98: ; ImmutableOopMap {[208]=Oop [216]=Oop [232]=Oop [240]=Oop [256]=Oop [304]=Oop }
                      ;*invokevirtual equals {reexecute=0 rethrow=0 return_oop=0}
                      ; - org.springframework.beans.factory.support.AbstractBeanDefinition::isPrototype@7 (line 545)
                      ; - org.springframework.beans.factory.support.AbstractBeanFactory::doGetBean@499 (line 350)
  0x000001e3f105dd98: e40c ff06 

  0x000001e3f105dd9c: ;   {other}
  0x000001e3f105dd9c: 0f1f 8400 | 8c2e 0012 | 83e0 0183 

  0x000001e3f105dda8: ;   {metadata(method data for {method} {0x000001e3c58d6950} 'doGetBean' '(Ljava/lang/String;Ljava/lang/Class;[Ljava/lang/Object;Z)Ljava/lang/Object;' in 'org/springframework/beans/factory/support/AbstractBeanFactory')}
  0x000001e3f105dda8: f800 49b8 | 00b1 2bc6 | e301 0000 | 48ba a00d | 0000 0000 | 0000 0f84 | 0a00 0000 | 48ba b00d 
  0x000001e3f105ddc8: 0000 0000 | 0000 498b | 3410 488d | 7601 4989 | 3410 0f84 | 4203 0000 | 488b 9424 | d000 0000 
  0x000001e3f105dde8: ;   {metadata(method data for {method} {0x000001e3c58d6950} 'doGetBean' '(Ljava/lang/String;Ljava/lang/Class;[Ljava/lang/Object;Z)Ljava/lang/Object;' in 'org/springframework/beans/factory/support/AbstractBeanFactory')}
  0x000001e3f105dde8: 49b8 00b1 | 2bc6 e301 | 0000 8b52 | 0849 ba00 | 0000 84e3 | 0100 0049 | 03d2 493b | 90d0 0d00 
  0x000001e3f105de08: 0075 0d49 | 8380 d80d | 0000 01e9 | 6000 0000 | 493b 90e0 | 0d00 0075 | 0d49 8380 | e80d 0000 
  0x000001e3f105de28: 01e9 4a00 | 0000 4983 | b8d0 0d00 | 0000 7517 | 4989 90d0 | 0d00 0049 | c780 d80d | 0000 0100 
  0x000001e3f105de48: 0000 e929 | 0000 0049 | 83b8 e00d | 0000 0075 | 1749 8990 | e00d 0000 | 49c7 80e8 | 0d00 0001 
  0x000001e3f105de68: 0000 00e9 | 0800 0000 | 4983 80c0 | 0d00 0001 | 4c8b 8424 | 0001 0000 | 488b 9424 | d000 0000 
  0x000001e3f105de88: 0f1f 8000 

  0x000001e3f105de8c: ;   {optimized virtual_call}
  0x000001e3f105de8c: 0000 00e8 

  0x000001e3f105de90: ; ImmutableOopMap {[208]=Oop [216]=Oop [232]=Oop [240]=Oop [256]=Oop [304]=Oop }
                      ;*invokevirtual beforePrototypeCreation {reexecute=0 rethrow=0 return_oop=0}
                      ; - org.springframework.beans.factory.support.AbstractBeanFactory::doGetBean@511 (line 354)
  0x000001e3f105de90: ec0b ff06 

  0x000001e3f105de94: ;   {other}
  0x000001e3f105de94: 0f1f 8400 | 842f 0013 | 488b 9424 | d000 0000 

  0x000001e3f105dea4: ;   {metadata(method data for {method} {0x000001e3c58d6950} 'doGetBean' '(Ljava/lang/String;Ljava/lang/Class;[Ljava/lang/Object;Z)Ljava/lang/Object;' in 'org/springframework/beans/factory/support/AbstractBeanFactory')}
  0x000001e3f105dea4: 49b8 00b1 | 2bc6 e301 | 0000 8b52 | 0849 ba00 | 0000 84e3 | 0100 0049 | 03d2 493b | 9008 0e00 
  0x000001e3f105dec4: 0075 0d49 | 8380 100e | 0000 01e9 | 6000 0000 | 493b 9018 | 0e00 0075 | 0d49 8380 | 200e 0000 
  0x000001e3f105dee4: 01e9 4a00 | 0000 4983 | b808 0e00 | 0000 7517 | 4989 9008 | 0e00 0049 | c780 100e | 0000 0100 
  0x000001e3f105df04: 0000 e929 | 0000 0049 | 83b8 180e | 0000 0075 | 1749 8990 | 180e 0000 | 49c7 8020 | 0e00 0001 
  0x000001e3f105df24: 0000 00e9 | 0800 0000 | 4983 80f8 | 0d00 0001 | 4c8b 8424 | 0001 0000 | 4c8b 8c24 | 3001 0000 
  0x000001e3f105df44: 488b bc24 | d800 0000 | 488b 9424 | d000 0000 

  0x000001e3f105df54: ;   {optimized virtual_call}
  0x000001e3f105df54: 6666 90e8 

  0x000001e3f105df58: ; ImmutableOopMap {[208]=Oop [232]=Oop [240]=Oop [256]=Oop [304]=Oop }
                      ;*invokevirtual createBean {reexecute=0 rethrow=0 return_oop=0}
                      ; - org.springframework.beans.factory.support.AbstractBeanFactory::doGetBean@520 (line 355)
  0x000001e3f105df58: 240b ff06 

  0x000001e3f105df5c: ;   {other}
  0x000001e3f105df5c: 0f1f 8400 | 4c30 0014 | 4889 8424 | 4001 0000 | 488b 9424 | d000 0000 

  0x000001e3f105df74: ;   {metadata(method data for {method} {0x000001e3c58d6950} 'doGetBean' '(Ljava/lang/String;Ljava/lang/Class;[Ljava/lang/Object;Z)Ljava/lang/Object;' in 'org/springframework/beans/factory/support/AbstractBeanFactory')}
  0x000001e3f105df74: 49b8 00b1 | 2bc6 e301 | 0000 8b52 | 0849 ba00 | 0000 84e3 | 0100 0049 | 03d2 493b | 9040 0e00 
  0x000001e3f105df94: 0075 0d49 | 8380 480e | 0000 01e9 | 6000 0000 | 493b 9050 | 0e00 0075 | 0d49 8380 | 580e 0000 
  0x000001e3f105dfb4: 01e9 4a00 | 0000 4983 | b840 0e00 | 0000 7517 | 4989 9040 | 0e00 0049 | c780 480e | 0000 0100 
  0x000001e3f105dfd4: 0000 e929 | 0000 0049 | 83b8 500e | 0000 0075 | 1749 8990 | 500e 0000 | 49c7 8058 | 0e00 0001 
  0x000001e3f105dff4: 0000 00e9 | 0800 0000 | 4983 8030 | 0e00 0001 | 4c8b 8424 | 0001 0000 | 488b 9424 | d000 0000 
  0x000001e3f105e014: ;   {optimized virtual_call}
  0x000001e3f105e014: 6666 90e8 

  0x000001e3f105e018: ; ImmutableOopMap {[208]=Oop [232]=Oop [240]=Oop [256]=Oop [304]=Oop [320]=Oop }
                      ;*invokevirtual afterPrototypeCreation {reexecute=0 rethrow=0 return_oop=0}
                      ; - org.springframework.beans.factory.support.AbstractBeanFactory::doGetBean@528 (line 358)
  0x000001e3f105e018: 640a ff06 

  0x000001e3f105e01c: ;   {other}
  0x000001e3f105e01c: 0f1f 8400 | 0c31 0015 

  0x000001e3f105e024: ;   {metadata(method data for {method} {0x000001e3c58d6950} 'doGetBean' '(Ljava/lang/String;Ljava/lang/Class;[Ljava/lang/Object;Z)Ljava/lang/Object;' in 'org/springframework/beans/factory/support/AbstractBeanFactory')}
  0x000001e3f105e024: 49b8 00b1 | 2bc6 e301 | 0000 41ff | 8068 0e00 | 0048 8b84 | 2440 0100 | 0048 8b94 | 24d0 0000 
  0x000001e3f105e044: ;   {metadata(method data for {method} {0x000001e3c58d6950} 'doGetBean' '(Ljava/lang/String;Ljava/lang/Class;[Ljava/lang/Object;Z)Ljava/lang/Object;' in 'org/springframework/beans/factory/support/AbstractBeanFactory')}
  0x000001e3f105e044: 0049 b800 | b12b c6e3 | 0100 008b | 5208 49ba | 0000 0084 | e301 0000 | 4903 d249 | 3b90 c80e 
  0x000001e3f105e064: 0000 750d | 4983 80d0 | 0e00 0001 | e960 0000 | 0049 3b90 | d80e 0000 | 750d 4983 | 80e0 0e00 
  0x000001e3f105e084: 0001 e94a | 0000 0049 | 83b8 c80e | 0000 0075 | 1749 8990 | c80e 0000 | 49c7 80d0 | 0e00 0001 
  0x000001e3f105e0a4: 0000 00e9 | 2900 0000 | 4983 b8d8 | 0e00 0000 | 7517 4989 | 90d8 0e00 | 0049 c780 | e00e 0000 
  0x000001e3f105e0c4: 0100 0000 | e908 0000 | 0049 8380 | b80e 0000 | 014c 8bc0 | 4c8b 8c24 | f000 0000 | 488b bc24 
  0x000001e3f105e0e4: 0001 0000 | 488b b424 | 3001 0000 | 488b 9424 | d000 0000 | 0f1f 8000 

  0x000001e3f105e0fc: ;   {optimized virtual_call}
  0x000001e3f105e0fc: 0000 00e8 

  0x000001e3f105e100: ; ImmutableOopMap {[208]=Oop [232]=Oop [240]=Oop [256]=Oop }
                      ;*invokevirtual getObjectForBeanInstance {reexecute=0 rethrow=0 return_oop=0}
                      ; - org.springframework.beans.factory.support.AbstractBeanFactory::doGetBean@553 (line 360)
  0x000001e3f105e100: 7c09 ff06 

  0x000001e3f105e104: ;   {other}
  0x000001e3f105e104: 0f1f 8400 | f431 0016 

  0x000001e3f105e10c: ;   {metadata(method data for {method} {0x000001e3c58d6950} 'doGetBean' '(Ljava/lang/String;Ljava/lang/Class;[Ljava/lang/Object;Z)Ljava/lang/Object;' in 'org/springframework/beans/factory/support/AbstractBeanFactory')}
  0x000001e3f105e10c: 49b8 00b1 | 2bc6 e301 | 0000 41ff | 80f0 0e00 | 00e9 b306 | 0000 488b | 8424 3001 | 0000 4c8b 
  0x000001e3f105e12c: ;   {metadata(method data for {method} {0x000001e3c58d6950} 'doGetBean' '(Ljava/lang/String;Ljava/lang/Class;[Ljava/lang/Object;Z)Ljava/lang/Object;' in 'org/springframework/beans/factory/support/AbstractBeanFactory')}
  0x000001e3f105e12c: c048 ba00 | b12b c6e3 | 0100 0045 | 8b40 0849 | ba00 0000 | 84e3 0100 | 004d 03c2 | 4c3b 8218 
  0x000001e3f105e14c: 0f00 0075 | 0d48 8382 | 200f 0000 | 01e9 6000 | 0000 4c3b | 8228 0f00 | 0075 0d48 | 8382 300f 
  0x000001e3f105e16c: 0000 01e9 | 4a00 0000 | 4883 ba18 | 0f00 0000 | 7517 4c89 | 8218 0f00 | 0048 c782 | 200f 0000 
  0x000001e3f105e18c: 0100 0000 | e929 0000 | 0048 83ba | 280f 0000 | 0075 174c | 8982 280f | 0000 48c7 | 8230 0f00 
  0x000001e3f105e1ac: 0001 0000 | 00e9 0800 | 0000 4883 | 8208 0f00 | 0001 8b70 

  0x000001e3f105e1c0: ;   {metadata(method data for {method} {0x000001e3c58d6950} 'doGetBean' '(Ljava/lang/String;Ljava/lang/Class;[Ljava/lang/Object;Z)Ljava/lang/Object;' in 'org/springframework/beans/factory/support/AbstractBeanFactory')}
  0x000001e3f105e1c0: 2c49 b800 | b12b c6e3 | 0100 0049 | 8380 400f 

  0x000001e3f105e1d0: ;   {metadata(method data for {method} {0x000001e3c54f7050} 'hasLength' '(Ljava/lang/String;)Z' in 'org/springframework/util/StringUtils')}
  0x000001e3f105e1d0: 0000 0149 | b808 2b51 | c5e3 0100 | 0041 8b90 | cc00 0000 | 83c2 0241 | 8990 cc00 | 0000 81e2 
  0x000001e3f105e1f0: feff 1f00 | 83fa 000f | 844d 3b00 | 0048 83fe 

  0x000001e3f105e200: ;   {metadata(method data for {method} {0x000001e3c54f7050} 'hasLength' '(Ljava/lang/String;)Z' in 'org/springframework/util/StringUtils')}
  0x000001e3f105e200: 0049 b808 | 2b51 c5e3 | 0100 0048 | ba10 0100 | 0000 0000 | 000f 840a | 0000 0048 | ba20 0100 
  0x000001e3f105e220: 0000 0000 | 0049 8b3c | 1048 8d7f | 0149 893c | 100f 84e4 | 0000 0048 | 3b06 4c8b 

  0x000001e3f105e23c: ;   {metadata(method data for {method} {0x000001e3c54f7050} 'hasLength' '(Ljava/lang/String;)Z' in 'org/springframework/util/StringUtils')}
  0x000001e3f105e23c: c648 ba08 | 2b51 c5e3 | 0100 0048 | 8382 3001 

  0x000001e3f105e24c: ;   {metadata(method data for {method} {0x000001e38400ef90} 'isEmpty' '()Z' in 'java/lang/String')}
  0x000001e3f105e24c: 0000 0149 | b8b8 3701 | c5e3 0100 | 0041 8b90 | cc00 0000 | 83c2 0241 | 8990 cc00 | 0000 81e2 
  0x000001e3f105e26c: feff 1f00 | 83fa 000f | 84f7 3a00 | 0044 8b46 | 1445 8b40 | 0c41 83f8 

  0x000001e3f105e284: ;   {metadata(method data for {method} {0x000001e38400ef90} 'isEmpty' '()Z' in 'java/lang/String')}
  0x000001e3f105e284: 0049 b8b8 | 3701 c5e3 | 0100 0048 | ba10 0100 | 0000 0000 | 000f 850a | 0000 0048 | ba20 0100 
  0x000001e3f105e2a4: 0000 0000 | 0049 8b3c | 1048 8d7f | 0149 893c | 100f 851c 

  0x000001e3f105e2b8: ;   {metadata(method data for {method} {0x000001e38400ef90} 'isEmpty' '()Z' in 'java/lang/String')}
  0x000001e3f105e2b8: 0000 0049 | b8b8 3701 | c5e3 0100 | 0041 ff80 | 3001 0000 | 41b8 0100 | 0000 e906 | 0000 0041 
  0x000001e3f105e2d8: b800 0000 | 0041 83e0 | 0141 83f8 

  0x000001e3f105e2e4: ;   {metadata(method data for {method} {0x000001e3c54f7050} 'hasLength' '(Ljava/lang/String;)Z' in 'org/springframework/util/StringUtils')}
  0x000001e3f105e2e4: 0049 b808 | 2b51 c5e3 | 0100 0048 | ba78 0100 | 0000 0000 | 000f 840a | 0000 0048 | ba68 0100 
  0x000001e3f105e304: 0000 0000 | 0049 8b3c | 1048 8d7f | 0149 893c | 100f 840b | 0000 0041 | b800 0000 | 00e9 1700 
  0x000001e3f105e324: ;   {metadata(method data for {method} {0x000001e3c54f7050} 'hasLength' '(Ljava/lang/String;)Z' in 'org/springframework/util/StringUtils')}
  0x000001e3f105e324: 0000 49b8 | 082b 51c5 | e301 0000 | 41ff 8088 | 0100 0041 | b801 0000 | 0041 83e0 | 0141 83f8 
  0x000001e3f105e344: ;   {metadata(method data for {method} {0x000001e3c58d6950} 'doGetBean' '(Ljava/lang/String;Ljava/lang/Class;[Ljava/lang/Object;Z)Ljava/lang/Object;' in 'org/springframework/beans/factory/support/AbstractBeanFactory')}
  0x000001e3f105e344: 0049 b800 | b12b c6e3 | 0100 0048 | ba60 0f00 | 0000 0000 | 000f 840a | 0000 0048 | ba50 0f00 
  0x000001e3f105e364: 0000 0000 | 0049 8b3c | 1048 8d7f | 0149 893c | 100f 8481 | 2500 0048 | 8b94 24d0 | 0000 008b 
  0x000001e3f105e384: 7a74 483b | 074c 8bc7 

  0x000001e3f105e38c: ;   {metadata(method data for {method} {0x000001e3c58d6950} 'doGetBean' '(Ljava/lang/String;Ljava/lang/Class;[Ljava/lang/Object;Z)Ljava/lang/Object;' in 'org/springframework/beans/factory/support/AbstractBeanFactory')}
  0x000001e3f105e38c: 48bb 00b1 | 2bc6 e301 | 0000 458b | 4008 49ba | 0000 0084 | e301 0000 | 4d03 c24c | 3b83 c00f 
  0x000001e3f105e3ac: 0000 750d | 4883 83c8 | 0f00 0001 | e960 0000 | 004c 3b83 | d00f 0000 | 750d 4883 | 83d8 0f00 
  0x000001e3f105e3cc: 0001 e94a | 0000 0048 | 83bb c00f | 0000 0075 | 174c 8983 | c00f 0000 | 48c7 83c8 | 0f00 0001 
  0x000001e3f105e3ec: 0000 00e9 | 2900 0000 | 4883 bbd0 | 0f00 0000 | 7517 4c89 | 83d0 0f00 | 0048 c783 | d80f 0000 
  0x000001e3f105e40c: 0100 0000 | e908 0000 | 0048 8383 | b00f 0000 | 014c 8bc6 | 488b d748 | 89b4 2448 | 0100 0066 
  0x000001e3f105e42c: 9048 b8ff | ffff ffff 

  0x000001e3f105e434: ;   {virtual_call}
  0x000001e3f105e434: ffff ffe8 

  0x000001e3f105e438: ; ImmutableOopMap {[208]=Oop [216]=Oop [232]=Oop [240]=Oop [256]=Oop [304]=Oop [328]=Oop }
                      ;*invokeinterface get {reexecute=0 rethrow=0 return_oop=0}
                      ; - org.springframework.beans.factory.support.AbstractBeanFactory::doGetBean@597 (line 368)
  0x000001e3f105e438: 4409 ff06 

  0x000001e3f105e43c: ;   {other}
  0x000001e3f105e43c: 0f1f 8400 | 2c35 0017 | 4883 f800 

  0x000001e3f105e448: ;   {metadata(method data for {method} {0x000001e3c58d6950} 'doGetBean' '(Ljava/lang/String;Ljava/lang/Class;[Ljava/lang/Object;Z)Ljava/lang/Object;' in 'org/springframework/beans/factory/support/AbstractBeanFactory')}
  0x000001e3f105e448: 7517 49b8 | 00b1 2bc6 | e301 0000 | 4180 88e1 | 0f00 0001 | e9ef 0000 

  0x000001e3f105e460: ;   {metadata('org/springframework/beans/factory/config/Scope')}
  0x000001e3f105e460: 0049 b9c0 | 7d13 85e3 | 0100 0044 | 8b40 0849 | ba00 0000 | 84e3 0100 | 004d 03c2 | 4d3b 4820 
  0x000001e3f105e480: 0f84 2000 | 0000 4d3b | c10f 8417 | 0000 0041 

  0x000001e3f105e490: ;   {runtime_call slow_subtype_check Runtime1 stub}
  0x000001e3f105e490: 5041 51e8 | e862 0a07 | 4158 4158 | 4183 f800 | 0f84 8e00 

  0x000001e3f105e4a4: ;   {metadata(method data for {method} {0x000001e3c58d6950} 'doGetBean' '(Ljava/lang/String;Ljava/lang/Class;[Ljava/lang/Object;Z)Ljava/lang/Object;' in 'org/springframework/beans/factory/support/AbstractBeanFactory')}
  0x000001e3f105e4a4: 0000 49b8 | 00b1 2bc6 | e301 0000 | 448b 4808 | 49ba 0000 | 0084 e301 | 0000 4d03 | ca4d 3b88 
  0x000001e3f105e4c4: f80f 0000 | 750d 4983 | 8000 1000 | 0001 e979 | 0000 004d | 3b88 0810 | 0000 750d | 4983 8010 
  0x000001e3f105e4e4: 1000 0001 | e963 0000 | 0049 83b8 | f80f 0000 | 0075 174d | 8988 f80f | 0000 49c7 | 8000 1000 
  0x000001e3f105e504: 0001 0000 | 00e9 4200 | 0000 4983 | b808 1000 | 0000 7517 | 4d89 8808 | 1000 0049 | c780 1010 
  0x000001e3f105e524: 0000 0100 | 0000 e921 | 0000 00e9 | 1c00 0000 

  0x000001e3f105e534: ;   {metadata(method data for {method} {0x000001e3c58d6950} 'doGetBean' '(Ljava/lang/String;Ljava/lang/Class;[Ljava/lang/Object;Z)Ljava/lang/Object;' in 'org/springframework/beans/factory/support/AbstractBeanFactory')}
  0x000001e3f105e534: 49b8 00b1 | 2bc6 e301 | 0000 4983 | a8e8 0f00 | 0001 e950 | 3800 00e9 | 0000 0000 | 488b d848 
  0x000001e3f105e554: ;   {metadata(method data for {method} {0x000001e3c58d6950} 'doGetBean' '(Ljava/lang/String;Ljava/lang/Class;[Ljava/lang/Object;Z)Ljava/lang/Object;' in 'org/springframework/beans/factory/support/AbstractBeanFactory')}
  0x000001e3f105e554: 83fb 0048 | ba00 b12b | c6e3 0100 | 0049 b830 | 1000 0000 | 0000 000f | 840a 0000 | 0049 b820 
  0x000001e3f105e574: 1000 0000 | 0000 004e | 8b0c 024d | 8d49 014e | 890c 020f | 847f 2200 | 0048 899c | 2450 0100 
  0x000001e3f105e594: 0066 6690 

  0x000001e3f105e598: ;   {no_reloc}
  0x000001e3f105e598: e916 3800 | 0090 9090 | 9090 488b | 9424 d000 | 0000 4c8b | 8424 0001 | 0000 4c8b | 8c24 3001 
  0x000001e3f105e5b8: 0000 488b | bc24 d800 | 0000 0f1f 

  0x000001e3f105e5c4: ;   {static_call}
  0x000001e3f105e5c4: 4400 00e8 

  0x000001e3f105e5c8: ; ImmutableOopMap {[208]=Oop [232]=Oop [240]=Oop [256]=Oop [304]=Oop [328]=Oop [336]=Oop }
                      ;*invokedynamic {reexecute=0 rethrow=0 return_oop=0}
                      ; - org.springframework.beans.factory.support.AbstractBeanFactory::doGetBean@637 (line 373)
  0x000001e3f105e5c8: b40a ff06 

  0x000001e3f105e5cc: ;   {other}
  0x000001e3f105e5cc: 0f1f 8400 | bc36 0018 

  0x000001e3f105e5d4: ;   {metadata(method data for {method} {0x000001e3c58d6950} 'doGetBean' '(Ljava/lang/String;Ljava/lang/Class;[Ljava/lang/Object;Z)Ljava/lang/Object;' in 'org/springframework/beans/factory/support/AbstractBeanFactory')}
  0x000001e3f105e5d4: 49b8 00b1 | 2bc6 e301 | 0000 4d8d | 80b0 1000 | 004c 8bc8 | 4d85 c975 | 0649 8308 | 01eb 4445 
  0x000001e3f105e5f4: 8b49 0849 | ba00 0000 | 84e3 0100 | 004d 03ca | 4d33 0849 | f7c1 fcff | ffff 7427 | 41f6 c102 
  0x000001e3f105e614: 7521 4983 | 3800 7418 | 4983 3801 | 7412 4d33 | 0849 f7c1 | fcff ffff | 7409 4983 | 0802 eb03 
  0x000001e3f105e634: 4d89 0848 | 8b9c 2450 | 0100 0048 | 3b03 4c8b 

  0x000001e3f105e644: ;   {metadata(method data for {method} {0x000001e3c58d6950} 'doGetBean' '(Ljava/lang/String;Ljava/lang/Class;[Ljava/lang/Object;Z)Ljava/lang/Object;' in 'org/springframework/beans/factory/support/AbstractBeanFactory')}
  0x000001e3f105e644: c349 b900 | b12b c6e3 | 0100 0045 | 8b40 0849 | ba00 0000 | 84e3 0100 | 004d 03c2 | 4d3b 81d0 
  0x000001e3f105e664: 1000 0075 | 0d49 8381 | d810 0000 | 01e9 6000 | 0000 4d3b | 81e0 1000 | 0075 0d49 | 8381 e810 
  0x000001e3f105e684: 0000 01e9 | 4a00 0000 | 4983 b9d0 | 1000 0000 | 7517 4d89 | 81d0 1000 | 0049 c781 | d810 0000 
  0x000001e3f105e6a4: 0100 0000 | e929 0000 | 0049 83b9 | e010 0000 | 0075 174d | 8981 e010 | 0000 49c7 | 81e8 1000 
  0x000001e3f105e6c4: 0001 0000 | 00e9 0800 | 0000 4983 | 81c0 1000 | 0001 4c8b | 8424 0001 | 0000 4c8b | c848 8bd3 
  0x000001e3f105e6e4: 9048 b8ff | ffff ffff 

  0x000001e3f105e6ec: ;   {virtual_call}
  0x000001e3f105e6ec: ffff ffe8 

  0x000001e3f105e6f0: ; ImmutableOopMap {[208]=Oop [232]=Oop [240]=Oop [256]=Oop [304]=Oop [328]=Oop }
                      ;*invokeinterface get {reexecute=0 rethrow=0 return_oop=0}
                      ; - org.springframework.beans.factory.support.AbstractBeanFactory::doGetBean@642 (line 373)
  0x000001e3f105e6f0: 8c06 ff06 

  0x000001e3f105e6f4: ;   {other}
  0x000001e3f105e6f4: 0f1f 8400 | e437 0019 | 488b 9424 | d000 0000 

  0x000001e3f105e704: ;   {metadata(method data for {method} {0x000001e3c58d6950} 'doGetBean' '(Ljava/lang/String;Ljava/lang/Class;[Ljava/lang/Object;Z)Ljava/lang/Object;' in 'org/springframework/beans/factory/support/AbstractBeanFactory')}
  0x000001e3f105e704: 49b8 00b1 | 2bc6 e301 | 0000 8b52 | 0849 ba00 | 0000 84e3 | 0100 0049 | 03d2 493b | 9008 1100 
  0x000001e3f105e724: 0075 0d49 | 8380 1011 | 0000 01e9 | 6000 0000 | 493b 9018 | 1100 0075 | 0d49 8380 | 2011 0000 
  0x000001e3f105e744: 01e9 4a00 | 0000 4983 | b808 1100 | 0000 7517 | 4989 9008 | 1100 0049 | c780 1011 | 0000 0100 
  0x000001e3f105e764: 0000 e929 | 0000 0049 | 83b8 1811 | 0000 0075 | 1749 8990 | 1811 0000 | 49c7 8020 | 1100 0001 
  0x000001e3f105e784: 0000 00e9 | 0800 0000 | 4983 80f8 | 1000 0001 | 4c8b c04c | 8b8c 24f0 | 0000 0048 | 8bbc 2400 
  0x000001e3f105e7a4: 0100 0048 | 8bb4 2430 | 0100 0048 | 8b94 24d0 

  0x000001e3f105e7b4: ;   {optimized virtual_call}
  0x000001e3f105e7b4: 0000 00e8 

  0x000001e3f105e7b8: ; ImmutableOopMap {[208]=Oop [232]=Oop [240]=Oop [256]=Oop [328]=Oop }
                      ;*invokevirtual getObjectForBeanInstance {reexecute=0 rethrow=0 return_oop=0}
                      ; - org.springframework.beans.factory.support.AbstractBeanFactory::doGetBean@657 (line 382)
  0x000001e3f105e7b8: c402 ff06 

  0x000001e3f105e7bc: ;   {other}
  0x000001e3f105e7bc: 0f1f 8400 | ac38 001a 

  0x000001e3f105e7c4: ;   {metadata(method data for {method} {0x000001e3c58d6950} 'doGetBean' '(Ljava/lang/String;Ljava/lang/Class;[Ljava/lang/Object;Z)Ljava/lang/Object;' in 'org/springframework/beans/factory/support/AbstractBeanFactory')}
  0x000001e3f105e7c4: 49b8 00b1 | 2bc6 e301 | 0000 41ff | 8030 1100 | 0048 8b94 | 24d0 0000 

  0x000001e3f105e7dc: ;   {oop(a 'org/springframework/core/metrics/DefaultApplicationStartup$DefaultStartupStep'{0x00000000c27951b8})}
  0x000001e3f105e7dc: 0049 b8b8 | 5179 c200 

  0x000001e3f105e7e4: ;   {metadata(method data for {method} {0x000001e3c58d6950} 'doGetBean' '(Ljava/lang/String;Ljava/lang/Class;[Ljava/lang/Object;Z)Ljava/lang/Object;' in 'org/springframework/beans/factory/support/AbstractBeanFactory')}
  0x000001e3f105e7e4: 0000 0048 | be00 b12b | c6e3 0100 

  0x000001e3f105e7f0: ;   {metadata('org/springframework/core/metrics/DefaultApplicationStartup$DefaultStartupStep')}
  0x000001e3f105e7f0: 0049 ba18 | 2c02 85e3 | 0100 004c | 8996 6811 | 0000 4883 | 8670 1100 

  0x000001e3f105e808: ;   {metadata(method data for {method} {0x000001e3c54d0198} 'end' '()V' in 'org/springframework/core/metrics/DefaultApplicationStartup$DefaultStartupStep')}
  0x000001e3f105e808: 0001 49b8 | a801 2cc6 | e301 0000 | 418b b0cc | 0000 0083 | c602 4189 | b0cc 0000 | 0081 e6fe 
  0x000001e3f105e828: ff1f 0083 | fe00 0f84 | 8e35 0000 

  0x000001e3f105e834: ;   {metadata(method data for {method} {0x000001e3c58d6950} 'doGetBean' '(Ljava/lang/String;Ljava/lang/Class;[Ljava/lang/Object;Z)Ljava/lang/Object;' in 'org/springframework/beans/factory/support/AbstractBeanFactory')}
  0x000001e3f105e834: 4c8b c248 | be00 b12b | c6e3 0100 | 0045 8b40 | 0849 ba00 | 0000 84e3 | 0100 004d | 03c2 4c3b 
  0x000001e3f105e854: 86a0 1100 | 0075 0d48 | 8386 a811 | 0000 01e9 | 6000 0000 | 4c3b 86b0 | 1100 0075 | 0d48 8386 
  0x000001e3f105e874: b811 0000 | 01e9 4a00 | 0000 4883 | bea0 1100 | 0000 7517 | 4c89 86a0 | 1100 0048 | c786 a811 
  0x000001e3f105e894: 0000 0100 | 0000 e929 | 0000 0048 | 83be b011 | 0000 0075 | 174c 8986 | b011 0000 | 48c7 86b8 
  0x000001e3f105e8b4: 1100 0001 | 0000 00e9 | 0800 0000 | 4883 8690 | 1100 0001 | 440f be42 | 1541 83e0 | 0141 83f8 
  0x000001e3f105e8d4: ;   {metadata(method data for {method} {0x000001e3c58d6950} 'doGetBean' '(Ljava/lang/String;Ljava/lang/Class;[Ljava/lang/Object;Z)Ljava/lang/Object;' in 'org/springframework/beans/factory/support/AbstractBeanFactory')}
  0x000001e3f105e8d4: 0049 b800 | b12b c6e3 | 0100 0048 | bec8 1100 | 0000 0000 | 000f 850a | 0000 0048 | bed8 1100 
  0x000001e3f105e8f4: 0000 0000 | 0049 8b3c | 3048 8d7f | 0149 893c | 300f 8540 | 1a00 0048 | 8984 2458 | 0100 004c 
  0x000001e3f105e914: ;   {metadata(method data for {method} {0x000001e3c58d6950} 'doGetBean' '(Ljava/lang/String;Ljava/lang/Class;[Ljava/lang/Object;Z)Ljava/lang/Object;' in 'org/springframework/beans/factory/support/AbstractBeanFactory')}
  0x000001e3f105e914: 8bc2 48be | 00b1 2bc6 | e301 0000 

  0x000001e3f105e920: ;   {metadata('org/springframework/beans/factory/support/DefaultListableBeanFactory')}
  0x000001e3f105e920: 49ba 5835 | 1485 e301 | 0000 4c89 | 96f8 1100 | 0048 8386 | 0012 0000 

  0x000001e3f105e938: ;   {metadata(method data for {method} {0x000001e3c58c0150} 'clearMergedBeanDefinition' '(Ljava/lang/String;)V' in 'org/springframework/beans/factory/support/DefaultListableBeanFactory')}
  0x000001e3f105e938: 0149 b8d0 | 022c c6e3 | 0100 0041 | 8bb0 cc00 | 0000 83c6 | 0241 89b0 | cc00 0000 | 81e6 feff 
  0x000001e3f105e958: 1f00 83fe | 000f 8480 | 3400 004c 

  0x000001e3f105e964: ;   {metadata(method data for {method} {0x000001e3c58c0150} 'clearMergedBeanDefinition' '(Ljava/lang/String;)V' in 'org/springframework/beans/factory/support/DefaultListableBeanFactory')}
  0x000001e3f105e964: 8bc2 48be | d002 2cc6 | e301 0000 | 4883 8610 | 0100 0001 

  0x000001e3f105e978: ;   {metadata(method data for {method} {0x000001e3c58db950} 'clearMergedBeanDefinition' '(Ljava/lang/String;)V' in 'org/springframework/beans/factory/support/AbstractBeanFactory')}
  0x000001e3f105e978: 49b8 7004 | 2cc6 e301 | 0000 418b | b0cc 0000 | 0083 c602 | 4189 b0cc | 0000 0081 | e6fe ff1f 
  0x000001e3f105e998: 0083 fe00 | 0f84 6234 | 0000 8b72 | 7c48 3b06 

  0x000001e3f105e9a8: ;   {metadata(method data for {method} {0x000001e3c58db950} 'clearMergedBeanDefinition' '(Ljava/lang/String;)V' in 'org/springframework/beans/factory/support/AbstractBeanFactory')}
  0x000001e3f105e9a8: 4c8b c648 | bf70 042c | c6e3 0100 | 0045 8b40 | 0849 ba00 | 0000 84e3 | 0100 004d | 03c2 4c3b 
  0x000001e3f105e9c8: 8720 0100 | 0075 0d48 | 8387 2801 | 0000 01e9 | 6000 0000 | 4c3b 8730 | 0100 0075 | 0d48 8387 
  0x000001e3f105e9e8: 3801 0000 | 01e9 4a00 | 0000 4883 | bf20 0100 | 0000 7517 | 4c89 8720 | 0100 0048 | c787 2801 
  0x000001e3f105ea08: 0000 0100 | 0000 e929 | 0000 0048 | 83bf 3001 | 0000 0075 | 174c 8987 | 3001 0000 | 48c7 8738 
  0x000001e3f105ea28: 0100 0001 | 0000 00e9 | 0800 0000 | 4883 8710 | 0100 0001 | 4c8b 8424 | 0001 0000 | 488b d666 
  0x000001e3f105ea48: 0f1f 4400 | 0048 b8ff | ffff ffff 

  0x000001e3f105ea54: ;   {virtual_call}
  0x000001e3f105ea54: ffff ffe8 

  0x000001e3f105ea58: ; ImmutableOopMap {[208]=Oop [232]=Oop [240]=Oop [256]=Oop [344]=Oop }
                      ;*invokeinterface get {reexecute=0 rethrow=0 return_oop=0}
                      ; - org.springframework.beans.factory.support.AbstractBeanFactory::clearMergedBeanDefinition@5 (line 1508)
                      ; - org.springframework.beans.factory.support.DefaultListableBeanFactory::clearMergedBeanDefinition@2 (line 910)
                      ; - org.springframework.beans.factory.support.AbstractBeanFactory::doGetBean@698 (line 398)
  0x000001e3f105ea58: 2403 ff06 

  0x000001e3f105ea5c: ;   {other}
  0x000001e3f105ea5c: 0f1f 8400 | 4c3b 001b | 4883 f800 

  0x000001e3f105ea68: ;   {metadata(method data for {method} {0x000001e3c58db950} 'clearMergedBeanDefinition' '(Ljava/lang/String;)V' in 'org/springframework/beans/factory/support/AbstractBeanFactory')}
  0x000001e3f105ea68: 7516 48be | 7004 2cc6 | e301 0000 | 808e 4101 | 0000 01e9 | cd00 0000 

  0x000001e3f105ea80: ;   {metadata('org/springframework/beans/factory/support/RootBeanDefinition')}
  0x000001e3f105ea80: 48bf 50a0 | 1485 e301 | 0000 8b70 | 0849 ba00 | 0000 84e3 | 0100 0049 | 03f2 483b | 7e50 0f85 
  0x000001e3f105eaa0: 8d00 0000 

  0x000001e3f105eaa4: ;   {metadata(method data for {method} {0x000001e3c58db950} 'clearMergedBeanDefinition' '(Ljava/lang/String;)V' in 'org/springframework/beans/factory/support/AbstractBeanFactory')}
  0x000001e3f105eaa4: 48be 7004 | 2cc6 e301 | 0000 8b78 | 0849 ba00 | 0000 84e3 | 0100 0049 | 03fa 483b | be58 0100 
  0x000001e3f105eac4: 0075 0d48 | 8386 6001 | 0000 01e9 | 7900 0000 | 483b be68 | 0100 0075 | 0d48 8386 | 7001 0000 
  0x000001e3f105eae4: 01e9 6300 | 0000 4883 | be58 0100 | 0000 7517 | 4889 be58 | 0100 0048 | c786 6001 | 0000 0100 
  0x000001e3f105eb04: 0000 e942 | 0000 0048 | 83be 6801 | 0000 0075 | 1748 89be | 6801 0000 | 48c7 8670 | 0100 0001 
  0x000001e3f105eb24: 0000 00e9 | 2100 0000 | e91c 0000 

  0x000001e3f105eb30: ;   {metadata(method data for {method} {0x000001e3c58db950} 'clearMergedBeanDefinition' '(Ljava/lang/String;)V' in 'org/springframework/beans/factory/support/AbstractBeanFactory')}
  0x000001e3f105eb30: 0048 be70 | 042c c6e3 | 0100 0048 | 83ae 4801 | 0000 01e9 | e232 0000 | e900 0000 | 004c 8bc0 
  0x000001e3f105eb50: 4983 f800 

  0x000001e3f105eb54: ;   {metadata(method data for {method} {0x000001e3c58db950} 'clearMergedBeanDefinition' '(Ljava/lang/String;)V' in 'org/springframework/beans/factory/support/AbstractBeanFactory')}
  0x000001e3f105eb54: 48ba 7004 | 2cc6 e301 | 0000 48be | 8001 0000 | 0000 0000 | 0f84 0a00 | 0000 48be | 9001 0000 
  0x000001e3f105eb74: 0000 0000 | 488b 3c32 | 488d 7f01 | 4889 3c32 | 0f84 0f00 | 0000 ba01 | 0000 0041 | 8850 64f0 
  0x000001e3f105eb94: 8344 24c0 | 0048 8b94 | 24d0 0000 | 008b b2c0 | 0000 0048 | 3b06 4c8b 

  0x000001e3f105ebac: ;   {metadata(method data for {method} {0x000001e3c58c0150} 'clearMergedBeanDefinition' '(Ljava/lang/String;)V' in 'org/springframework/beans/factory/support/DefaultListableBeanFactory')}
  0x000001e3f105ebac: c648 bfd0 | 022c c6e3 | 0100 0045 | 8b40 0849 | ba00 0000 | 84e3 0100 | 004d 03c2 | 4c3b 8730 
  0x000001e3f105ebcc: 0100 0075 | 0d48 8387 | 3801 0000 | 01e9 6000 | 0000 4c3b | 8740 0100 | 0075 0d48 | 8387 4801 
  0x000001e3f105ebec: 0000 01e9 | 4a00 0000 | 4883 bf30 | 0100 0000 | 7517 4c89 | 8730 0100 | 0048 c787 | 3801 0000 
  0x000001e3f105ec0c: 0100 0000 | e929 0000 | 0048 83bf | 4001 0000 | 0075 174c | 8987 4001 | 0000 48c7 | 8748 0100 
  0x000001e3f105ec2c: 0001 0000 | 00e9 0800 | 0000 4883 | 8720 0100 | 0001 4c8b | 8424 0001 | 0000 488b | d60f 1f40 
  0x000001e3f105ec4c: 0048 b8ff | ffff ffff 

  0x000001e3f105ec54: ;   {virtual_call}
  0x000001e3f105ec54: ffff ffe8 

  0x000001e3f105ec58: ; ImmutableOopMap {[208]=Oop [232]=Oop [240]=Oop [344]=Oop }
                      ;*invokeinterface remove {reexecute=0 rethrow=0 return_oop=0}
                      ; - org.springframework.beans.factory.support.DefaultListableBeanFactory::clearMergedBeanDefinition@10 (line 911)
                      ; - org.springframework.beans.factory.support.AbstractBeanFactory::doGetBean@698 (line 398)
  0x000001e3f105ec58: 2401 ff06 

  0x000001e3f105ec5c: ;   {other}
  0x000001e3f105ec5c: 0f1f 8400 | 4c3d 001c | 488b 8424 | 5801 0000 | e9c9 1600 | 0048 8b84 | 2430 0100 | 000f 1f80 
  0x000001e3f105ec7c: 0000 0000 

  0x000001e3f105ec80: ;   {no_reloc}
  0x000001e3f105ec80: e9c7 3100 | 0000 0000 | 0000 488b | d880 ba20 | 0100 0005 | 0f85 c131 | 0000 498b | 87b8 0100 
  0x000001e3f105eca0: 0048 8d78 | 3049 3bbf | c801 0000 | 0f87 a931 | 0000 4989 | bfb8 0100 | 0048 c700 | 0100 0000 
  0x000001e3f105ecc0: 488b ca49 | ba00 0000 | 84e3 0100 | 0049 2bca | 8948 0848 | 33c9 8948 | 0c48 33c9 | 4889 4810 
  0x000001e3f105ece0: 4889 4818 | 4889 4820 | 4889 4828 | 4889 8424 | 6001 0000 

  0x000001e3f105ecf4: ;   {metadata(method data for {method} {0x000001e3c58d6950} 'doGetBean' '(Ljava/lang/String;Ljava/lang/Class;[Ljava/lang/Object;Z)Ljava/lang/Object;' in 'org/springframework/beans/factory/support/AbstractBeanFactory')}
  0x000001e3f105ecf4: 488b d348 | be00 b12b | c6e3 0100 | 008b 5208 | 49ba 0000 | 0084 e301 | 0000 4903 | d248 3b96 
  0x000001e3f105ed14: 5809 0000 | 750d 4883 | 8660 0900 | 0001 e960 | 0000 0048 | 3b96 6809 | 0000 750d | 4883 8670 
  0x000001e3f105ed34: 0900 0001 | e94a 0000 | 0048 83be | 5809 0000 | 0075 1748 | 8996 5809 | 0000 48c7 | 8660 0900 
  0x000001e3f105ed54: 0001 0000 | 00e9 2900 | 0000 4883 | be68 0900 | 0000 7517 | 4889 9668 | 0900 0048 | c786 7009 
  0x000001e3f105ed74: 0000 0100 | 0000 e908 | 0000 0048 | 8386 4809 

  0x000001e3f105ed84: ;   {metadata(method data for {method} {0x000001e3c5907618} 'getResourceDescription' '()Ljava/lang/String;' in 'org/springframework/beans/factory/support/AbstractBeanDefinition')}
  0x000001e3f105ed84: 0000 0148 | ba88 de2b | c6e3 0100 | 008b b2cc | 0000 0083 | c602 89b2 | cc00 0000 | 81e6 feff 
  0x000001e3f105eda4: 1f00 83fe | 000f 84b9 | 3000 008b | 5360 4883 

  0x000001e3f105edb4: ;   {metadata(method data for {method} {0x000001e3c5907618} 'getResourceDescription' '()Ljava/lang/String;' in 'org/springframework/beans/factory/support/AbstractBeanDefinition')}
  0x000001e3f105edb4: fa00 48be | 88de 2bc6 | e301 0000 | 48bf 1001 | 0000 0000 | 0000 0f84 | 0a00 0000 | 48bf 2001 
  0x000001e3f105edd4: 0000 0000 | 0000 488b | 1c3e 488d | 5b01 4889 | 1c3e 0f84 | c500 0000 

  0x000001e3f105edec: ; implicit exception: dispatches to 0x000001e3f1061e89
  0x000001e3f105edec: 483b 0248 

  0x000001e3f105edf0: ;   {metadata(method data for {method} {0x000001e3c5907618} 'getResourceDescription' '()Ljava/lang/String;' in 'org/springframework/beans/factory/support/AbstractBeanDefinition')}
  0x000001e3f105edf0: 8bf2 48bf | 88de 2bc6 | e301 0000 | 8b76 0849 | ba00 0000 | 84e3 0100 | 0049 03f2 | 483b b740 
  0x000001e3f105ee10: 0100 0075 | 0d48 8387 | 4801 0000 | 01e9 6000 | 0000 483b | b750 0100 | 0075 0d48 | 8387 5801 
  0x000001e3f105ee30: 0000 01e9 | 4a00 0000 | 4883 bf40 | 0100 0000 | 7517 4889 | b740 0100 | 0048 c787 | 4801 0000 
  0x000001e3f105ee50: 0100 0000 | e929 0000 | 0048 83bf | 5001 0000 | 0075 1748 | 89b7 5001 | 0000 48c7 | 8758 0100 
  0x000001e3f105ee70: 0001 0000 | 00e9 0800 | 0000 4883 | 8730 0100 | 0001 6666 | 9048 b8ff | ffff ffff 

  0x000001e3f105ee8c: ;   {virtual_call}
  0x000001e3f105ee8c: ffff ffe8 

  0x000001e3f105ee90: ; ImmutableOopMap {[208]=Oop [256]=Oop [280]=Oop [352]=Oop }
                      ;*invokeinterface getDescription {reexecute=0 rethrow=0 return_oop=0}
                      ; - org.springframework.beans.factory.support.AbstractBeanDefinition::getResourceDescription@11 (line 1152)
                      ; - org.springframework.beans.factory.support.AbstractBeanFactory::doGetBean@337 (line 308)
  0x000001e3f105ee90: ecfe fe06 

  0x000001e3f105ee94: ;   {other}
  0x000001e3f105ee94: 0f1f 8400 | 843f 001d 

  0x000001e3f105ee9c: ;   {metadata(method data for {method} {0x000001e3c5907618} 'getResourceDescription' '()Ljava/lang/String;' in 'org/springframework/beans/factory/support/AbstractBeanDefinition')}
  0x000001e3f105ee9c: 48ba 88de | 2bc6 e301 | 0000 ff82 | 6801 0000 | e9ab 1800 

  0x000001e3f105eeb0: ;   {oop(nullptr)}
  0x000001e3f105eeb0: 0048 b800 | 0000 0000 | 0000 00e9 | 9c18 0000 | 4c8b 8424 | f000 0000 | 488b 9424 | d000 0000 
  0x000001e3f105eed0: ;   {metadata(method data for {method} {0x000001e3c58d6950} 'doGetBean' '(Ljava/lang/String;Ljava/lang/Class;[Ljava/lang/Object;Z)Ljava/lang/Object;' in 'org/springframework/beans/factory/support/AbstractBeanFactory')}
  0x000001e3f105eed0: 48bf 00b1 | 2bc6 e301 | 0000 8b52 | 0849 ba00 | 0000 84e3 | 0100 0049 | 03d2 483b | 97d0 0400 
  0x000001e3f105eef0: 0075 0d48 | 8387 d804 | 0000 01e9 | 6000 0000 | 483b 97e0 | 0400 0075 | 0d48 8387 | e804 0000 
  0x000001e3f105ef10: 01e9 4a00 | 0000 4883 | bfd0 0400 | 0000 7517 | 4889 97d0 | 0400 0048 | c787 d804 | 0000 0100 
  0x000001e3f105ef30: 0000 e929 | 0000 0048 | 83bf e004 | 0000 0075 | 1748 8997 | e004 0000 | 48c7 87e8 | 0400 0001 
  0x000001e3f105ef50: 0000 00e9 | 0800 0000 | 4883 87c0 | 0400 0001 

  0x000001e3f105ef60: ;   {metadata(method data for {method} {0x000001e3c58dad50} 'originalBeanName' '(Ljava/lang/String;)Ljava/lang/String;' in 'org/springframework/beans/factory/support/AbstractBeanFactory')}
  0x000001e3f105ef60: 48ba 60cd | 2bc6 e301 | 0000 8bba | cc00 0000 | 83c7 0289 | bacc 0000 | 0081 e7fe | ff1f 0083 
  0x000001e3f105ef80: ff00 0f84 | 062f 0000 | 488b 9424 | d000 0000 

  0x000001e3f105ef90: ;   {metadata(method data for {method} {0x000001e3c58dad50} 'originalBeanName' '(Ljava/lang/String;)Ljava/lang/String;' in 'org/springframework/beans/factory/support/AbstractBeanFactory')}
  0x000001e3f105ef90: 48bf 60cd | 2bc6 e301 | 0000 8b52 | 0849 ba00 | 0000 84e3 | 0100 0049 | 03d2 483b | 9720 0100 
  0x000001e3f105efb0: 0075 0d48 | 8387 2801 | 0000 01e9 | 6000 0000 | 483b 9730 | 0100 0075 | 0d48 8387 | 3801 0000 
  0x000001e3f105efd0: 01e9 4a00 | 0000 4883 | bf20 0100 | 0000 7517 | 4889 9720 | 0100 0048 | c787 2801 | 0000 0100 
  0x000001e3f105eff0: 0000 e929 | 0000 0048 | 83bf 3001 | 0000 0075 | 1748 8997 | 3001 0000 | 48c7 8738 | 0100 0001 
  0x000001e3f105f010: 0000 00e9 | 0800 0000 | 4883 8710 | 0100 0001 

  0x000001e3f105f020: ;   {metadata(method data for {method} {0x000001e3c58dac70} 'transformedBeanName' '(Ljava/lang/String;)Ljava/lang/String;' in 'org/springframework/beans/factory/support/AbstractBeanFactory')}
  0x000001e3f105f020: 48ba d09e | 29c6 e301 | 0000 8bba | cc00 0000 | 83c7 0289 | bacc 0000 | 0081 e7fe | ff1f 0083 
  0x000001e3f105f040: ff00 0f84 | 672e 0000 

  0x000001e3f105f048: ;   {metadata(method data for {method} {0x000001e3c58dac70} 'transformedBeanName' '(Ljava/lang/String;)Ljava/lang/String;' in 'org/springframework/beans/factory/support/AbstractBeanFactory')}
  0x000001e3f105f048: 48ba d09e | 29c6 e301 | 0000 4883 | 8210 0100 | 0001 498b 

  0x000001e3f105f05c: ;   {static_call}
  0x000001e3f105f05c: d066 90e8 

  0x000001e3f105f060: ; ImmutableOopMap {[208]=Oop [216]=Oop [232]=Oop [240]=Oop [264]=Oop }
                      ;*invokestatic transformedBeanName {reexecute=0 rethrow=0 return_oop=0}
                      ; - org.springframework.beans.factory.support.AbstractBeanFactory::transformedBeanName@2 (line 1277)
                      ; - org.springframework.beans.factory.support.AbstractBeanFactory::originalBeanName@2 (line 1286)
                      ; - org.springframework.beans.factory.support.AbstractBeanFactory::doGetBean@136 (line 273)
  0x000001e3f105f060: 1c00 ff06 

  0x000001e3f105f064: ;   {other}
  0x000001e3f105f064: 0f1f 8400 | 5441 001e | 488b 9424 | d000 0000 

  0x000001e3f105f074: ;   {metadata(method data for {method} {0x000001e3c58dac70} 'transformedBeanName' '(Ljava/lang/String;)Ljava/lang/String;' in 'org/springframework/beans/factory/support/AbstractBeanFactory')}
  0x000001e3f105f074: 49b8 d09e | 29c6 e301 | 0000 8b52 | 0849 ba00 | 0000 84e3 | 0100 0049 | 03d2 493b | 9030 0100 
  0x000001e3f105f094: 0075 0d49 | 8380 3801 | 0000 01e9 | 6000 0000 | 493b 9040 | 0100 0075 | 0d49 8380 | 4801 0000 
  0x000001e3f105f0b4: 01e9 4a00 | 0000 4983 | b830 0100 | 0000 7517 | 4989 9030 | 0100 0049 | c780 3801 | 0000 0100 
  0x000001e3f105f0d4: 0000 e929 | 0000 0049 | 83b8 4001 | 0000 0075 | 1749 8990 | 4001 0000 | 49c7 8048 | 0100 0001 
  0x000001e3f105f0f4: 0000 00e9 | 0800 0000 | 4983 8020 | 0100 0001 | 4c8b c048 | 8b94 24d0 

  0x000001e3f105f10c: ;   {optimized virtual_call}
  0x000001e3f105f10c: 0000 00e8 

  0x000001e3f105f110: ; ImmutableOopMap {[216]=Oop [232]=Oop [240]=Oop [264]=Oop }
                      ;*invokevirtual canonicalName {reexecute=0 rethrow=0 return_oop=0}
                      ; - org.springframework.beans.factory.support.AbstractBeanFactory::transformedBeanName@5 (line 1277)
                      ; - org.springframework.beans.factory.support.AbstractBeanFactory::originalBeanName@2 (line 1286)
                      ; - org.springframework.beans.factory.support.AbstractBeanFactory::doGetBean@136 (line 273)
  0x000001e3f105f110: 6cf9 fe06 

  0x000001e3f105f114: ;   {other}
  0x000001e3f105f114: 0f1f 8400 | 0442 001f | 4c8b 8424 | f000 0000 

  0x000001e3f105f124: ; implicit exception: dispatches to 0x000001e3f1061ed0
  0x000001e3f105f124: 493b 004d 

  0x000001e3f105f128: ;   {metadata(method data for {method} {0x000001e3c58dad50} 'originalBeanName' '(Ljava/lang/String;)Ljava/lang/String;' in 'org/springframework/beans/factory/support/AbstractBeanFactory')}
  0x000001e3f105f128: 8bc8 48ba | 60cd 2bc6 | e301 0000 | 4883 8248 | 0100 0001 

  0x000001e3f105f13c: ;   {metadata(method data for {method} {0x000001e38445b678} 'startsWith' '(Ljava/lang/String;)Z' in 'java/lang/String')}
  0x000001e3f105f13c: 49b9 b05b | 01c5 e301 | 0000 418b | 91cc 0000 | 0083 c202 | 4189 91cc | 0000 0081 | e2fe ff1f 
  0x000001e3f105f15c: 0083 fa00 | 0f84 6f2d | 0000 4d8b 

  0x000001e3f105f168: ;   {metadata(method data for {method} {0x000001e38445b678} 'startsWith' '(Ljava/lang/String;)Z' in 'java/lang/String')}
  0x000001e3f105f168: c848 bab0 | 5b01 c5e3 | 0100 0048 | 8382 1001 | 0000 0149 

  0x000001e3f105f17c: ;   {oop("&"{0x00000000c26e1468})}
  0x000001e3f105f17c: 8bf0 49b8 | 6814 6ec2 | 0000 0000 | 41b9 0000 | 0000 488b | d648 8984 | 2468 0100 | 0066 0f1f 
  0x000001e3f105f19c: ;   {optimized virtual_call}
  0x000001e3f105f19c: 4400 00e8 

  0x000001e3f105f1a0: ; ImmutableOopMap {[216]=Oop [232]=Oop [264]=Oop [360]=Oop }
                      ;*invokevirtual startsWith {reexecute=0 rethrow=0 return_oop=0}
                      ; - java.lang.String::startsWith@3 (line 2323)
                      ; - org.springframework.beans.factory.support.AbstractBeanFactory::originalBeanName@10 (line 1287)
                      ; - org.springframework.beans.factory.support.AbstractBeanFactory::doGetBean@136 (line 273)
  0x000001e3f105f1a0: dcf8 fe06 

  0x000001e3f105f1a4: ;   {other}
  0x000001e3f105f1a4: 0f1f 8400 | 9442 0020 | 83e0 0183 

  0x000001e3f105f1b0: ;   {metadata(method data for {method} {0x000001e3c58dad50} 'originalBeanName' '(Ljava/lang/String;)Ljava/lang/String;' in 'org/springframework/beans/factory/support/AbstractBeanFactory')}
  0x000001e3f105f1b0: f800 48ba | 60cd 2bc6 | e301 0000 | 49b8 8001 | 0000 0000 | 0000 0f84 | 0a00 0000 | 49b8 9001 
  0x000001e3f105f1d0: 0000 0000 | 0000 4a8b | 3402 488d | 7601 4a89 | 3402 488b | 8424 6801 | 0000 0f84 | 3900 0000 
  0x000001e3f105f1f0: ;   {no_reloc}
  0x000001e3f105f1f0: e910 2d00 | 0090 9090 | 9090 488b 

  0x000001e3f105f1fc: ;   {static_call}
  0x000001e3f105f1fc: d066 90e8 

  0x000001e3f105f200: ; ImmutableOopMap {[216]=Oop [232]=Oop [264]=Oop }
                      ;*invokedynamic {reexecute=0 rethrow=0 return_oop=0}
                      ; - org.springframework.beans.factory.support.AbstractBeanFactory::originalBeanName@17 (line 1288)
                      ; - org.springframework.beans.factory.support.AbstractBeanFactory::doGetBean@136 (line 273)
  0x000001e3f105f200: 7cfe fe06 

  0x000001e3f105f204: ;   {other}
  0x000001e3f105f204: 0f1f 8400 | f442 0021 

  0x000001e3f105f20c: ;   {metadata(method data for {method} {0x000001e3c58dad50} 'originalBeanName' '(Ljava/lang/String;)Ljava/lang/String;' in 'org/springframework/beans/factory/support/AbstractBeanFactory')}
  0x000001e3f105f20c: 48ba 60cd | 2bc6 e301 | 0000 488d | 92c0 0100 | 0048 8bf0 | 4885 f675 | 0448 830a | 0148 8bb4 
  0x000001e3f105f22c: 2408 0100 | 0048 83fe 

  0x000001e3f105f234: ;   {metadata(method data for {method} {0x000001e3c58d6950} 'doGetBean' '(Ljava/lang/String;Ljava/lang/Class;[Ljava/lang/Object;Z)Ljava/lang/Object;' in 'org/springframework/beans/factory/support/AbstractBeanFactory')}
  0x000001e3f105f234: 0075 1648 | bb00 b12b | c6e3 0100 | 0080 8bf1 | 0400 0001 | e9cd 0000 

  0x000001e3f105f24c: ;   {metadata('org/springframework/beans/factory/support/AbstractBeanFactory')}
  0x000001e3f105f24c: 0048 b9f8 | 2114 85e3 | 0100 008b | 5e08 49ba | 0000 0084 | e301 0000 | 4903 da48 | 3b4b 500f 
  0x000001e3f105f26c: 858d 0000 

  0x000001e3f105f270: ;   {metadata(method data for {method} {0x000001e3c58d6950} 'doGetBean' '(Ljava/lang/String;Ljava/lang/Class;[Ljava/lang/Object;Z)Ljava/lang/Object;' in 'org/springframework/beans/factory/support/AbstractBeanFactory')}
  0x000001e3f105f270: 0048 bb00 | b12b c6e3 | 0100 008b | 4e08 49ba | 0000 0084 | e301 0000 | 4903 ca48 | 3b8b 0805 
  0x000001e3f105f290: 0000 750d | 4883 8310 | 0500 0001 | e97e 0000 | 0048 3b8b | 1805 0000 | 750d 4883 | 8320 0500 
  0x000001e3f105f2b0: 0001 e968 | 0000 0048 | 83bb 0805 | 0000 0075 | 1748 898b | 0805 0000 | 48c7 8310 | 0500 0001 
  0x000001e3f105f2d0: 0000 00e9 | 4700 0000 | 4883 bb18 | 0500 0000 | 7517 4889 | 8b18 0500 | 0048 c783 | 2005 0000 
  0x000001e3f105f2f0: 0100 0000 | e926 0000 | 00e9 2100 

  0x000001e3f105f2fc: ;   {metadata(method data for {method} {0x000001e3c58d6950} 'doGetBean' '(Ljava/lang/String;Ljava/lang/Class;[Ljava/lang/Object;Z)Ljava/lang/Object;' in 'org/springframework/beans/factory/support/AbstractBeanFactory')}
  0x000001e3f105f2fc: 0000 48bb | 00b1 2bc6 | e301 0000 | 4883 abf8 | 0400 0001 | e905 0000 | 00e9 0500 | 0000 4833 
  0x000001e3f105f31c: d2eb 0a48 | ba01 0000 | 0000 0000 | 0083 fa00 

  0x000001e3f105f32c: ;   {metadata(method data for {method} {0x000001e3c58d6950} 'doGetBean' '(Ljava/lang/String;Ljava/lang/Class;[Ljava/lang/Object;Z)Ljava/lang/Object;' in 'org/springframework/beans/factory/support/AbstractBeanFactory')}
  0x000001e3f105f32c: 48ba 00b1 | 2bc6 e301 | 0000 48bf | 4005 0000 | 0000 0000 | 0f85 0a00 | 0000 48bf | 3005 0000 
  0x000001e3f105f34c: 0000 0000 | 488b 1c3a | 488d 5b01 | 4889 1c3a | 488b bc24 | d800 0000 | 0f85 100e | 0000 4883 
  0x000001e3f105f36c: ;   {metadata(method data for {method} {0x000001e3c58d6950} 'doGetBean' '(Ljava/lang/String;Ljava/lang/Class;[Ljava/lang/Object;Z)Ljava/lang/Object;' in 'org/springframework/beans/factory/support/AbstractBeanFactory')}
  0x000001e3f105f36c: ff00 48ba | 00b1 2bc6 | e301 0000 | 48bb d005 | 0000 0000 | 0000 0f85 | 0a00 0000 | 48bb c005 
  0x000001e3f105f38c: 0000 0000 | 0000 488b | 0c1a 488d | 4901 4889 | 0c1a 0f85 | 060d 0000 | 4c8b 8c24 | e800 0000 
  0x000001e3f105f3ac: 4983 f900 

  0x000001e3f105f3b0: ;   {metadata(method data for {method} {0x000001e3c58d6950} 'doGetBean' '(Ljava/lang/String;Ljava/lang/Class;[Ljava/lang/Object;Z)Ljava/lang/Object;' in 'org/springframework/beans/factory/support/AbstractBeanFactory')}
  0x000001e3f105f3b0: 48ba 00b1 | 2bc6 e301 | 0000 48bf | 1806 0000 | 0000 0000 | 0f84 0a00 | 0000 48bf | 2806 0000 
  0x000001e3f105f3d0: 0000 0000 | 488b 1c3a | 488d 5b01 | 4889 1c3a | 0f84 f40b | 0000 e917 | 0b00 0048 | 8984 2470 
  0x000001e3f105f3f0: 0100 0048 | 8b94 24d0 | 0000 008b | 720c 483b | 0648 8bfe 

  0x000001e3f105f404: ;   {metadata(method data for {method} {0x000001e3c58d6950} 'doGetBean' '(Ljava/lang/String;Ljava/lang/Class;[Ljava/lang/Object;Z)Ljava/lang/Object;' in 'org/springframework/beans/factory/support/AbstractBeanFactory')}
  0x000001e3f105f404: 48bb 00b1 | 2bc6 e301 | 0000 8b7f | 0849 ba00 | 0000 84e3 | 0100 0049 | 03fa 483b | bbd0 0100 
  0x000001e3f105f424: 0075 0d48 | 8383 d801 | 0000 01e9 | 6000 0000 | 483b bbe0 | 0100 0075 | 0d48 8383 | e801 0000 
  0x000001e3f105f444: 01e9 4a00 | 0000 4883 | bbd0 0100 | 0000 7517 | 4889 bbd0 | 0100 0048 | c783 d801 | 0000 0100 
  0x000001e3f105f464: 0000 e929 | 0000 0048 | 83bb e001 | 0000 0075 | 1748 89bb | e001 0000 | 48c7 83e8 | 0100 0001 
  0x000001e3f105f484: 0000 00e9 | 0800 0000 | 4883 83c0 | 0100 0001 | 488b d666 | 0f1f 4400 | 0048 b8a0 | 0d02 85e3 
  0x000001e3f105f4a4: ;   {virtual_call}
  0x000001e3f105f4a4: 0100 00e8 

  0x000001e3f105f4a8: ; ImmutableOopMap {[208]=Oop [232]=Oop [240]=Oop [256]=Oop [368]=Oop }
                      ;*invokeinterface isTraceEnabled {reexecute=0 rethrow=0 return_oop=0}
                      ; - org.springframework.beans.factory.support.AbstractBeanFactory::doGetBean@28 (line 250)
  0x000001e3f105f4a8: 1466 d6ff 

  0x000001e3f105f4ac: ;   {other}
  0x000001e3f105f4ac: 0f1f 8400 | 9c45 0022 

  0x000001e3f105f4b4: ;   {metadata(method data for {method} {0x000001e3c58d6950} 'doGetBean' '(Ljava/lang/String;Ljava/lang/Class;[Ljava/lang/Object;Z)Ljava/lang/Object;' in 'org/springframework/beans/factory/support/AbstractBeanFactory')}
  0x000001e3f105f4b4: 83f8 0049 | b800 b12b | c6e3 0100 | 0048 baf8 | 0100 0000 | 0000 000f | 840a 0000 | 0048 ba08 
  0x000001e3f105f4d4: 0200 0000 | 0000 0049 | 8b34 1048 | 8d76 0149 | 8934 100f | 842c 0900 | 0048 8b94 | 24d0 0000 
  0x000001e3f105f4f4: 004c 8bc2 

  0x000001e3f105f4f8: ;   {metadata(method data for {method} {0x000001e3c58d6950} 'doGetBean' '(Ljava/lang/String;Ljava/lang/Class;[Ljava/lang/Object;Z)Ljava/lang/Object;' in 'org/springframework/beans/factory/support/AbstractBeanFactory')}
  0x000001e3f105f4f8: 48be 00b1 | 2bc6 e301 | 0000 458b | 4008 49ba | 0000 0084 | e301 0000 | 4d03 c24c | 3b86 2802 
  0x000001e3f105f518: 0000 750d | 4883 8630 | 0200 0001 | e960 0000 | 004c 3b86 | 3802 0000 | 750d 4883 | 8640 0200 
  0x000001e3f105f538: 0001 e94a | 0000 0048 | 83be 2802 | 0000 0075 | 174c 8986 | 2802 0000 | 48c7 8630 | 0200 0001 
  0x000001e3f105f558: 0000 00e9 | 2900 0000 | 4883 be38 | 0200 0000 | 7517 4c89 | 8638 0200 | 0048 c786 | 4002 0000 
  0x000001e3f105f578: 0100 0000 | e908 0000 | 0048 8386 | 1802 0000 

  0x000001e3f105f588: ;   {metadata(method data for {method} {0x000001e3c58e2800} 'isSingletonCurrentlyInCreation' '(Ljava/lang/String;)Z' in 'org/springframework/beans/factory/support/DefaultSingletonBeanRegistry')}
  0x000001e3f105f588: 0149 b840 | a729 c6e3 | 0100 0041 | 8bb0 cc00 | 0000 83c6 | 0241 89b0 | cc00 0000 | 81e6 feff 
  0x000001e3f105f5a8: 1f00 83fe | 000f 8461 | 2900 008b | 7228 483b | 064c 8bc6 

  0x000001e3f105f5bc: ;   {metadata(method data for {method} {0x000001e3c58e2800} 'isSingletonCurrentlyInCreation' '(Ljava/lang/String;)Z' in 'org/springframework/beans/factory/support/DefaultSingletonBeanRegistry')}
  0x000001e3f105f5bc: 48bf 40a7 | 29c6 e301 | 0000 458b | 4008 49ba | 0000 0084 | e301 0000 | 4d03 c24c | 3b87 2001 
  0x000001e3f105f5dc: 0000 750d | 4883 8728 | 0100 0001 | e960 0000 | 004c 3b87 | 3001 0000 | 750d 4883 | 8738 0100 
  0x000001e3f105f5fc: 0001 e94a | 0000 0048 | 83bf 2001 | 0000 0075 | 174c 8987 | 2001 0000 | 48c7 8728 | 0100 0001 
  0x000001e3f105f61c: 0000 00e9 | 2900 0000 | 4883 bf30 | 0100 0000 | 7517 4c89 | 8730 0100 | 0048 c787 | 3801 0000 
  0x000001e3f105f63c: 0100 0000 | e908 0000 | 0048 8387 | 1001 0000 | 014c 8b84 | 2400 0100 | 0048 8bd6 | 0f1f 4400 
  0x000001e3f105f65c: 0048 b8ff | ffff ffff 

  0x000001e3f105f664: ;   {virtual_call}
  0x000001e3f105f664: ffff ffe8 

  0x000001e3f105f668: ; ImmutableOopMap {[208]=Oop [232]=Oop [240]=Oop [256]=Oop [368]=Oop }
                      ;*invokeinterface contains {reexecute=0 rethrow=0 return_oop=0}
                      ; - org.springframework.beans.factory.support.DefaultSingletonBeanRegistry::isSingletonCurrentlyInCreation@5 (line 344)
                      ; - org.springframework.beans.factory.support.AbstractBeanFactory::doGetBean@39 (line 251)
  0x000001e3f105f668: 14f7 fe06 

  0x000001e3f105f66c: ;   {other}
  0x000001e3f105f66c: 0f1f 8400 | 5c47 0023 | 83e0 0183 

  0x000001e3f105f678: ;   {metadata(method data for {method} {0x000001e3c58d6950} 'doGetBean' '(Ljava/lang/String;Ljava/lang/Class;[Ljava/lang/Object;Z)Ljava/lang/Object;' in 'org/springframework/beans/factory/support/AbstractBeanFactory')}
  0x000001e3f105f678: f800 48ba | 00b1 2bc6 | e301 0000 | 49b8 5002 | 0000 0000 | 0000 0f84 | 0a00 0000 | 49b8 6002 
  0x000001e3f105f698: 0000 0000 | 0000 4a8b | 3402 488d | 7601 4a89 | 3402 488b | 9424 d000 | 0000 0f84 | 2901 0000 
  0x000001e3f105f6b8: 8b72 0c0f | 1f44 0000 

  0x000001e3f105f6c0: ;   {no_reloc}
  0x000001e3f105f6c0: e984 2800 | 0090 9090 | 9090 488b | 9424 0001 | 0000 4889 | b424 7801 | 0000 0f1f 

  0x000001e3f105f6dc: ;   {static_call}
  0x000001e3f105f6dc: 4400 00e8 

  0x000001e3f105f6e0: ; ImmutableOopMap {[208]=Oop [232]=Oop [240]=Oop [256]=Oop [368]=Oop [376]=Oop }
                      ;*invokedynamic {reexecute=0 rethrow=0 return_oop=0}
                      ; - org.springframework.beans.factory.support.AbstractBeanFactory::doGetBean@51 (line 252)
  0x000001e3f105f6e0: 9cf9 fe06 

  0x000001e3f105f6e4: ;   {other}
  0x000001e3f105f6e4: 0f1f 8400 | d447 0024 

  0x000001e3f105f6ec: ;   {metadata(method data for {method} {0x000001e3c58d6950} 'doGetBean' '(Ljava/lang/String;Ljava/lang/Class;[Ljava/lang/Object;Z)Ljava/lang/Object;' in 'org/springframework/beans/factory/support/AbstractBeanFactory')}
  0x000001e3f105f6ec: 49b8 00b1 | 2bc6 e301 | 0000 4d8d | 8090 0200 | 0048 8bd0 | 4885 d275 | 0449 8308 | 0148 8bb4 
  0x000001e3f105f70c: 2478 0100 | 0048 3b06 

  0x000001e3f105f714: ;   {metadata(method data for {method} {0x000001e3c58d6950} 'doGetBean' '(Ljava/lang/String;Ljava/lang/Class;[Ljava/lang/Object;Z)Ljava/lang/Object;' in 'org/springframework/beans/factory/support/AbstractBeanFactory')}
  0x000001e3f105f714: 4c8b c648 | ba00 b12b | c6e3 0100 | 0045 8b40 | 0849 ba00 | 0000 84e3 | 0100 004d | 03c2 4c3b 
  0x000001e3f105f734: 82b0 0200 | 0075 0d48 | 8382 b802 | 0000 01e9 | 6000 0000 | 4c3b 82c0 | 0200 0075 | 0d48 8382 
  0x000001e3f105f754: c802 0000 | 01e9 4a00 | 0000 4883 | bab0 0200 | 0000 7517 | 4c89 82b0 | 0200 0048 | c782 b802 
  0x000001e3f105f774: 0000 0100 | 0000 e929 | 0000 0048 | 83ba c002 | 0000 0075 | 174c 8982 | c002 0000 | 48c7 82c8 
  0x000001e3f105f794: 0200 0001 | 0000 00e9 | 0800 0000 | 4883 82a0 | 0200 0001 | 4c8b c048 | 8bd6 0f1f | 8000 0000 
  0x000001e3f105f7b4: 0048 b8ff | ffff ffff 

  0x000001e3f105f7bc: ;   {virtual_call}
  0x000001e3f105f7bc: ffff ffe8 

  0x000001e3f105f7c0: ; ImmutableOopMap {[208]=Oop [232]=Oop [240]=Oop [256]=Oop [368]=Oop }
                      ;*invokeinterface trace {reexecute=0 rethrow=0 return_oop=0}
                      ; - org.springframework.beans.factory.support.AbstractBeanFactory::doGetBean@56 (line 252)
  0x000001e3f105f7c0: bcf5 fe06 

  0x000001e3f105f7c4: ;   {other}
  0x000001e3f105f7c4: 0f1f 8400 | b448 0025 

  0x000001e3f105f7cc: ;   {metadata(method data for {method} {0x000001e3c58d6950} 'doGetBean' '(Ljava/lang/String;Ljava/lang/Class;[Ljava/lang/Object;Z)Ljava/lang/Object;' in 'org/springframework/beans/factory/support/AbstractBeanFactory')}
  0x000001e3f105f7cc: 48ba 00b1 | 2bc6 e301 | 0000 ff82 | d802 0000 | e938 0600 | 008b 720c | 0f1f 4000 

  0x000001e3f105f7e8: ;   {no_reloc}
  0x000001e3f105f7e8: e97a 2700 | 0090 9090 | 9090 488b | 9424 0001 | 0000 4889 | b424 8001 | 0000 0f1f 

  0x000001e3f105f804: ;   {static_call}
  0x000001e3f105f804: 4400 00e8 

  0x000001e3f105f808: ; ImmutableOopMap {[208]=Oop [232]=Oop [240]=Oop [256]=Oop [368]=Oop [384]=Oop }
                      ;*invokedynamic {reexecute=0 rethrow=0 return_oop=0}
                      ; - org.springframework.beans.factory.support.AbstractBeanFactory::doGetBean@70 (line 256)
  0x000001e3f105f808: 74f8 fe06 

  0x000001e3f105f80c: ;   {other}
  0x000001e3f105f80c: 0f1f 8400 | fc48 0026 

  0x000001e3f105f814: ;   {metadata(method data for {method} {0x000001e3c58d6950} 'doGetBean' '(Ljava/lang/String;Ljava/lang/Class;[Ljava/lang/Object;Z)Ljava/lang/Object;' in 'org/springframework/beans/factory/support/AbstractBeanFactory')}
  0x000001e3f105f814: 49b8 00b1 | 2bc6 e301 | 0000 4d8d | 8010 0300 | 0048 8bd0 | 4885 d275 | 0449 8308 | 0148 8bb4 
  0x000001e3f105f834: 2480 0100 | 0048 3b06 

  0x000001e3f105f83c: ;   {metadata(method data for {method} {0x000001e3c58d6950} 'doGetBean' '(Ljava/lang/String;Ljava/lang/Class;[Ljava/lang/Object;Z)Ljava/lang/Object;' in 'org/springframework/beans/factory/support/AbstractBeanFactory')}
  0x000001e3f105f83c: 4c8b c648 | ba00 b12b | c6e3 0100 | 0045 8b40 | 0849 ba00 | 0000 84e3 | 0100 004d | 03c2 4c3b 
  0x000001e3f105f85c: 8230 0300 | 0075 0d48 | 8382 3803 | 0000 01e9 | 6000 0000 | 4c3b 8240 | 0300 0075 | 0d48 8382 
  0x000001e3f105f87c: 4803 0000 | 01e9 4a00 | 0000 4883 | ba30 0300 | 0000 7517 | 4c89 8230 | 0300 0048 | c782 3803 
  0x000001e3f105f89c: 0000 0100 | 0000 e929 | 0000 0048 | 83ba 4003 | 0000 0075 | 174c 8982 | 4003 0000 | 48c7 8248 
  0x000001e3f105f8bc: 0300 0001 | 0000 00e9 | 0800 0000 | 4883 8220 | 0300 0001 | 4c8b c048 | 8bd6 0f1f | 8000 0000 
  0x000001e3f105f8dc: 0048 b8ff | ffff ffff 

  0x000001e3f105f8e4: ;   {virtual_call}
  0x000001e3f105f8e4: ffff ffe8 

  0x000001e3f105f8e8: ; ImmutableOopMap {[208]=Oop [232]=Oop [240]=Oop [256]=Oop [368]=Oop }
                      ;*invokeinterface trace {reexecute=0 rethrow=0 return_oop=0}
                      ; - org.springframework.beans.factory.support.AbstractBeanFactory::doGetBean@75 (line 256)
  0x000001e3f105f8e8: 94f4 fe06 

  0x000001e3f105f8ec: ;   {other}
  0x000001e3f105f8ec: 0f1f 8400 | dc49 0027 | e920 0500 | 0048 8b9c | 2430 0100 | 004c 8b8c | 24e8 0000 | 0049 8b87 
  0x000001e3f105f90c: 0005 0000 | 4d33 d24d | 8997 0005 | 0000 4d33 | d24d 8997 | 0805 0000 | 4983 f900 

  0x000001e3f105f928: ;   {metadata(method data for {method} {0x000001e3c58d6950} 'doGetBean' '(Ljava/lang/String;Ljava/lang/Class;[Ljava/lang/Object;Z)Ljava/lang/Object;' in 'org/springframework/beans/factory/support/AbstractBeanFactory')}
  0x000001e3f105f928: 48ba 00b1 | 2bc6 e301 | 0000 48be | e00a 0000 | 0000 0000 | 0f84 0a00 | 0000 48be | f00a 0000 
  0x000001e3f105f948: 0000 0000 | 488b 3c32 | 488d 7f01 | 4889 3c32 | 0f84 ee0d | 0000 4889 | 8424 8801 | 0000 6690 
  0x000001e3f105f968: ;   {no_reloc}
  0x000001e3f105f968: e918 2600 | 0000 0000 | 0000 80ba | 2001 0000 | 050f 8515 | 2600 0049 | 8b87 b801 | 0000 488d 
  0x000001e3f105f988: 7830 493b | bfc8 0100 | 000f 87fd | 2500 0049 | 89bf b801 | 0000 48c7 | 0001 0000 | 0048 8bca 
  0x000001e3f105f9a8: 49ba 0000 | 0084 e301 | 0000 492b | ca89 4808 | 4833 c989 | 480c 4833 | c948 8948 | 1048 8948 
  0x000001e3f105f9c8: 1848 8948 | 2048 8948 | 2848 8984 | 2490 0100 | 0048 8bd3 

  0x000001e3f105f9dc: ;   {metadata(method data for {method} {0x000001e3c58d6950} 'doGetBean' '(Ljava/lang/String;Ljava/lang/Class;[Ljava/lang/Object;Z)Ljava/lang/Object;' in 'org/springframework/beans/factory/support/AbstractBeanFactory')}
  0x000001e3f105f9dc: 48be 00b1 | 2bc6 e301 | 0000 8b52 | 0849 ba00 | 0000 84e3 | 0100 0049 | 03d2 483b | 9610 0b00 
  0x000001e3f105f9fc: 0075 0d48 | 8386 180b | 0000 01e9 | 6000 0000 | 483b 9620 | 0b00 0075 | 0d48 8386 | 280b 0000 
  0x000001e3f105fa1c: 01e9 4a00 | 0000 4883 | be10 0b00 | 0000 7517 | 4889 9610 | 0b00 0048 | c786 180b | 0000 0100 
  0x000001e3f105fa3c: 0000 e929 | 0000 0048 | 83be 200b | 0000 0075 | 1748 8996 | 200b 0000 | 48c7 8628 | 0b00 0001 
  0x000001e3f105fa5c: 0000 00e9 | 0800 0000 | 4883 8600 | 0b00 0001 

  0x000001e3f105fa6c: ;   {metadata(method data for {method} {0x000001e3c5907618} 'getResourceDescription' '()Ljava/lang/String;' in 'org/springframework/beans/factory/support/AbstractBeanDefinition')}
  0x000001e3f105fa6c: 48ba 88de | 2bc6 e301 | 0000 8bb2 | cc00 0000 | 83c6 0289 | b2cc 0000 | 0081 e6fe | ff1f 0083 
  0x000001e3f105fa8c: fe00 0f84 | 0d25 0000 | 8b53 6048 

  0x000001e3f105fa98: ;   {metadata(method data for {method} {0x000001e3c5907618} 'getResourceDescription' '()Ljava/lang/String;' in 'org/springframework/beans/factory/support/AbstractBeanDefinition')}
  0x000001e3f105fa98: 83fa 0048 | be88 de2b | c6e3 0100 | 0048 bf10 | 0100 0000 | 0000 000f | 840a 0000 | 0048 bf20 
  0x000001e3f105fab8: 0100 0000 | 0000 0048 | 8b1c 3e48 | 8d5b 0148 | 891c 3e0f | 84c8 0000 | 0048 3b02 

  0x000001e3f105fad4: ;   {metadata(method data for {method} {0x000001e3c5907618} 'getResourceDescription' '()Ljava/lang/String;' in 'org/springframework/beans/factory/support/AbstractBeanDefinition')}
  0x000001e3f105fad4: 488b fa48 | bb88 de2b | c6e3 0100 | 008b 7f08 | 49ba 0000 | 0084 e301 | 0000 4903 | fa48 3bbb 
  0x000001e3f105faf4: 4001 0000 | 750d 4883 | 8348 0100 | 0001 e960 | 0000 0048 | 3bbb 5001 | 0000 750d | 4883 8358 
  0x000001e3f105fb14: 0100 0001 | e94a 0000 | 0048 83bb | 4001 0000 | 0075 1748 | 89bb 4001 | 0000 48c7 | 8348 0100 
  0x000001e3f105fb34: 0001 0000 | 00e9 2900 | 0000 4883 | bb50 0100 | 0000 7517 | 4889 bb50 | 0100 0048 | c783 5801 
  0x000001e3f105fb54: 0000 0100 | 0000 e908 | 0000 0048 | 8383 3001 | 0000 0166 | 0f1f 4400 | 0048 b8ff | ffff ffff 
  0x000001e3f105fb74: ;   {virtual_call}
  0x000001e3f105fb74: ffff ffe8 

  0x000001e3f105fb78: ; ImmutableOopMap {[208]=Oop [232]=Oop [256]=Oop [392]=Oop [400]=Oop }
                      ;*invokeinterface getDescription {reexecute=0 rethrow=0 return_oop=0}
                      ; - org.springframework.beans.factory.support.AbstractBeanDefinition::getResourceDescription@11 (line 1152)
                      ; - org.springframework.beans.factory.support.AbstractBeanFactory::doGetBean@413 (line 323)
  0x000001e3f105fb78: 04f2 fe06 

  0x000001e3f105fb7c: ;   {other}
  0x000001e3f105fb7c: 0f1f 8400 | 6c4c 0028 

  0x000001e3f105fb84: ;   {metadata(method data for {method} {0x000001e3c5907618} 'getResourceDescription' '()Ljava/lang/String;' in 'org/springframework/beans/factory/support/AbstractBeanDefinition')}
  0x000001e3f105fb84: 48ba 88de | 2bc6 e301 | 0000 ff82 | 6801 0000 | e943 0900 

  0x000001e3f105fb98: ;   {oop(nullptr)}
  0x000001e3f105fb98: 0048 b800 | 0000 0000 | 0000 00e9 | 3409 0000 | 488b 9c24 | 3001 0000 | 498b 8700 | 0500 004d 
  0x000001e3f105fbb8: 33d2 4d89 | 9700 0500 | 004d 33d2 | 4d89 9708 | 0500 0048 | 8984 24a0 | 0100 000f | 1f44 0000 
  0x000001e3f105fbd8: ;   {no_reloc}
  0x000001e3f105fbd8: e9f9 2300 | 0000 0000 | 0000 80ba | 2001 0000 | 050f 85f6 | 2300 0049 | 8b87 b801 | 0000 488d 
  0x000001e3f105fbf8: 7830 493b | bfc8 0100 | 000f 87de | 2300 0049 | 89bf b801 | 0000 48c7 | 0001 0000 | 0048 8bca 
  0x000001e3f105fc18: 49ba 0000 | 0084 e301 | 0000 492b | ca89 4808 | 4833 c989 | 480c 4833 | c948 8948 | 1048 8948 
  0x000001e3f105fc38: 1848 8948 | 2048 8948 | 2848 8984 | 2498 0100 | 0048 8bd3 

  0x000001e3f105fc4c: ;   {metadata(method data for {method} {0x000001e3c58d6950} 'doGetBean' '(Ljava/lang/String;Ljava/lang/Class;[Ljava/lang/Object;Z)Ljava/lang/Object;' in 'org/springframework/beans/factory/support/AbstractBeanFactory')}
  0x000001e3f105fc4c: 48be 00b1 | 2bc6 e301 | 0000 8b52 | 0849 ba00 | 0000 84e3 | 0100 0049 | 03d2 483b | 9668 0a00 
  0x000001e3f105fc6c: 0075 0d48 | 8386 700a | 0000 01e9 | 6000 0000 | 483b 9678 | 0a00 0075 | 0d48 8386 | 800a 0000 
  0x000001e3f105fc8c: 01e9 4a00 | 0000 4883 | be68 0a00 | 0000 7517 | 4889 9668 | 0a00 0048 | c786 700a | 0000 0100 
  0x000001e3f105fcac: 0000 e929 | 0000 0048 | 83be 780a | 0000 0075 | 1748 8996 | 780a 0000 | 48c7 8680 | 0a00 0001 
  0x000001e3f105fccc: 0000 00e9 | 0800 0000 | 4883 8658 | 0a00 0001 

  0x000001e3f105fcdc: ;   {metadata(method data for {method} {0x000001e3c5907618} 'getResourceDescription' '()Ljava/lang/String;' in 'org/springframework/beans/factory/support/AbstractBeanDefinition')}
  0x000001e3f105fcdc: 48ba 88de | 2bc6 e301 | 0000 8bb2 | cc00 0000 | 83c6 0289 | b2cc 0000 | 0081 e6fe | ff1f 0083 
  0x000001e3f105fcfc: fe00 0f84 | ee22 0000 | 8b53 6048 

  0x000001e3f105fd08: ;   {metadata(method data for {method} {0x000001e3c5907618} 'getResourceDescription' '()Ljava/lang/String;' in 'org/springframework/beans/factory/support/AbstractBeanDefinition')}
  0x000001e3f105fd08: 83fa 0048 | be88 de2b | c6e3 0100 | 0048 bf10 | 0100 0000 | 0000 000f | 840a 0000 | 0048 bf20 
  0x000001e3f105fd28: 0100 0000 | 0000 0048 | 8b1c 3e48 | 8d5b 0148 | 891c 3e0f | 84c9 0000 | 0048 3b02 

  0x000001e3f105fd44: ;   {metadata(method data for {method} {0x000001e3c5907618} 'getResourceDescription' '()Ljava/lang/String;' in 'org/springframework/beans/factory/support/AbstractBeanDefinition')}
  0x000001e3f105fd44: 488b fa48 | bb88 de2b | c6e3 0100 | 008b 7f08 | 49ba 0000 | 0084 e301 | 0000 4903 | fa48 3bbb 
  0x000001e3f105fd64: 4001 0000 | 750d 4883 | 8348 0100 | 0001 e960 | 0000 0048 | 3bbb 5001 | 0000 750d | 4883 8358 
  0x000001e3f105fd84: 0100 0001 | e94a 0000 | 0048 83bb | 4001 0000 | 0075 1748 | 89bb 4001 | 0000 48c7 | 8348 0100 
  0x000001e3f105fda4: 0001 0000 | 00e9 2900 | 0000 4883 | bb50 0100 | 0000 7517 | 4889 bb50 | 0100 0048 | c783 5801 
  0x000001e3f105fdc4: 0000 0100 | 0000 e908 | 0000 0048 | 8383 3001 | 0000 0166 | 0f1f 4400 | 0048 b8ff | ffff ffff 
  0x000001e3f105fde4: ;   {virtual_call}
  0x000001e3f105fde4: ffff ffe8 

  0x000001e3f105fde8: ; ImmutableOopMap {[208]=Oop [256]=Oop [280]=Oop [408]=Oop [416]=Oop }
                      ;*invokeinterface getDescription {reexecute=0 rethrow=0 return_oop=0}
                      ; - org.springframework.beans.factory.support.AbstractBeanDefinition::getResourceDescription@11 (line 1152)
                      ; - org.springframework.beans.factory.support.AbstractBeanFactory::doGetBean@381 (line 316)
  0x000001e3f105fde8: 94ef fe06 

  0x000001e3f105fdec: ;   {other}
  0x000001e3f105fdec: 0f1f 8400 | dc4e 0029 

  0x000001e3f105fdf4: ;   {metadata(method data for {method} {0x000001e3c5907618} 'getResourceDescription' '()Ljava/lang/String;' in 'org/springframework/beans/factory/support/AbstractBeanDefinition')}
  0x000001e3f105fdf4: 49b8 88de | 2bc6 e301 | 0000 41ff | 8068 0100 | 00e9 1806 

  0x000001e3f105fe08: ;   {oop(nullptr)}
  0x000001e3f105fe08: 0000 48b8 | 0000 0000 | 0000 0000 | e909 0600 | 0048 8b84 | 2470 0100 | 0048 8b94 | 24d0 0000 
  0x000001e3f105fe28: ;   {metadata(method data for {method} {0x000001e3c58d6950} 'doGetBean' '(Ljava/lang/String;Ljava/lang/Class;[Ljava/lang/Object;Z)Ljava/lang/Object;' in 'org/springframework/beans/factory/support/AbstractBeanFactory')}
  0x000001e3f105fe28: 0049 b800 | b12b c6e3 | 0100 008b | 5208 49ba | 0000 0084 | e301 0000 | 4903 d249 | 3b90 6803 
  0x000001e3f105fe48: 0000 750d | 4983 8070 | 0300 0001 | e960 0000 | 0049 3b90 | 7803 0000 | 750d 4983 | 8080 0300 
  0x000001e3f105fe68: 0001 e94a | 0000 0049 | 83b8 6803 | 0000 0075 | 1749 8990 | 6803 0000 | 49c7 8070 | 0300 0001 
  0x000001e3f105fe88: 0000 00e9 | 2900 0000 | 4983 b878 | 0300 0000 | 7517 4989 | 9078 0300 | 0049 c780 | 8003 0000 
  0x000001e3f105fea8: 0100 0000 | e908 0000 | 0049 8380 | 5803 0000 | 014c 8bc0 | 4c8b 8c24 | f000 0000 | 488b bc24 
  0x000001e3f105fec8: 0001 0000 

  0x000001e3f105fecc: ;   {oop(nullptr)}
  0x000001e3f105fecc: 48be 0000 | 0000 0000 | 0000 488b | 9424 d000 

  0x000001e3f105fedc: ;   {optimized virtual_call}
  0x000001e3f105fedc: 0000 90e8 

  0x000001e3f105fee0: ; ImmutableOopMap {[208]=Oop [232]=Oop [240]=Oop }
                      ;*invokevirtual getObjectForBeanInstance {reexecute=0 rethrow=0 return_oop=0}
                      ; - org.springframework.beans.factory.support.AbstractBeanFactory::doGetBean@87 (line 259)
  0x000001e3f105fee0: bc7f 0000 

  0x000001e3f105fee4: ;   {other}
  0x000001e3f105fee4: 0f1f 8400 | d44f 002a 

  0x000001e3f105feec: ;   {metadata(method data for {method} {0x000001e3c58d6950} 'doGetBean' '(Ljava/lang/String;Ljava/lang/Class;[Ljava/lang/Object;Z)Ljava/lang/Object;' in 'org/springframework/beans/factory/support/AbstractBeanFactory')}
  0x000001e3f105feec: 49b8 00b1 | 2bc6 e301 | 0000 41ff | 8090 0300 | 00e9 4904 | 0000 483b | 064c 8bc6 

  0x000001e3f105ff08: ;   {metadata(method data for {method} {0x000001e3c58d6950} 'doGetBean' '(Ljava/lang/String;Ljava/lang/Class;[Ljava/lang/Object;Z)Ljava/lang/Object;' in 'org/springframework/beans/factory/support/AbstractBeanFactory')}
  0x000001e3f105ff08: 49b9 00b1 | 2bc6 e301 | 0000 458b | 4008 49ba | 0000 0084 | e301 0000 | 4d03 c24d | 3b81 4806 
  0x000001e3f105ff28: 0000 750d | 4983 8150 | 0600 0001 | e960 0000 | 004d 3b81 | 5806 0000 | 750d 4983 | 8160 0600 
  0x000001e3f105ff48: 0001 e94a | 0000 0049 | 83b9 4806 | 0000 0075 | 174d 8981 | 4806 0000 | 49c7 8150 | 0600 0001 
  0x000001e3f105ff68: 0000 00e9 | 2900 0000 | 4983 b958 | 0600 0000 | 7517 4d89 | 8158 0600 | 0049 c781 | 6006 0000 
  0x000001e3f105ff88: 0100 0000 | e908 0000 | 0049 8381 | 3806 0000 | 014c 8bc0 | 4c8b 8c24 | e800 0000 | 488b d666 
  0x000001e3f105ffa8: 0f1f 4400 | 0048 b8ff | ffff ffff 

  0x000001e3f105ffb4: ;   {virtual_call}
  0x000001e3f105ffb4: ffff ffe8 

  0x000001e3f105ffb8: ; ImmutableOopMap {}
                      ;*invokeinterface getBean {reexecute=0 rethrow=0 return_oop=0}
                      ; - org.springframework.beans.factory.support.AbstractBeanFactory::doGetBean@192 (line 283)
  0x000001e3f105ffb8: c4ed fe06 

  0x000001e3f105ffbc: ;   {other}
  0x000001e3f105ffbc: 0f1f 8400 | ac50 002b | 4881 c440 | 0200 005d 

  0x000001e3f105ffcc: ;   {poll_return}
  0x000001e3f105ffcc: 493b a750 | 0400 000f | 8744 2000 | 00c3 483b | 064c 8bc6 

  0x000001e3f105ffe0: ;   {metadata(method data for {method} {0x000001e3c58d6950} 'doGetBean' '(Ljava/lang/String;Ljava/lang/Class;[Ljava/lang/Object;Z)Ljava/lang/Object;' in 'org/springframework/beans/factory/support/AbstractBeanFactory')}
  0x000001e3f105ffe0: 48ba 00b1 | 2bc6 e301 | 0000 458b | 4008 49ba | 0000 0084 | e301 0000 | 4d03 c24c | 3b82 8006 
  0x000001e3f1060000: 0000 750d | 4883 8288 | 0600 0001 | e960 0000 | 004c 3b82 | 9006 0000 | 750d 4883 | 8298 0600 
  0x000001e3f1060020: 0001 e94a | 0000 0048 | 83ba 8006 | 0000 0075 | 174c 8982 | 8006 0000 | 48c7 8288 | 0600 0001 
  0x000001e3f1060040: 0000 00e9 | 2900 0000 | 4883 ba90 | 0600 0000 | 7517 4c89 | 8290 0600 | 0048 c782 | 9806 0000 
  0x000001e3f1060060: 0100 0000 | e908 0000 | 0048 8382 | 7006 0000 | 014c 8bc0 | 488b d666 | 0f1f 4400 | 0048 b8ff 
  0x000001e3f1060080: ffff ffff 

  0x000001e3f1060084: ;   {virtual_call}
  0x000001e3f1060084: ffff ffe8 

  0x000001e3f1060088: ; ImmutableOopMap {}
                      ;*invokeinterface getBean {reexecute=0 rethrow=0 return_oop=0}
                      ; - org.springframework.beans.factory.support.AbstractBeanFactory::doGetBean@202 (line 286)
  0x000001e3f1060088: f4ec fe06 

  0x000001e3f106008c: ;   {other}
  0x000001e3f106008c: 0f1f 8400 | 7c51 002c | 4881 c440 | 0200 005d 

  0x000001e3f106009c: ;   {poll_return}
  0x000001e3f106009c: 493b a750 | 0400 000f | 878f 1f00 | 00c3 483b | 064c 8bc6 

  0x000001e3f10600b0: ;   {metadata(method data for {method} {0x000001e3c58d6950} 'doGetBean' '(Ljava/lang/String;Ljava/lang/Class;[Ljava/lang/Object;Z)Ljava/lang/Object;' in 'org/springframework/beans/factory/support/AbstractBeanFactory')}
  0x000001e3f10600b0: 49b9 00b1 | 2bc6 e301 | 0000 458b | 4008 49ba | 0000 0084 | e301 0000 | 4d03 c24d | 3b81 f005 
  0x000001e3f10600d0: 0000 750d | 4983 81f8 | 0500 0001 | e960 0000 | 004d 3b81 | 0006 0000 | 750d 4983 | 8108 0600 
  0x000001e3f10600f0: 0001 e94a | 0000 0049 | 83b9 f005 | 0000 0075 | 174d 8981 | f005 0000 | 49c7 81f8 | 0500 0001 
  0x000001e3f1060110: 0000 00e9 | 2900 0000 | 4983 b900 | 0600 0000 | 7517 4d89 | 8100 0600 | 0049 c781 | 0806 0000 
  0x000001e3f1060130: 0100 0000 | e908 0000 | 0049 8381 | e005 0000 | 014c 8bc0 | 4c8b cf48 | 8bd6 6666 | 9048 b8ff 
  0x000001e3f1060150: ffff ffff 

  0x000001e3f1060154: ;   {virtual_call}
  0x000001e3f1060154: ffff ffe8 

  0x000001e3f1060158: ; ImmutableOopMap {}
                      ;*invokeinterface getBean {reexecute=0 rethrow=0 return_oop=0}
                      ; - org.springframework.beans.factory.support.AbstractBeanFactory::doGetBean@177 (line 279)
  0x000001e3f1060158: 24ec fe06 

  0x000001e3f106015c: ;   {other}
  0x000001e3f106015c: 0f1f 8400 | 4c52 002d | 4881 c440 | 0200 005d 

  0x000001e3f106016c: ;   {poll_return}
  0x000001e3f106016c: 493b a750 | 0400 000f | 87da 1e00 | 00c3 4883 | fe00 7517 

  0x000001e3f1060180: ;   {metadata(method data for {method} {0x000001e3c58d6950} 'doGetBean' '(Ljava/lang/String;Ljava/lang/Class;[Ljava/lang/Object;Z)Ljava/lang/Object;' in 'org/springframework/beans/factory/support/AbstractBeanFactory')}
  0x000001e3f1060180: 49b9 00b1 | 2bc6 e301 | 0000 4180 | 8949 0500 | 0001 e9ce 

  0x000001e3f1060194: ;   {metadata('org/springframework/beans/factory/support/AbstractBeanFactory')}
  0x000001e3f1060194: 0000 0048 | baf8 2114 | 85e3 0100 | 0044 8b4e | 0849 ba00 | 0000 84e3 | 0100 004d | 03ca 493b 
  0x000001e3f10601b4: 5150 0f85 | 8d00 0000 

  0x000001e3f10601bc: ;   {metadata(method data for {method} {0x000001e3c58d6950} 'doGetBean' '(Ljava/lang/String;Ljava/lang/Class;[Ljava/lang/Object;Z)Ljava/lang/Object;' in 'org/springframework/beans/factory/support/AbstractBeanFactory')}
  0x000001e3f10601bc: 49b9 00b1 | 2bc6 e301 | 0000 8b56 | 0849 ba00 | 0000 84e3 | 0100 0049 | 03d2 493b | 9160 0500 
  0x000001e3f10601dc: 0075 0d49 | 8381 6805 | 0000 01e9 | 7900 0000 | 493b 9170 | 0500 0075 | 0d49 8381 | 7805 0000 
  0x000001e3f10601fc: 01e9 6300 | 0000 4983 | b960 0500 | 0000 7517 | 4989 9160 | 0500 0049 | c781 6805 | 0000 0100 
  0x000001e3f106021c: 0000 e942 | 0000 0049 | 83b9 7005 | 0000 0075 | 1749 8991 | 7005 0000 | 49c7 8178 | 0500 0001 
  0x000001e3f106023c: 0000 00e9 | 2100 0000 | e91c 0000 

  0x000001e3f1060248: ;   {metadata(method data for {method} {0x000001e3c58d6950} 'doGetBean' '(Ljava/lang/String;Ljava/lang/Class;[Ljava/lang/Object;Z)Ljava/lang/Object;' in 'org/springframework/beans/factory/support/AbstractBeanFactory')}
  0x000001e3f1060248: 0049 b900 | b12b c6e3 | 0100 0049 | 83a9 5005 | 0000 01e9 | 091e 0000 | e900 0000 | 0048 8bd6 
  0x000001e3f1060268: ; implicit exception: dispatches to 0x000001e3f1062072
  0x000001e3f1060268: 483b 024c 

  0x000001e3f106026c: ;   {metadata(method data for {method} {0x000001e3c58d6950} 'doGetBean' '(Ljava/lang/String;Ljava/lang/Class;[Ljava/lang/Object;Z)Ljava/lang/Object;' in 'org/springframework/beans/factory/support/AbstractBeanFactory')}
  0x000001e3f106026c: 8bc2 49b9 | 00b1 2bc6 | e301 0000 | 458b 4008 | 49ba 0000 | 0084 e301 | 0000 4d03 | c24d 3b81 
  0x000001e3f106028c: 9805 0000 | 750d 4983 | 81a0 0500 | 0001 e960 | 0000 004d | 3b81 a805 | 0000 750d | 4983 81b0 
  0x000001e3f10602ac: 0500 0001 | e94a 0000 | 0049 83b9 | 9805 0000 | 0075 174d | 8981 9805 | 0000 49c7 | 81a0 0500 
  0x000001e3f10602cc: 0001 0000 | 00e9 2900 | 0000 4983 | b9a8 0500 | 0000 7517 | 4d89 81a8 | 0500 0049 | c781 b005 
  0x000001e3f10602ec: 0000 0100 | 0000 e908 | 0000 0049 | 8381 8805 | 0000 014c | 8bc0 4c8b | 8c24 e800 | 0000 8bb4 
  0x000001e3f106030c: 24e0 0000 | 0066 0f1f 

  0x000001e3f1060314: ;   {optimized virtual_call}
  0x000001e3f1060314: 4400 00e8 

  0x000001e3f1060318: ; ImmutableOopMap {}
                      ;*invokevirtual doGetBean {reexecute=0 rethrow=0 return_oop=0}
                      ; - org.springframework.beans.factory.support.AbstractBeanFactory::doGetBean@164 (line 275)
  0x000001e3f1060318: 64e7 fe06 

  0x000001e3f106031c: ;   {other}
  0x000001e3f106031c: 0f1f 8400 | 0c54 002e | 4881 c440 | 0200 005d 

  0x000001e3f106032c: ;   {poll_return}
  0x000001e3f106032c: 493b a750 | 0400 000f | 873e 1d00 

  0x000001e3f1060338: ;   {metadata(method data for {method} {0x000001e3c58d6950} 'doGetBean' '(Ljava/lang/String;Ljava/lang/Class;[Ljava/lang/Object;Z)Ljava/lang/Object;' in 'org/springframework/beans/factory/support/AbstractBeanFactory')}
  0x000001e3f1060338: 00c3 49b8 | 00b1 2bc6 | e301 0000 | 41ff 8020 | 1200 0048 | 8b94 24d0 

  0x000001e3f1060350: ;   {metadata(method data for {method} {0x000001e3c58d6950} 'doGetBean' '(Ljava/lang/String;Ljava/lang/Class;[Ljava/lang/Object;Z)Ljava/lang/Object;' in 'org/springframework/beans/factory/support/AbstractBeanFactory')}
  0x000001e3f1060350: 0000 0049 | b800 b12b | c6e3 0100 | 008b 5208 | 49ba 0000 | 0084 e301 | 0000 4903 | d249 3b90 
  0x000001e3f1060370: 7014 0000 | 750d 4983 | 8078 1400 | 0001 e960 | 0000 0049 | 3b90 8014 | 0000 750d | 4983 8088 
  0x000001e3f1060390: 1400 0001 | e94a 0000 | 0049 83b8 | 7014 0000 | 0075 1749 | 8990 7014 | 0000 49c7 | 8078 1400 
  0x000001e3f10603b0: 0001 0000 | 00e9 2900 | 0000 4983 | b880 1400 | 0000 7517 | 4989 9080 | 1400 0049 | c780 8814 
  0x000001e3f10603d0: 0000 0100 | 0000 e908 | 0000 0049 | 8380 6014 | 0000 014c | 8b84 24f0 | 0000 004c | 8bc8 488b 
  0x000001e3f10603f0: bc24 e800 | 0000 488b | 9424 d000 

  0x000001e3f10603fc: ;   {optimized virtual_call}
  0x000001e3f10603fc: 0000 90e8 

  0x000001e3f1060400: ; ImmutableOopMap {}
                      ;*invokevirtual adaptBeanInstance {reexecute=0 rethrow=0 return_oop=0}
                      ; - org.springframework.beans.factory.support.AbstractBeanFactory::doGetBean@783 (line 403)
  0x000001e3f1060400: 1cab 0100 

  0x000001e3f1060404: ;   {other}
  0x000001e3f1060404: 0f1f 8400 | f454 002f | 4881 c440 | 0200 005d 

  0x000001e3f1060414: ;   {poll_return}
  0x000001e3f1060414: 493b a750 | 0400 000f | 876c 1c00 | 00c3 4889 | 8424 a801 | 0000 660f | 1f44 0000 

  0x000001e3f1060430: ;   {no_reloc}
  0x000001e3f1060430: e97d 1c00 | 0090 9090 | 9090 488b | 9424 0001 | 0000 4c8b | 8424 1801 | 0000 0f1f 

  0x000001e3f106044c: ;   {static_call}
  0x000001e3f106044c: 4400 00e8 

  0x000001e3f1060450: ; ImmutableOopMap {[208]=Oop [256]=Oop [408]=Oop [416]=Oop [424]=Oop }
                      ;*invokedynamic {reexecute=0 rethrow=0 return_oop=0}
                      ; - org.springframework.beans.factory.support.AbstractBeanFactory::doGetBean@390 (line 316)
  0x000001e3f1060450: 2cec fe06 

  0x000001e3f1060454: ;   {other}
  0x000001e3f1060454: 0f1f 8400 | 4455 0030 

  0x000001e3f106045c: ;   {metadata(method data for {method} {0x000001e3c58d6950} 'doGetBean' '(Ljava/lang/String;Ljava/lang/Class;[Ljava/lang/Object;Z)Ljava/lang/Object;' in 'org/springframework/beans/factory/support/AbstractBeanFactory')}
  0x000001e3f106045c: 49b8 00b1 | 2bc6 e301 | 0000 4d8d | 80c0 0a00 | 004c 8bc8 | 4d85 c975 | 0449 8308 | 014c 8b84 
  0x000001e3f106047c: 2498 0100 

  0x000001e3f1060480: ;   {metadata(method data for {method} {0x000001e3c58d6950} 'doGetBean' '(Ljava/lang/String;Ljava/lang/Class;[Ljava/lang/Object;Z)Ljava/lang/Object;' in 'org/springframework/beans/factory/support/AbstractBeanFactory')}
  0x000001e3f1060480: 0049 b900 | b12b c6e3 | 0100 0049 | 8381 d00a | 0000 014c | 8b84 24a8 | 0100 004c | 8b8c 2400 
  0x000001e3f10604a0: 0100 0048 | 8bf8 488b | b424 a001 | 0000 488b | 9424 9801 

  0x000001e3f10604b4: ;   {optimized virtual_call}
  0x000001e3f10604b4: 0000 90e8 

  0x000001e3f10604b8: ; ImmutableOopMap {[208]=Oop [256]=Oop [408]=Oop }
                      ;*invokespecial <init> {reexecute=0 rethrow=0 return_oop=0}
                      ; - org.springframework.beans.factory.support.AbstractBeanFactory::doGetBean@397 (line 316)
  0x000001e3f10604b8: c4e5 fe06 

  0x000001e3f10604bc: ;   {other}
  0x000001e3f10604bc: 0f1f 8400 | ac55 0031 | 488b 8424 

  0x000001e3f10604c8: ; ImmutableOopMap {rax=Oop [208]=Oop [256]=Oop }
                      ;*athrow {reexecute=1 rethrow=0 return_oop=0}
                      ; - (reexecute) org.springframework.beans.factory.support.AbstractBeanFactory::doGetBean@400 (line 316)
  0x000001e3f10604c8: 9801 0000 

  0x000001e3f10604cc: ;   {section_word}
  0x000001e3f10604cc: 48ba cc04 | 06f1 e301 

  0x000001e3f10604d4: ;   {runtime_call handle_exception_nofpu Runtime1 stub}
  0x000001e3f10604d4: 0000 e8a5 | 300a 0790 | 4889 8424 | b001 0000 | 488b 9424 | 8801 0000 

  0x000001e3f10604ec: ;   {metadata(method data for {method} {0x000001e3c58d6950} 'doGetBean' '(Ljava/lang/String;Ljava/lang/Class;[Ljava/lang/Object;Z)Ljava/lang/Object;' in 'org/springframework/beans/factory/support/AbstractBeanFactory')}
  0x000001e3f10604ec: 48bf 00b1 | 2bc6 e301 | 0000 8b52 | 0849 ba00 | 0000 84e3 | 0100 0049 | 03d2 483b | 9748 0b00 
  0x000001e3f106050c: 0075 0d48 | 8387 500b | 0000 01e9 | 6000 0000 | 483b 9758 | 0b00 0075 | 0d48 8387 | 600b 0000 
  0x000001e3f106052c: 01e9 4a00 | 0000 4883 | bf48 0b00 | 0000 7517 | 4889 9748 | 0b00 0048 | c787 500b | 0000 0100 
  0x000001e3f106054c: 0000 e929 | 0000 0048 | 83bf 580b | 0000 0075 | 1748 8997 | 580b 0000 | 48c7 8760 | 0b00 0001 
  0x000001e3f106056c: 0000 00e9 | 0800 0000 | 4883 8738 | 0b00 0001 | 488b 9424 | 8801 0000 | 9048 b8ff | ffff ffff 
  0x000001e3f106058c: ;   {virtual_call}
  0x000001e3f106058c: ffff ffe8 

  0x000001e3f1060590: ; ImmutableOopMap {[208]=Oop [232]=Oop [256]=Oop [392]=Oop [400]=Oop [432]=Oop }
                      ;*invokevirtual getBeanName {reexecute=0 rethrow=0 return_oop=0}
                      ; - org.springframework.beans.factory.support.AbstractBeanFactory::doGetBean@420 (line 324)
  0x000001e3f1060590: ece7 fe06 

  0x000001e3f1060594: ;   {other}
  0x000001e3f1060594: 0f1f 8400 | 8456 0033 | 4c8b 8c24 | e800 0000 

  0x000001e3f10605a4: ; implicit exception: dispatches to 0x000001e3f10620bc
  0x000001e3f10605a4: 493b 0149 

  0x000001e3f10605a8: ;   {metadata(method data for {method} {0x000001e3c58d6950} 'doGetBean' '(Ljava/lang/String;Ljava/lang/Class;[Ljava/lang/Object;Z)Ljava/lang/Object;' in 'org/springframework/beans/factory/support/AbstractBeanFactory')}
  0x000001e3f10605a8: 8bd1 48be | 00b1 2bc6 | e301 0000 | 4883 8670 | 0b00 0001 | 498b d148 | 8984 24b8 

  0x000001e3f10605c4: ;   {optimized virtual_call}
  0x000001e3f10605c4: 0100 00e8 

  0x000001e3f10605c8: ; ImmutableOopMap {[208]=Oop [256]=Oop [392]=Oop [400]=Oop [432]=Oop [440]=Oop }
                      ;*invokevirtual getSimpleName {reexecute=0 rethrow=0 return_oop=0}
                      ; - org.springframework.beans.factory.support.AbstractBeanFactory::doGetBean@424 (line 325)
  0x000001e3f10605c8: b4e4 fe06 

  0x000001e3f10605cc: ;   {other}
  0x000001e3f10605cc: 0f1f 8400 | bc56 0034 | 488b 9424 | 8801 0000 

  0x000001e3f10605dc: ;   {metadata(method data for {method} {0x000001e3c58d6950} 'doGetBean' '(Ljava/lang/String;Ljava/lang/Class;[Ljava/lang/Object;Z)Ljava/lang/Object;' in 'org/springframework/beans/factory/support/AbstractBeanFactory')}
  0x000001e3f10605dc: 48be 00b1 | 2bc6 e301 | 0000 8b52 | 0849 ba00 | 0000 84e3 | 0100 0049 | 03d2 483b | 96b8 0b00 
  0x000001e3f10605fc: 0075 0d48 | 8386 c00b | 0000 01e9 | 6000 0000 | 483b 96c8 | 0b00 0075 | 0d48 8386 | d00b 0000 
  0x000001e3f106061c: 01e9 4a00 | 0000 4883 | beb8 0b00 | 0000 7517 | 4889 96b8 | 0b00 0048 | c786 c00b | 0000 0100 
  0x000001e3f106063c: 0000 e929 | 0000 0048 | 83be c80b | 0000 0075 | 1748 8996 | c80b 0000 | 48c7 86d0 | 0b00 0001 
  0x000001e3f106065c: 0000 00e9 | 0800 0000 | 4883 86a8 | 0b00 0001 | 488b 9424 | 8801 0000 | 4889 8424 | c001 0000 
  0x000001e3f106067c: 9048 b8ff | ffff ffff 

  0x000001e3f1060684: ;   {virtual_call}
  0x000001e3f1060684: ffff ffe8 

  0x000001e3f1060688: ; ImmutableOopMap {[208]=Oop [256]=Oop [392]=Oop [400]=Oop [432]=Oop [440]=Oop [448]=Oop }
                      ;*invokevirtual getMessage {reexecute=0 rethrow=0 return_oop=0}
                      ; - org.springframework.beans.factory.support.AbstractBeanFactory::doGetBean@431 (line 326)
  0x000001e3f1060688: f4e6 fe06 

  0x000001e3f106068c: ;   {other}
  0x000001e3f106068c: 0f1f 8400 | 7c57 0035 | 0f1f 4000 

  0x000001e3f1060698: ;   {no_reloc}
  0x000001e3f1060698: e933 1a00 | 0090 9090 | 9090 488b | 9424 b801 | 0000 4c8b | 8424 c001 | 0000 4c8b | 8c24 0001 
  0x000001e3f10606b8: 0000 488b 

  0x000001e3f10606bc: ;   {static_call}
  0x000001e3f10606bc: f866 90e8 

  0x000001e3f10606c0: ; ImmutableOopMap {[208]=Oop [256]=Oop [392]=Oop [400]=Oop [432]=Oop }
                      ;*invokedynamic {reexecute=0 rethrow=0 return_oop=0}
                      ; - org.springframework.beans.factory.support.AbstractBeanFactory::doGetBean@434 (line 326)
  0x000001e3f10606c0: bce9 fe06 

  0x000001e3f10606c4: ;   {other}
  0x000001e3f10606c4: 0f1f 8400 | b457 0036 

  0x000001e3f10606cc: ;   {metadata(method data for {method} {0x000001e3c58d6950} 'doGetBean' '(Ljava/lang/String;Ljava/lang/Class;[Ljava/lang/Object;Z)Ljava/lang/Object;' in 'org/springframework/beans/factory/support/AbstractBeanFactory')}
  0x000001e3f10606cc: 49b8 00b1 | 2bc6 e301 | 0000 4d8d | 8010 0c00 | 004c 8bc8 | 4d85 c975 | 0449 8308 | 014c 8b84 
  0x000001e3f10606ec: 2490 0100 

  0x000001e3f10606f0: ;   {metadata(method data for {method} {0x000001e3c58d6950} 'doGetBean' '(Ljava/lang/String;Ljava/lang/Class;[Ljava/lang/Object;Z)Ljava/lang/Object;' in 'org/springframework/beans/factory/support/AbstractBeanFactory')}
  0x000001e3f10606f0: 0049 b900 | b12b c6e3 | 0100 0049 | 8381 200c | 0000 014c | 8b84 24b0 | 0100 004c | 8b8c 2400 
  0x000001e3f1060710: 0100 0048 | 8bf8 488b | b424 8801 | 0000 488b | 9424 9001 

  0x000001e3f1060724: ;   {optimized virtual_call}
  0x000001e3f1060724: 0000 90e8 

  0x000001e3f1060728: ; ImmutableOopMap {[208]=Oop [256]=Oop [400]=Oop }
                      ;*invokespecial <init> {reexecute=0 rethrow=0 return_oop=0}
                      ; - org.springframework.beans.factory.support.AbstractBeanFactory::doGetBean@441 (line 326)
  0x000001e3f1060728: 54e3 fe06 

  0x000001e3f106072c: ;   {other}
  0x000001e3f106072c: 0f1f 8400 | 1c58 0037 | 488b 8424 

  0x000001e3f1060738: ; ImmutableOopMap {rax=Oop [208]=Oop [256]=Oop }
                      ;*athrow {reexecute=1 rethrow=0 return_oop=0}
                      ; - (reexecute) org.springframework.beans.factory.support.AbstractBeanFactory::doGetBean@444 (line 326)
  0x000001e3f1060738: 9001 0000 

  0x000001e3f106073c: ;   {section_word}
  0x000001e3f106073c: 48ba 3c07 | 06f1 e301 

  0x000001e3f1060744: ;   {runtime_call handle_exception_nofpu Runtime1 stub}
  0x000001e3f1060744: 0000 e835 

  0x000001e3f1060748: ; ImmutableOopMap {rax=Oop [208]=Oop [256]=Oop }
                      ;*athrow {reexecute=1 rethrow=0 return_oop=0}
                      ; - (reexecute) org.springframework.beans.factory.support.AbstractBeanFactory::doGetBean@447 (line 328)
  0x000001e3f1060748: 2e0a 0790 

  0x000001e3f106074c: ;   {section_word}
  0x000001e3f106074c: 48ba 4c07 | 06f1 e301 

  0x000001e3f1060754: ;   {runtime_call handle_exception_nofpu Runtime1 stub}
  0x000001e3f1060754: 0000 e825 | 2e0a 0790 | 4889 8424 | c801 0000 | 4c8b 9c24 | 1801 0000 | 0f1f 4000 

  0x000001e3f1060770: ;   {no_reloc}
  0x000001e3f1060770: e974 1900 | 0090 9090 | 9090 488b | 9424 0001 | 0000 4d8b 

  0x000001e3f1060784: ;   {static_call}
  0x000001e3f1060784: c366 90e8 

  0x000001e3f1060788: ; ImmutableOopMap {[208]=Oop [256]=Oop [352]=Oop [456]=Oop }
                      ;*invokedynamic {reexecute=0 rethrow=0 return_oop=0}
                      ; - org.springframework.beans.factory.support.AbstractBeanFactory::doGetBean@346 (line 308)
  0x000001e3f1060788: f4e8 fe06 

  0x000001e3f106078c: ;   {other}
  0x000001e3f106078c: 0f1f 8400 | 7c58 003a 

  0x000001e3f1060794: ;   {metadata(method data for {method} {0x000001e3c58d6950} 'doGetBean' '(Ljava/lang/String;Ljava/lang/Class;[Ljava/lang/Object;Z)Ljava/lang/Object;' in 'org/springframework/beans/factory/support/AbstractBeanFactory')}
  0x000001e3f1060794: 49b8 00b1 | 2bc6 e301 | 0000 4d8d | 80b0 0900 | 004c 8bc8 | 4d85 c975 | 0449 8308 | 014c 8b84 
  0x000001e3f10607b4: 2460 0100 

  0x000001e3f10607b8: ;   {metadata(method data for {method} {0x000001e3c58d6950} 'doGetBean' '(Ljava/lang/String;Ljava/lang/Class;[Ljava/lang/Object;Z)Ljava/lang/Object;' in 'org/springframework/beans/factory/support/AbstractBeanFactory')}
  0x000001e3f10607b8: 0049 b900 | b12b c6e3 | 0100 0049 | 8381 c009 | 0000 014c | 8b84 24c8 | 0100 004c | 8b8c 2400 
  0x000001e3f10607d8: 0100 0048 | 8bf8 488b | 9424 6001 

  0x000001e3f10607e4: ;   {optimized virtual_call}
  0x000001e3f10607e4: 0000 90e8 

  0x000001e3f10607e8: ; ImmutableOopMap {[208]=Oop [256]=Oop [352]=Oop }
                      ;*invokespecial <init> {reexecute=0 rethrow=0 return_oop=0}
                      ; - org.springframework.beans.factory.support.AbstractBeanFactory::doGetBean@351 (line 308)
  0x000001e3f10607e8: 94e2 fe06 

  0x000001e3f10607ec: ;   {other}
  0x000001e3f10607ec: 0f1f 8400 | dc58 003b | 488b 8424 

  0x000001e3f10607f8: ; ImmutableOopMap {rax=Oop [208]=Oop [256]=Oop }
                      ;*athrow {reexecute=1 rethrow=0 return_oop=0}
                      ; - (reexecute) org.springframework.beans.factory.support.AbstractBeanFactory::doGetBean@354 (line 308)
  0x000001e3f10607f8: 6001 0000 

  0x000001e3f10607fc: ;   {section_word}
  0x000001e3f10607fc: 48ba fc07 | 06f1 e301 

  0x000001e3f1060804: ;   {runtime_call handle_exception_nofpu Runtime1 stub}
  0x000001e3f1060804: 0000 e875 | 2d0a 0790 | 0f1f 4000 

  0x000001e3f1060810: ;   {no_reloc}
  0x000001e3f1060810: e9ed 1800 | 0000 0000 | 0000 498b | 87b8 0100 | 0048 8d78 | 2849 3bbf | c801 0000 | 0f87 da18 
  0x000001e3f1060830: 0000 4989 | bfb8 0100 | 0048 c700 | 0100 0000 | 488b ca49 | ba00 0000 | 84e3 0100 | 0049 2bca 
  0x000001e3f1060850: 8948 0848 | 33c9 8948 | 0c48 33c9 | 4889 4810 | 4889 4818 | 4889 4820 

  0x000001e3f1060868: ;   {no_reloc}
  0x000001e3f1060868: e9bb 1800 | 0090 9090 | 9090 488b | 9424 4801 | 0000 4889 | 8424 d001 | 0000 0f1f 

  0x000001e3f1060884: ;   {static_call}
  0x000001e3f1060884: 4400 00e8 

  0x000001e3f1060888: ; ImmutableOopMap {[208]=Oop [256]=Oop [464]=Oop }
                      ;*invokedynamic {reexecute=0 rethrow=0 return_oop=0}
                      ; - org.springframework.beans.factory.support.AbstractBeanFactory::doGetBean@618 (line 370)
  0x000001e3f1060888: f4e7 fe06 

  0x000001e3f106088c: ;   {other}
  0x000001e3f106088c: 0f1f 8400 | 7c59 003d 

  0x000001e3f1060894: ;   {metadata(method data for {method} {0x000001e3c58d6950} 'doGetBean' '(Ljava/lang/String;Ljava/lang/Class;[Ljava/lang/Object;Z)Ljava/lang/Object;' in 'org/springframework/beans/factory/support/AbstractBeanFactory')}
  0x000001e3f1060894: 49b8 00b1 | 2bc6 e301 | 0000 4d8d | 8060 1000 | 0048 8bd0 | 4885 d275 | 0449 8308 | 014c 8b84 
  0x000001e3f10608b4: 24d0 0100 

  0x000001e3f10608b8: ;   {metadata(method data for {method} {0x000001e3c58d6950} 'doGetBean' '(Ljava/lang/String;Ljava/lang/Class;[Ljava/lang/Object;Z)Ljava/lang/Object;' in 'org/springframework/beans/factory/support/AbstractBeanFactory')}
  0x000001e3f10608b8: 0048 ba00 | b12b c6e3 | 0100 0048 | 8382 7010 | 0000 014c | 8bc0 488b | 9424 d001 

  0x000001e3f10608d4: ;   {optimized virtual_call}
  0x000001e3f10608d4: 0000 90e8 

  0x000001e3f10608d8: ; ImmutableOopMap {[208]=Oop [256]=Oop [464]=Oop }
                      ;*invokespecial <init> {reexecute=0 rethrow=0 return_oop=0}
                      ; - org.springframework.beans.factory.support.AbstractBeanFactory::doGetBean@623 (line 370)
  0x000001e3f10608d8: a4e1 fe06 

  0x000001e3f10608dc: ;   {other}
  0x000001e3f10608dc: 0f1f 8400 | cc59 003e | 488b 8424 

  0x000001e3f10608e8: ; ImmutableOopMap {rax=Oop [208]=Oop [256]=Oop }
                      ;*athrow {reexecute=1 rethrow=0 return_oop=0}
                      ; - (reexecute) org.springframework.beans.factory.support.AbstractBeanFactory::doGetBean@626 (line 370)
  0x000001e3f10608e8: d001 0000 

  0x000001e3f10608ec: ;   {section_word}
  0x000001e3f10608ec: 48ba ec08 | 06f1 e301 

  0x000001e3f10608f4: ;   {runtime_call handle_exception_nofpu Runtime1 stub}
  0x000001e3f10608f4: 0000 e885 | 2c0a 0790 | 0f1f 4000 

  0x000001e3f1060900: ;   {no_reloc}
  0x000001e3f1060900: e93c 1800 | 0000 0000 | 0000 498b | 87b8 0100 | 0048 8d78 | 2849 3bbf | c801 0000 | 0f87 2918 
  0x000001e3f1060920: 0000 4989 | bfb8 0100 | 0048 c700 | 0100 0000 | 488b ca49 | ba00 0000 | 84e3 0100 | 0049 2bca 
  0x000001e3f1060940: 8948 0848 | 33c9 8948 | 0c48 33c9 | 4889 4810 | 4889 4818 | 4889 4820 

  0x000001e3f1060958: ;   {no_reloc}
  0x000001e3f1060958: e90a 1800 | 0090 9090 | 9090 488b | 9424 0001 | 0000 4889 | 8424 d801 | 0000 0f1f 

  0x000001e3f1060974: ;   {static_call}
  0x000001e3f1060974: 4400 00e8 

  0x000001e3f1060978: ; ImmutableOopMap {[208]=Oop [256]=Oop [472]=Oop }
                      ;*invokedynamic {reexecute=0 rethrow=0 return_oop=0}
                      ; - org.springframework.beans.factory.support.AbstractBeanFactory::doGetBean@582 (line 366)
  0x000001e3f1060978: 04e7 fe06 

  0x000001e3f106097c: ;   {other}
  0x000001e3f106097c: 0f1f 8400 | 6c5a 0040 

  0x000001e3f1060984: ;   {metadata(method data for {method} {0x000001e3c58d6950} 'doGetBean' '(Ljava/lang/String;Ljava/lang/Class;[Ljava/lang/Object;Z)Ljava/lang/Object;' in 'org/springframework/beans/factory/support/AbstractBeanFactory')}
  0x000001e3f1060984: 49b8 00b1 | 2bc6 e301 | 0000 4d8d | 8090 0f00 | 0048 8bd0 | 4885 d275 | 0449 8308 | 014c 8b84 
  0x000001e3f10609a4: 24d8 0100 

  0x000001e3f10609a8: ;   {metadata(method data for {method} {0x000001e3c58d6950} 'doGetBean' '(Ljava/lang/String;Ljava/lang/Class;[Ljava/lang/Object;Z)Ljava/lang/Object;' in 'org/springframework/beans/factory/support/AbstractBeanFactory')}
  0x000001e3f10609a8: 0048 ba00 | b12b c6e3 | 0100 0048 | 8382 a00f | 0000 014c | 8bc0 488b | 9424 d801 

  0x000001e3f10609c4: ;   {optimized virtual_call}
  0x000001e3f10609c4: 0000 90e8 

  0x000001e3f10609c8: ; ImmutableOopMap {[208]=Oop [256]=Oop [472]=Oop }
                      ;*invokespecial <init> {reexecute=0 rethrow=0 return_oop=0}
                      ; - org.springframework.beans.factory.support.AbstractBeanFactory::doGetBean@587 (line 366)
  0x000001e3f10609c8: b4e0 fe06 

  0x000001e3f10609cc: ;   {other}
  0x000001e3f10609cc: 0f1f 8400 | bc5a 0041 | 488b 8424 

  0x000001e3f10609d8: ; ImmutableOopMap {rax=Oop [208]=Oop [256]=Oop }
                      ;*athrow {reexecute=1 rethrow=0 return_oop=0}
                      ; - (reexecute) org.springframework.beans.factory.support.AbstractBeanFactory::doGetBean@590 (line 366)
  0x000001e3f10609d8: d801 0000 

  0x000001e3f10609dc: ;   {section_word}
  0x000001e3f10609dc: 48ba dc09 | 06f1 e301 

  0x000001e3f10609e4: ;   {runtime_call handle_exception_nofpu Runtime1 stub}
  0x000001e3f10609e4: 0000 e895 | 2b0a 0790 | 0f1f 4000 

  0x000001e3f10609f0: ;   {no_reloc}
  0x000001e3f10609f0: e98b 1700 | 0000 0000 | 0000 80ba | 2001 0000 | 050f 8588 | 1700 0049 | 8b87 b801 | 0000 488d 
  0x000001e3f1060a10: 7830 493b | bfc8 0100 | 000f 8770 | 1700 0049 | 89bf b801 | 0000 48c7 | 0001 0000 | 0048 8bca 
  0x000001e3f1060a30: 49ba 0000 | 0084 e301 | 0000 492b | ca89 4808 | 4833 c989 | 480c 4833 | c948 8948 | 1048 8948 
  0x000001e3f1060a50: 1848 8948 | 2048 8948 | 284c 8bc0 

  0x000001e3f1060a5c: ;   {metadata(method data for {method} {0x000001e3c58db848} 'checkMergedBeanDefinition' '(Lorg/springframework/beans/factory/support/RootBeanDefinition;Ljava/lang/String;[Ljava/lang/Object;)V' in 'org/springframework/beans/factory/support/AbstractBeanFactory')}
  0x000001e3f1060a5c: 48ba 20db | 2bc6 e301 | 0000 4883 | 8268 0100 | 0001 4c8b | 8424 0001 | 0000 488b | d048 8984 
  0x000001e3f1060a7c: 24e0 0100 | 0066 0f1f 

  0x000001e3f1060a84: ;   {optimized virtual_call}
  0x000001e3f1060a84: 4400 00e8 

  0x000001e3f1060a88: ; ImmutableOopMap {[208]=Oop [216]=Oop [232]=Oop [240]=Oop [256]=Oop [304]=Oop [480]=Oop }
                      ;*invokespecial <init> {reexecute=0 rethrow=0 return_oop=0}
                      ; - org.springframework.beans.factory.support.AbstractBeanFactory::checkMergedBeanDefinition@12 (line 1498)
                      ; - org.springframework.beans.factory.support.AbstractBeanFactory::doGetBean@279 (line 301)
  0x000001e3f1060a88: f4df fe06 

  0x000001e3f1060a8c: ;   {other}
  0x000001e3f1060a8c: 0f1f 8400 | 7c5b 0043 | 488b 8424 

  0x000001e3f1060a98: ; ImmutableOopMap {rax=Oop [208]=Oop [216]=Oop [232]=Oop [240]=Oop [256]=Oop [304]=Oop }
                      ;*athrow {reexecute=1 rethrow=0 return_oop=0}
                      ; - (reexecute) org.springframework.beans.factory.support.AbstractBeanFactory::checkMergedBeanDefinition@15 (line 1498)
                      ; - org.springframework.beans.factory.support.AbstractBeanFactory::doGetBean@279 (line 301)
  0x000001e3f1060a98: e001 0000 

  0x000001e3f1060a9c: ;   {section_word}
  0x000001e3f1060a9c: 48ba 9c0a | 06f1 e301 

  0x000001e3f1060aa4: ;   {runtime_call handle_exception_nofpu Runtime1 stub}
  0x000001e3f1060aa4: 0000 e8d5 | 2a0a 0790 | 0f1f 4000 

  0x000001e3f1060ab0: ;   {no_reloc}
  0x000001e3f1060ab0: e9f6 1600 | 0000 0000 | 0000 498b | 87b8 0100 | 0048 8d78 | 3049 3bbf | c801 0000 | 0f87 e316 
  0x000001e3f1060ad0: 0000 4989 | bfb8 0100 | 0048 c700 | 0100 0000 | 488b ca49 | ba00 0000 | 84e3 0100 | 0049 2bca 
  0x000001e3f1060af0: 8948 0848 | 33c9 8948 | 0c48 33c9 | 4889 4810 | 4889 4818 | 4889 4820 | 4889 4828 

  0x000001e3f1060b0c: ;   {metadata(method data for {method} {0x000001e384056890} 'requireNonNull' '(Ljava/lang/Object;)Ljava/lang/Object;' in 'java/util/Objects')}
  0x000001e3f1060b0c: 488b d048 | be18 f400 | c5e3 0100 | 0048 8386 | 3001 0000 | 0148 8bd0 | 4889 8424 | e801 0000 
  0x000001e3f1060b2c: ;   {optimized virtual_call}
  0x000001e3f1060b2c: 6666 90e8 

  0x000001e3f1060b30: ; ImmutableOopMap {[208]=Oop [216]=Oop [232]=Oop [240]=Oop [256]=Oop [488]=Oop }
                      ;*invokespecial <init> {reexecute=0 rethrow=0 return_oop=0}
                      ; - java.util.Objects::requireNonNull@8 (line 233)
                      ; - org.springframework.beans.factory.support.AbstractBeanFactory::doGetBean@250 (line 298)
  0x000001e3f1060b30: 4cdf fe06 

  0x000001e3f1060b34: ;   {other}
  0x000001e3f1060b34: 0f1f 8400 | 245c 0045 | 488b 8424 

  0x000001e3f1060b40: ; ImmutableOopMap {rax=Oop [208]=Oop [216]=Oop [232]=Oop [240]=Oop [256]=Oop }
                      ;*athrow {reexecute=1 rethrow=0 return_oop=0}
                      ; - (reexecute) java.util.Objects::requireNonNull@11 (line 233)
                      ; - org.springframework.beans.factory.support.AbstractBeanFactory::doGetBean@250 (line 298)
  0x000001e3f1060b40: e801 0000 

  0x000001e3f1060b44: ;   {section_word}
  0x000001e3f1060b44: 48ba 440b | 06f1 e301 

  0x000001e3f1060b4c: ;   {runtime_call handle_exception_nofpu Runtime1 stub}
  0x000001e3f1060b4c: 0000 e82d | 2a0a 0790 | 4889 8424 | 0001 0000 | 0f1f 4000 

  0x000001e3f1060b60: ;   {no_reloc}
  0x000001e3f1060b60: e96c 1600 | 0000 0000 | 0000 498b | 87b8 0100 | 0048 8d78 | 2849 3bbf | c801 0000 | 0f87 5916 
  0x000001e3f1060b80: 0000 4989 | bfb8 0100 | 0048 c700 | 0100 0000 | 488b ca49 | ba00 0000 | 84e3 0100 | 0049 2bca 
  0x000001e3f1060ba0: 8948 0848 | 33c9 8948 | 0c48 33c9 | 4889 4810 | 4889 4818 | 4889 4820 

  0x000001e3f1060bb8: ;   {metadata(method data for {method} {0x000001e3c54d1e18} 'notNull' '(Ljava/lang/Object;Ljava/lang/String;)V' in 'org/springframework/util/Assert')}
  0x000001e3f1060bb8: 488b d048 | be18 bc63 | c5e3 0100 | 0048 8386 | 3001 0000 

  0x000001e3f1060bcc: ;   {oop("Bean name must not be null"{0x00000000c27e7388})}
  0x000001e3f1060bcc: 0148 ba88 | 737e c200 | 0000 004c | 8bc2 488b | d048 8984 | 24f0 0100 

  0x000001e3f1060be4: ;   {optimized virtual_call}
  0x000001e3f1060be4: 0066 90e8 

  0x000001e3f1060be8: ; ImmutableOopMap {[208]=Oop [216]=Oop [232]=Oop [240]=Oop [256]=Oop [264]=Oop [496]=Oop }
                      ;*invokespecial <init> {reexecute=0 rethrow=0 return_oop=0}
                      ; - org.springframework.util.Assert::notNull@9 (line 172)
                      ; - org.springframework.beans.factory.support.DefaultListableBeanFactory::containsBeanDefinition@3 (line 366)
                      ; - org.springframework.beans.factory.support.AbstractBeanFactory::doGetBean@128 (line 271)
  0x000001e3f1060be8: 94de fe06 

  0x000001e3f1060bec: ;   {other}
  0x000001e3f1060bec: 0f1f 8400 | dc5c 0047 | 488b 8424 | f001 0000 | e90e 1800 | 000f 1f80 | 0000 0000 

  0x000001e3f1060c08: ;   {no_reloc}
  0x000001e3f1060c08: e9ea 1500 | 0000 0000 | 0000 80ba | 2001 0000 | 050f 85e7 | 1500 0049 | 8b87 b801 | 0000 488d 
  0x000001e3f1060c28: 7830 493b | bfc8 0100 | 000f 87cf | 1500 0049 | 89bf b801 | 0000 48c7 | 0001 0000 | 0048 8bca 
  0x000001e3f1060c48: 49ba 0000 | 0084 e301 | 0000 492b | ca89 4808 | 4833 c989 | 480c 4833 | c948 8948 | 1048 8948 
  0x000001e3f1060c68: 1848 8948 | 2048 8948 | 284c 8bc0 

  0x000001e3f1060c74: ;   {metadata(method data for {method} {0x000001e3c58d6950} 'doGetBean' '(Ljava/lang/String;Ljava/lang/Class;[Ljava/lang/Object;Z)Ljava/lang/Object;' in 'org/springframework/beans/factory/support/AbstractBeanFactory')}
  0x000001e3f1060c74: 48ba 00b1 | 2bc6 e301 | 0000 4883 | 8200 0400 | 0001 4c8b | 8424 0001 | 0000 488b | d048 8984 
  0x000001e3f1060c94: 24f8 0100 | 0066 0f1f 

  0x000001e3f1060c9c: ;   {optimized virtual_call}
  0x000001e3f1060c9c: 4400 00e8 

  0x000001e3f1060ca0: ; ImmutableOopMap {[504]=Oop }
                      ;*invokespecial <init> {reexecute=0 rethrow=0 return_oop=0}
                      ; - org.springframework.beans.factory.support.AbstractBeanFactory::doGetBean@110 (line 266)
  0x000001e3f1060ca0: dcdd fe06 

  0x000001e3f1060ca4: ;   {other}
  0x000001e3f1060ca4: 0f1f 8400 | 945d 0048 | 488b 8424 | f801 0000 | e956 1700 | 0049 8b87 | 0005 0000 | 4d33 d24d 
  0x000001e3f1060cc4: 8997 0005 | 0000 4d33 | d24d 8997 | 0805 0000 | 488b d890 

  0x000001e3f1060cd8: ;   {no_reloc}
  0x000001e3f1060cd8: e945 1500 | 0000 0000 | 0000 80ba | 2001 0000 | 050f 8542 | 1500 0049 | 8b87 b801 | 0000 488d 
  0x000001e3f1060cf8: 7830 493b | bfc8 0100 | 000f 872a | 1500 0049 | 89bf b801 | 0000 48c7 | 0001 0000 | 0048 8bca 
  0x000001e3f1060d18: 49ba 0000 | 0084 e301 | 0000 492b | ca89 4808 | 4833 c989 | 480c 4833 | c948 8948 | 1048 8948 
  0x000001e3f1060d38: 1848 8948 | 2048 8948 | 284c 8bc0 

  0x000001e3f1060d44: ;   {metadata(method data for {method} {0x000001e3c58d6950} 'doGetBean' '(Ljava/lang/String;Ljava/lang/Class;[Ljava/lang/Object;Z)Ljava/lang/Object;' in 'org/springframework/beans/factory/support/AbstractBeanFactory')}
  0x000001e3f1060d44: 48bf 00b1 | 2bc6 e301 | 0000 4883 | 8748 1100 | 0001 4c8b | 8424 0001 | 0000 488b | fb48 8bd0 
  0x000001e3f1060d64: 4889 8424 | 0002 0000 

  0x000001e3f1060d6c: ;   {optimized virtual_call}
  0x000001e3f1060d6c: 6666 90e8 

  0x000001e3f1060d70: ; ImmutableOopMap {[208]=Oop [256]=Oop [512]=Oop }
                      ;*invokespecial <init> {reexecute=0 rethrow=0 return_oop=0}
                      ; - org.springframework.beans.factory.support.AbstractBeanFactory::doGetBean@677 (line 385)
  0x000001e3f1060d70: 0cdd fe06 

  0x000001e3f1060d74: ;   {other}
  0x000001e3f1060d74: 0f1f 8400 | 645e 0049 | 488b 8424 

  0x000001e3f1060d80: ; ImmutableOopMap {rax=Oop [208]=Oop [256]=Oop }
                      ;*athrow {reexecute=1 rethrow=0 return_oop=0}
                      ; - (reexecute) org.springframework.beans.factory.support.AbstractBeanFactory::doGetBean@680 (line 385)
  0x000001e3f1060d80: 0002 0000 

  0x000001e3f1060d84: ;   {section_word}
  0x000001e3f1060d84: 48ba 840d | 06f1 e301 

  0x000001e3f1060d8c: ;   {runtime_call handle_exception_nofpu Runtime1 stub}
  0x000001e3f1060d8c: 0000 e8ed | 270a 0790 | 498b 8700 | 0500 004d | 33d2 4d89 | 9700 0500 | 004d 33d2 | 4d89 9708 
  0x000001e3f1060dac: 0500 0048 | 8984 2408 | 0200 0048 | 8b94 24d0 

  0x000001e3f1060dbc: ;   {metadata(method data for {method} {0x000001e3c58d6950} 'doGetBean' '(Ljava/lang/String;Ljava/lang/Class;[Ljava/lang/Object;Z)Ljava/lang/Object;' in 'org/springframework/beans/factory/support/AbstractBeanFactory')}
  0x000001e3f1060dbc: 0000 0049 | b800 b12b | c6e3 0100 | 008b 5208 | 49ba 0000 | 0084 e301 | 0000 4903 | d249 3b90 
  0x000001e3f1060ddc: 900e 0000 | 750d 4983 | 8098 0e00 | 0001 e960 | 0000 0049 | 3b90 a00e | 0000 750d | 4983 80a8 
  0x000001e3f1060dfc: 0e00 0001 | e94a 0000 | 0049 83b8 | 900e 0000 | 0075 1749 | 8990 900e | 0000 49c7 | 8098 0e00 
  0x000001e3f1060e1c: 0001 0000 | 00e9 2900 | 0000 4983 | b8a0 0e00 | 0000 7517 | 4989 90a0 | 0e00 0049 | c780 a80e 
  0x000001e3f1060e3c: 0000 0100 | 0000 e908 | 0000 0049 | 8380 800e | 0000 014c | 8b84 2400 | 0100 0048 | 8b94 24d0 
  0x000001e3f1060e5c: ;   {optimized virtual_call}
  0x000001e3f1060e5c: 0000 00e8 

  0x000001e3f1060e60: ; ImmutableOopMap {[208]=Oop [256]=Oop [520]=Oop }
                      ;*invokevirtual afterPrototypeCreation {reexecute=0 rethrow=0 return_oop=0}
                      ; - org.springframework.beans.factory.support.AbstractBeanFactory::doGetBean@539 (line 358)
  0x000001e3f1060e60: 1cdc fe06 

  0x000001e3f1060e64: ;   {other}
  0x000001e3f1060e64: 0f1f 8400 | 545f 004b | 488b 8424 

  0x000001e3f1060e70: ; ImmutableOopMap {rax=Oop [208]=Oop [256]=Oop }
                      ;*athrow {reexecute=1 rethrow=0 return_oop=0}
                      ; - (reexecute) org.springframework.beans.factory.support.AbstractBeanFactory::doGetBean@544 (line 359)
  0x000001e3f1060e70: 0802 0000 

  0x000001e3f1060e74: ;   {section_word}
  0x000001e3f1060e74: 48ba 740e | 06f1 e301 

  0x000001e3f1060e7c: ;   {runtime_call handle_exception_nofpu Runtime1 stub}
  0x000001e3f1060e7c: 0000 e8fd | 260a 0790 | 498b 8700 | 0500 004d | 33d2 4d89 | 9700 0500 | 004d 33d2 | 4d89 9708 
  0x000001e3f1060e9c: 0500 0048 

  0x000001e3f1060ea0: ;   {metadata(method data for {method} {0x000001e3c58d6950} 'doGetBean' '(Ljava/lang/String;Ljava/lang/Class;[Ljava/lang/Object;Z)Ljava/lang/Object;' in 'org/springframework/beans/factory/support/AbstractBeanFactory')}
  0x000001e3f1060ea0: 8bd0 48be | 00b1 2bc6 | e301 0000 | 4883 8638 | 1200 0001 | 8b50 0849 | ba00 0000 | 84e3 0100 
  0x000001e3f1060ec0: 0049 03d2 | 488b 5270 | 488b 1248 | 3b02 488b 

  0x000001e3f1060ed0: ;   {metadata(method data for {method} {0x000001e3c58d6950} 'doGetBean' '(Ljava/lang/String;Ljava/lang/Class;[Ljava/lang/Object;Z)Ljava/lang/Object;' in 'org/springframework/beans/factory/support/AbstractBeanFactory')}
  0x000001e3f1060ed0: f248 bf00 | b12b c6e3 | 0100 0048 | 8387 7012 | 0000 0148 | 8984 2410 | 0200 000f 

  0x000001e3f1060eec: ;   {optimized virtual_call}
  0x000001e3f1060eec: 1f40 00e8 

  0x000001e3f1060ef0: ; ImmutableOopMap {[208]=Oop [256]=Oop [528]=Oop }
                      ;*invokevirtual toString {reexecute=0 rethrow=0 return_oop=0}
                      ; - org.springframework.beans.factory.support.AbstractBeanFactory::doGetBean@716 (line 390)
  0x000001e3f1060ef0: 2819 0000 

  0x000001e3f1060ef4: ;   {other}
  0x000001e3f1060ef4: 0f1f 8400 | e45f 004d 

  0x000001e3f1060efc: ;   {oop(a 'org/springframework/core/metrics/DefaultApplicationStartup$DefaultStartupStep'{0x00000000c27951b8})}
  0x000001e3f1060efc: 48ba b851 | 79c2 0000 

  0x000001e3f1060f04: ;   {metadata(method data for {method} {0x000001e3c58d6950} 'doGetBean' '(Ljava/lang/String;Ljava/lang/Class;[Ljava/lang/Object;Z)Ljava/lang/Object;' in 'org/springframework/beans/factory/support/AbstractBeanFactory')}
  0x000001e3f1060f04: 0000 48be | 00b1 2bc6 | e301 0000 

  0x000001e3f1060f10: ;   {metadata('org/springframework/core/metrics/DefaultApplicationStartup$DefaultStartupStep')}
  0x000001e3f1060f10: 49ba 182c | 0285 e301 | 0000 4c89 | 96b8 1200 | 0048 8386 | c012 0000 

  0x000001e3f1060f28: ;   {metadata(method data for {method} {0x000001e3c54d0078} 'tag' '(Ljava/lang/String;Ljava/lang/String;)Lorg/springframework/core/metrics/StartupStep;' in 'org/springframework/core/metrics/DefaultApplicationStartup$DefaultStartupStep')}
  0x000001e3f1060f28: 0148 bad0 | d42b c6e3 | 0100 008b | b2cc 0000 | 0083 c602 | 89b2 cc00 | 0000 81e6 | feff 1f00 
  0x000001e3f1060f48: 83fe 000f | 84f2 1200 | 0048 8b84 | 2410 0200 

  0x000001e3f1060f58: ;   {metadata(method data for {method} {0x000001e3c58d6950} 'doGetBean' '(Ljava/lang/String;Ljava/lang/Class;[Ljava/lang/Object;Z)Ljava/lang/Object;' in 'org/springframework/beans/factory/support/AbstractBeanFactory')}
  0x000001e3f1060f58: 0048 ba00 | b12b c6e3 | 0100 008b | 4008 49ba | 0000 0084 | e301 0000 | 4903 c248 | 3b82 f012 
  0x000001e3f1060f78: 0000 750d | 4883 82f8 | 1200 0001 | e960 0000 | 0048 3b82 | 0013 0000 | 750d 4883 | 8208 1300 
  0x000001e3f1060f98: 0001 e94a | 0000 0048 | 83ba f012 | 0000 0075 | 1748 8982 | f012 0000 | 48c7 82f8 | 1200 0001 
  0x000001e3f1060fb8: 0000 00e9 | 2900 0000 | 4883 ba00 | 1300 0000 | 7517 4889 | 8200 1300 | 0048 c782 | 0813 0000 
  0x000001e3f1060fd8: 0100 0000 | e908 0000 | 0048 8382 | e012 0000 | 0148 8b94 | 2410 0200 | 000f 1f40 | 0048 b840 
  0x000001e3f1060ff8: 6b34 cbe3 

  0x000001e3f1060ffc: ;   {virtual_call}
  0x000001e3f1060ffc: 0100 00e8 

  0x000001e3f1061000: ; ImmutableOopMap {[208]=Oop [256]=Oop [528]=Oop }
                      ;*invokevirtual getMessage {reexecute=0 rethrow=0 return_oop=0}
                      ; - org.springframework.beans.factory.support.AbstractBeanFactory::doGetBean@732 (line 391)
  0x000001e3f1061000: 2d24 ff06 

  0x000001e3f1061004: ;   {other}
  0x000001e3f1061004: 0f1f 8400 | f460 004e 

  0x000001e3f106100c: ;   {metadata(method data for {method} {0x000001e3c58d6950} 'doGetBean' '(Ljava/lang/String;Ljava/lang/Class;[Ljava/lang/Object;Z)Ljava/lang/Object;' in 'org/springframework/beans/factory/support/AbstractBeanFactory')}
  0x000001e3f106100c: 49b8 00b1 | 2bc6 e301 | 0000 4983 | 8018 1300 

  0x000001e3f106101c: ;   {metadata(method data for {method} {0x000001e38445cac0} 'valueOf' '(Ljava/lang/Object;)Ljava/lang/String;' in 'java/lang/String')}
  0x000001e3f106101c: 0001 49b8 | 386c 14c5 | e301 0000 | 418b 90cc | 0000 0083 | c202 4189 | 90cc 0000 | 0081 e2fe 
  0x000001e3f106103c: ff1f 0083 | fa00 0f84 | 1c12 0000 | 4883 f800 

  0x000001e3f106104c: ;   {metadata(method data for {method} {0x000001e38445cac0} 'valueOf' '(Ljava/lang/Object;)Ljava/lang/String;' in 'java/lang/String')}
  0x000001e3f106104c: 49b8 386c | 14c5 e301 | 0000 48ba | 1001 0000 | 0000 0000 | 0f85 0a00 | 0000 48ba | 2001 0000 
  0x000001e3f106106c: 0000 0000 | 498b 3410 | 488d 7601 | 4989 3410 | 0f85 1f00 

  0x000001e3f1061080: ;   {metadata(method data for {method} {0x000001e38445cac0} 'valueOf' '(Ljava/lang/Object;)Ljava/lang/String;' in 'java/lang/String')}
  0x000001e3f1061080: 0000 48b8 | 386c 14c5 | e301 0000 | ff80 3001 

  0x000001e3f1061090: ;   {oop("null"{0x00000000c1f00958})}
  0x000001e3f1061090: 0000 48b8 | 5809 f0c1 | 0000 0000 | e942 0000 | 0048 3b00 

  0x000001e3f10610a4: ;   {metadata(method data for {method} {0x000001e38445cac0} 'valueOf' '(Ljava/lang/Object;)Ljava/lang/String;' in 'java/lang/String')}
  0x000001e3f10610a4: 4c8b c048 | ba38 6c14 | c5e3 0100 | 0048 8382 | 4801 0000 

  0x000001e3f10610b8: ;   {metadata(method data for {method} {0x000001e38400ebd0} 'toString' '()Ljava/lang/String;' in 'java/lang/String')}
  0x000001e3f10610b8: 0149 b8c0 | 7905 c5e3 | 0100 0041 | 8b90 cc00 | 0000 83c2 | 0241 8990 | cc00 0000 | 81e2 feff 
  0x000001e3f10610d8: 1f00 83fa | 000f 84a7 | 1100 0048 | 8b94 24d0 

  0x000001e3f10610e8: ;   {oop(a 'org/springframework/core/metrics/DefaultApplicationStartup$DefaultStartupStep'{0x00000000c27951b8})}
  0x000001e3f10610e8: 0000 0048 | b8b8 5179 | c200 0000 

  0x000001e3f10610f4: ;   {metadata(method data for {method} {0x000001e3c58d6950} 'doGetBean' '(Ljava/lang/String;Ljava/lang/Class;[Ljava/lang/Object;Z)Ljava/lang/Object;' in 'org/springframework/beans/factory/support/AbstractBeanFactory')}
  0x000001e3f10610f4: 0049 b800 | b12b c6e3 

  0x000001e3f10610fc: ;   {metadata('org/springframework/core/metrics/DefaultApplicationStartup$DefaultStartupStep')}
  0x000001e3f10610fc: 0100 0049 | ba18 2c02 | 85e3 0100 | 004d 8990 | 3813 0000 | 4983 8040 | 1300 0001 

  0x000001e3f1061118: ;   {metadata(method data for {method} {0x000001e3c54d0078} 'tag' '(Ljava/lang/String;Ljava/lang/String;)Lorg/springframework/core/metrics/StartupStep;' in 'org/springframework/core/metrics/DefaultApplicationStartup$DefaultStartupStep')}
  0x000001e3f1061118: 48b8 d0d4 | 2bc6 e301 | 0000 448b | 80cc 0000 | 0041 83c0 | 0244 8980 | cc00 0000 | 4181 e0fe 
  0x000001e3f1061138: ff1f 0041 | 83f8 000f | 8466 1100 | 0048 8bc2 

  0x000001e3f1061148: ;   {metadata(method data for {method} {0x000001e3c58d6950} 'doGetBean' '(Ljava/lang/String;Ljava/lang/Class;[Ljava/lang/Object;Z)Ljava/lang/Object;' in 'org/springframework/beans/factory/support/AbstractBeanFactory')}
  0x000001e3f1061148: 49b8 00b1 | 2bc6 e301 | 0000 8b40 | 0849 ba00 | 0000 84e3 | 0100 0049 | 03c2 493b | 8070 1300 
  0x000001e3f1061168: 0075 0d49 | 8380 7813 | 0000 01e9 | 6000 0000 | 493b 8080 | 1300 0075 | 0d49 8380 | 8813 0000 
  0x000001e3f1061188: 01e9 4a00 | 0000 4983 | b870 1300 | 0000 7517 | 4989 8070 | 1300 0049 | c780 7813 | 0000 0100 
  0x000001e3f10611a8: 0000 e929 | 0000 0049 | 83b8 8013 | 0000 0075 | 1749 8980 | 8013 0000 | 49c7 8088 | 1300 0001 
  0x000001e3f10611c8: 0000 00e9 | 0800 0000 | 4983 8060 | 1300 0001 

  0x000001e3f10611d8: ;   {metadata(method data for {method} {0x000001e3c58dc6f8} 'cleanupAfterBeanCreationFailure' '(Ljava/lang/String;)V' in 'org/springframework/beans/factory/support/AbstractBeanFactory')}
  0x000001e3f10611d8: 48b8 0000 | 2cc6 e301 | 0000 448b | 80cc 0000 | 0041 83c0 | 0244 8980 | cc00 0000 | 4181 e0fe 
  0x000001e3f10611f8: ff1f 0041 | 83f8 000f | 84c7 1000 | 008b 727c | 4c8d 8424 | 2802 0000 | 4989 7008 

  0x000001e3f1061214: ; implicit exception: dispatches to 0x000001e3f10622ed
  0x000001e3f1061214: 488b 0648 | 83c8 0149 | 8900 f04c | 0fb1 060f | 8412 0000 | 0048 2bc4 | 4825 07f0 | ffff 4989 
  0x000001e3f1061234: 000f 85b7 | 1000 0049 | ff87 5005 | 0000 4889 | b424 1802 | 0000 8bba | 8000 0000 

  0x000001e3f1061250: ; implicit exception: dispatches to 0x000001e3f1062305
  0x000001e3f1061250: 483b 074c 

  0x000001e3f1061254: ;   {metadata(method data for {method} {0x000001e3c58dc6f8} 'cleanupAfterBeanCreationFailure' '(Ljava/lang/String;)V' in 'org/springframework/beans/factory/support/AbstractBeanFactory')}
  0x000001e3f1061254: 8bc7 48bb | 0000 2cc6 | e301 0000 | 458b 4008 | 49ba 0000 | 0084 e301 | 0000 4d03 | c24c 3b83 
  0x000001e3f1061274: 2001 0000 | 750d 4883 | 8328 0100 | 0001 e960 | 0000 004c | 3b83 3001 | 0000 750d | 4883 8338 
  0x000001e3f1061294: 0100 0001 | e94a 0000 | 0048 83bb | 2001 0000 | 0075 174c | 8983 2001 | 0000 48c7 | 8328 0100 
  0x000001e3f10612b4: 0001 0000 | 00e9 2900 | 0000 4883 | bb30 0100 | 0000 7517 | 4c89 8330 | 0100 0048 | c783 3801 
  0x000001e3f10612d4: 0000 0100 | 0000 e908 | 0000 0048 | 8383 1001 | 0000 014c | 8b84 2400 | 0100 0048 | 8bd7 6666 
  0x000001e3f10612f4: 9048 b840 | 691d 84e3 

  0x000001e3f10612fc: ;   {virtual_call}
  0x000001e3f10612fc: 0100 00e8 

  0x000001e3f1061300: ; ImmutableOopMap {[208]=Oop [256]=Oop [528]=Oop [536]=Oop [560]=Oop }
                      ;*invokeinterface remove {reexecute=0 rethrow=0 return_oop=0}
                      ; - org.springframework.beans.factory.support.AbstractBeanFactory::cleanupAfterBeanCreationFailure@12 (line 1779)
                      ; - org.springframework.beans.factory.support.AbstractBeanFactory::doGetBean@747 (line 392)
  0x000001e3f1061300: 5ce4 6907 

  0x000001e3f1061304: ;   {other}
  0x000001e3f1061304: 0f1f 8400 | f463 004f | 488d 8424 | 2802 0000 | 488b 1048 | 85d2 0f84 | 0f00 0000 | 4c8b 4008 
  0x000001e3f1061324: f049 0fb1 | 100f 85db | 0f00 0049 | ff8f 5005 

  0x000001e3f1061334: ;   {metadata(method data for {method} {0x000001e3c58dc6f8} 'cleanupAfterBeanCreationFailure' '(Ljava/lang/String;)V' in 'org/springframework/beans/factory/support/AbstractBeanFactory')}
  0x000001e3f1061334: 0000 48b8 | 0000 2cc6 | e301 0000 | ff80 4801 | 0000 488b | 8424 1002 

  0x000001e3f106134c: ; ImmutableOopMap {rax=Oop [208]=Oop [256]=Oop }
                      ;*athrow {reexecute=1 rethrow=0 return_oop=0}
                      ; - (reexecute) org.springframework.beans.factory.support.AbstractBeanFactory::doGetBean@752 (line 393)
                      ;   {section_word}
  0x000001e3f106134c: 0000 48ba | 4e13 06f1 | e301 0000 

  0x000001e3f1061358: ;   {runtime_call handle_exception_nofpu Runtime1 stub}
  0x000001e3f1061358: e823 220a | 0790 498b | 8700 0500 | 004d 33d2 | 4d89 9700 | 0500 004d | 33d2 4d89 | 9708 0500 
  0x000001e3f1061378: 0048 8bd0 | 488d 8424 | 2802 0000 | 4c8b 004d | 85c0 0f84 | 0f00 0000 | 488b 7008 | f04c 0fb1 
  0x000001e3f1061398: 060f 8581 | 0f00 0049 | ff8f 5005 | 0000 4c8b | 8424 1002 | 0000 488b 

  0x000001e3f10613b0: ; ImmutableOopMap {r8=Oop rax=Oop [208]=Oop [256]=Oop }
                      ;*athrow {reexecute=1 rethrow=0 return_oop=0}
                      ; - (reexecute) org.springframework.beans.factory.support.AbstractBeanFactory::cleanupAfterBeanCreationFailure@27 (line 1780)
                      ; - org.springframework.beans.factory.support.AbstractBeanFactory::doGetBean@747 (line 392)
                      ;   {section_word}
  0x000001e3f10613b0: c248 bab1 | 1306 f1e3 

  0x000001e3f10613b8: ;   {runtime_call handle_exception_nofpu Runtime1 stub}
  0x000001e3f10613b8: 0100 00e8 | c021 0a07 | 9049 8b87 | 0005 0000 | 4d33 d24d | 8997 0005 | 0000 4d33 | d24d 8997 
  0x000001e3f10613d8: 0805 0000 | 488b 9424 | d000 0000 

  0x000001e3f10613e4: ;   {oop(a 'org/springframework/core/metrics/DefaultApplicationStartup$DefaultStartupStep'{0x00000000c27951b8})}
  0x000001e3f10613e4: 49b8 b851 | 79c2 0000 

  0x000001e3f10613ec: ;   {metadata(method data for {method} {0x000001e3c58d6950} 'doGetBean' '(Ljava/lang/String;Ljava/lang/Class;[Ljava/lang/Object;Z)Ljava/lang/Object;' in 'org/springframework/beans/factory/support/AbstractBeanFactory')}
  0x000001e3f10613ec: 0000 48be | 00b1 2bc6 | e301 0000 

  0x000001e3f10613f8: ;   {metadata('org/springframework/core/metrics/DefaultApplicationStartup$DefaultStartupStep')}
  0x000001e3f10613f8: 49ba 182c | 0285 e301 | 0000 4c89 | 96a8 1300 | 0048 8386 | b013 0000 

  0x000001e3f1061410: ;   {metadata(method data for {method} {0x000001e3c54d0198} 'end' '()V' in 'org/springframework/core/metrics/DefaultApplicationStartup$DefaultStartupStep')}
  0x000001e3f1061410: 0149 b8a8 | 012c c6e3 | 0100 0041 | 8bb0 cc00 | 0000 83c6 | 0241 89b0 | cc00 0000 | 81e6 feff 
  0x000001e3f1061430: 1f00 83fe | 000f 84fb | 0e00 004c 

  0x000001e3f106143c: ;   {metadata(method data for {method} {0x000001e3c58d6950} 'doGetBean' '(Ljava/lang/String;Ljava/lang/Class;[Ljava/lang/Object;Z)Ljava/lang/Object;' in 'org/springframework/beans/factory/support/AbstractBeanFactory')}
  0x000001e3f106143c: 8bc2 48be | 00b1 2bc6 | e301 0000 | 458b 4008 | 49ba 0000 | 0084 e301 | 0000 4d03 | c24c 3b86 
  0x000001e3f106145c: e013 0000 | 750d 4883 | 86e8 1300 | 0001 e960 | 0000 004c | 3b86 f013 | 0000 750d | 4883 86f8 
  0x000001e3f106147c: 1300 0001 | e94a 0000 | 0048 83be | e013 0000 | 0075 174c | 8986 e013 | 0000 48c7 | 86e8 1300 
  0x000001e3f106149c: 0001 0000 | 00e9 2900 | 0000 4883 | bef0 1300 | 0000 7517 | 4c89 86f0 | 1300 0048 | c786 f813 
  0x000001e3f10614bc: 0000 0100 | 0000 e908 | 0000 0048 | 8386 d013 | 0000 0144 | 0fbe 4215 | 4183 e001 | 4183 f800 
  0x000001e3f10614dc: ;   {metadata(method data for {method} {0x000001e3c58d6950} 'doGetBean' '(Ljava/lang/String;Ljava/lang/Class;[Ljava/lang/Object;Z)Ljava/lang/Object;' in 'org/springframework/beans/factory/support/AbstractBeanFactory')}
  0x000001e3f10614dc: 49b8 00b1 | 2bc6 e301 | 0000 48be | 0814 0000 | 0000 0000 | 0f85 0a00 | 0000 48be | 1814 0000 
  0x000001e3f10614fc: 0000 0000 | 498b 3c30 | 488d 7f01 | 4989 3c30 | 0f85 6203 | 0000 4889 | 8424 2002 | 0000 4c8b 
  0x000001e3f106151c: ;   {metadata(method data for {method} {0x000001e3c58d6950} 'doGetBean' '(Ljava/lang/String;Ljava/lang/Class;[Ljava/lang/Object;Z)Ljava/lang/Object;' in 'org/springframework/beans/factory/support/AbstractBeanFactory')}
  0x000001e3f106151c: c248 be00 | b12b c6e3 

  0x000001e3f1061524: ;   {metadata('org/springframework/beans/factory/support/DefaultListableBeanFactory')}
  0x000001e3f1061524: 0100 0049 | ba58 3514 | 85e3 0100 | 004c 8996 | 3814 0000 | 4883 8640 | 1400 0001 

  0x000001e3f1061540: ;   {metadata(method data for {method} {0x000001e3c58c0150} 'clearMergedBeanDefinition' '(Ljava/lang/String;)V' in 'org/springframework/beans/factory/support/DefaultListableBeanFactory')}
  0x000001e3f1061540: 49b8 d002 | 2cc6 e301 | 0000 418b | b0cc 0000 | 0083 c602 | 4189 b0cc | 0000 0081 | e6fe ff1f 
  0x000001e3f1061560: 0083 fe00 | 0f84 ed0d | 0000 4c8b 

  0x000001e3f106156c: ;   {metadata(method data for {method} {0x000001e3c58c0150} 'clearMergedBeanDefinition' '(Ljava/lang/String;)V' in 'org/springframework/beans/factory/support/DefaultListableBeanFactory')}
  0x000001e3f106156c: c248 bed0 | 022c c6e3 | 0100 0048 | 8386 1001 

  0x000001e3f106157c: ;   {metadata(method data for {method} {0x000001e3c58db950} 'clearMergedBeanDefinition' '(Ljava/lang/String;)V' in 'org/springframework/beans/factory/support/AbstractBeanFactory')}
  0x000001e3f106157c: 0000 0149 | b870 042c | c6e3 0100 | 0041 8bb0 | cc00 0000 | 83c6 0241 | 89b0 cc00 | 0000 81e6 
  0x000001e3f106159c: feff 1f00 | 83fe 000f | 84cf 0d00 | 008b 727c 

  0x000001e3f10615ac: ; implicit exception: dispatches to 0x000001e3f1062399
  0x000001e3f10615ac: 483b 064c 

  0x000001e3f10615b0: ;   {metadata(method data for {method} {0x000001e3c58db950} 'clearMergedBeanDefinition' '(Ljava/lang/String;)V' in 'org/springframework/beans/factory/support/AbstractBeanFactory')}
  0x000001e3f10615b0: 8bc6 48bf | 7004 2cc6 | e301 0000 | 458b 4008 | 49ba 0000 | 0084 e301 | 0000 4d03 | c24c 3b87 
  0x000001e3f10615d0: 2001 0000 | 750d 4883 | 8728 0100 | 0001 e960 | 0000 004c | 3b87 3001 | 0000 750d | 4883 8738 
  0x000001e3f10615f0: 0100 0001 | e94a 0000 | 0048 83bf | 2001 0000 | 0075 174c | 8987 2001 | 0000 48c7 | 8728 0100 
  0x000001e3f1061610: 0001 0000 | 00e9 2900 | 0000 4883 | bf30 0100 | 0000 7517 | 4c89 8730 | 0100 0048 | c787 3801 
  0x000001e3f1061630: 0000 0100 | 0000 e908 | 0000 0048 | 8387 1001 | 0000 014c | 8b84 2400 | 0100 0048 | 8bd6 0f1f 
  0x000001e3f1061650: 8000 0000 | 0048 b8ff | ffff ffff 

  0x000001e3f106165c: ;   {virtual_call}
  0x000001e3f106165c: ffff ffe8 

  0x000001e3f1061660: ; ImmutableOopMap {[208]=Oop [256]=Oop [544]=Oop }
                      ;*invokeinterface get {reexecute=0 rethrow=0 return_oop=0}
                      ; - org.springframework.beans.factory.support.AbstractBeanFactory::clearMergedBeanDefinition@5 (line 1508)
                      ; - org.springframework.beans.factory.support.DefaultListableBeanFactory::clearMergedBeanDefinition@2 (line 910)
                      ; - org.springframework.beans.factory.support.AbstractBeanFactory::doGetBean@772 (line 398)
  0x000001e3f1061660: 1cd7 fe06 

  0x000001e3f1061664: ;   {other}
  0x000001e3f1061664: 0f1f 8400 | 5467 0052 | 4883 f800 

  0x000001e3f1061670: ;   {metadata(method data for {method} {0x000001e3c58db950} 'clearMergedBeanDefinition' '(Ljava/lang/String;)V' in 'org/springframework/beans/factory/support/AbstractBeanFactory')}
  0x000001e3f1061670: 7516 48be | 7004 2cc6 | e301 0000 | 808e 4101 | 0000 01e9 | cd00 0000 

  0x000001e3f1061688: ;   {metadata('org/springframework/beans/factory/support/RootBeanDefinition')}
  0x000001e3f1061688: 48bf 50a0 | 1485 e301 | 0000 8b70 | 0849 ba00 | 0000 84e3 | 0100 0049 | 03f2 483b | 7e50 0f85 
  0x000001e3f10616a8: 8d00 0000 

  0x000001e3f10616ac: ;   {metadata(method data for {method} {0x000001e3c58db950} 'clearMergedBeanDefinition' '(Ljava/lang/String;)V' in 'org/springframework/beans/factory/support/AbstractBeanFactory')}
  0x000001e3f10616ac: 48be 7004 | 2cc6 e301 | 0000 8b78 | 0849 ba00 | 0000 84e3 | 0100 0049 | 03fa 483b | be58 0100 
  0x000001e3f10616cc: 0075 0d48 | 8386 6001 | 0000 01e9 | 7900 0000 | 483b be68 | 0100 0075 | 0d48 8386 | 7001 0000 
  0x000001e3f10616ec: 01e9 6300 | 0000 4883 | be58 0100 | 0000 7517 | 4889 be58 | 0100 0048 | c786 6001 | 0000 0100 
  0x000001e3f106170c: 0000 e942 | 0000 0048 | 83be 6801 | 0000 0075 | 1748 89be | 6801 0000 | 48c7 8670 | 0100 0001 
  0x000001e3f106172c: 0000 00e9 | 2100 0000 | e91c 0000 

  0x000001e3f1061738: ;   {metadata(method data for {method} {0x000001e3c58db950} 'clearMergedBeanDefinition' '(Ljava/lang/String;)V' in 'org/springframework/beans/factory/support/AbstractBeanFactory')}
  0x000001e3f1061738: 0048 be70 | 042c c6e3 | 0100 0048 | 83ae 4801 | 0000 01e9 | 4e0c 0000 | e900 0000 | 004c 8bc0 
  0x000001e3f1061758: 4983 f800 

  0x000001e3f106175c: ;   {metadata(method data for {method} {0x000001e3c58db950} 'clearMergedBeanDefinition' '(Ljava/lang/String;)V' in 'org/springframework/beans/factory/support/AbstractBeanFactory')}
  0x000001e3f106175c: 48ba 7004 | 2cc6 e301 | 0000 48be | 8001 0000 | 0000 0000 | 0f84 0a00 | 0000 48be | 9001 0000 
  0x000001e3f106177c: 0000 0000 | 488b 3c32 | 488d 7f01 | 4889 3c32 | 0f84 0f00 | 0000 ba01 | 0000 0041 | 8850 64f0 
  0x000001e3f106179c: 8344 24c0 | 0048 8b84 | 2400 0100 | 0048 8b94 | 24d0 0000 | 008b 92c0 | 0000 0048 | 3b02 4c8b 
  0x000001e3f10617bc: ;   {metadata(method data for {method} {0x000001e3c58c0150} 'clearMergedBeanDefinition' '(Ljava/lang/String;)V' in 'org/springframework/beans/factory/support/DefaultListableBeanFactory')}
  0x000001e3f10617bc: c248 bed0 | 022c c6e3 | 0100 0045 | 8b40 0849 | ba00 0000 | 84e3 0100 | 004d 03c2 | 4c3b 8630 
  0x000001e3f10617dc: 0100 0075 | 0d48 8386 | 3801 0000 | 01e9 6000 | 0000 4c3b | 8640 0100 | 0075 0d48 | 8386 4801 
  0x000001e3f10617fc: 0000 01e9 | 4a00 0000 | 4883 be30 | 0100 0000 | 7517 4c89 | 8630 0100 | 0048 c786 | 3801 0000 
  0x000001e3f106181c: 0100 0000 | e929 0000 | 0048 83be | 4001 0000 | 0075 174c | 8986 4001 | 0000 48c7 | 8648 0100 
  0x000001e3f106183c: 0001 0000 | 00e9 0800 | 0000 4883 | 8620 0100 | 0001 4c8b | c00f 1f40 | 0048 b8ff | ffff ffff 
  0x000001e3f106185c: ;   {virtual_call}
  0x000001e3f106185c: ffff ffe8 

  0x000001e3f1061860: ; ImmutableOopMap {[544]=Oop }
                      ;*invokeinterface remove {reexecute=0 rethrow=0 return_oop=0}
                      ; - org.springframework.beans.factory.support.DefaultListableBeanFactory::clearMergedBeanDefinition@10 (line 911)
                      ; - org.springframework.beans.factory.support.AbstractBeanFactory::doGetBean@772 (line 398)
  0x000001e3f1061860: 1cd5 fe06 

  0x000001e3f1061864: ;   {other}
  0x000001e3f1061864: 0f1f 8400 | 5469 0053 | 488b 8424 | 2002 0000 | e996 0b00 

  0x000001e3f1061878: ;   {metadata({method} {0x000001e3c58d6950} 'doGetBean' '(Ljava/lang/String;Ljava/lang/Class;[Ljava/lang/Object;Z)Ljava/lang/Object;' in 'org/springframework/beans/factory/support/AbstractBeanFactory')}
  0x000001e3f1061878: 0049 ba48 | 698d c5e3 | 0100 004c | 8954 2408 | 48c7 0424 | ffff ffff 

  0x000001e3f1061890: ;   {runtime_call counter_overflow Runtime1 stub}
  0x000001e3f1061890: e8eb 550a 

  0x000001e3f1061894: ; ImmutableOopMap {rdx=Oop r8=Oop r9=Oop rdi=Oop [208]=Oop [216]=Oop [232]=Oop [240]=Oop }
                      ;*synchronization entry
                      ; - org.springframework.beans.factory.support.AbstractBeanFactory::doGetBean@-1 (line 244)
  0x000001e3f1061894: 07e9 53a1 

  0x000001e3f1061898: ;   {metadata({method} {0x000001e3c58dac70} 'transformedBeanName' '(Ljava/lang/String;)Ljava/lang/String;' in 'org/springframework/beans/factory/support/AbstractBeanFactory')}
  0x000001e3f1061898: ffff 49ba | 68ac 8dc5 | e301 0000 | 4c89 5424 | 0848 c704 | 24ff ffff 

  0x000001e3f10618b0: ;   {runtime_call counter_overflow Runtime1 stub}
  0x000001e3f10618b0: ffe8 ca55 

  0x000001e3f10618b4: ; ImmutableOopMap {rdx=Oop r8=Oop [208]=Oop [216]=Oop [232]=Oop [240]=Oop }
                      ;*synchronization entry
                      ; - org.springframework.beans.factory.support.AbstractBeanFactory::transformedBeanName@-1 (line 1277)
                      ; - org.springframework.beans.factory.support.AbstractBeanFactory::doGetBean@2 (line 244)
  0x000001e3f10618b4: 0a07 e9ec 

  0x000001e3f10618b8: ;   {metadata({method} {0x000001e3c58e57f0} 'canonicalName' '(Ljava/lang/String;)Ljava/lang/String;' in 'org/springframework/core/SimpleAliasRegistry')}
  0x000001e3f10618b8: a1ff ff49 | bae8 578e | c5e3 0100 | 004c 8954 | 2408 48c7 | 0424 ffff 

  0x000001e3f10618d0: ;   {runtime_call counter_overflow Runtime1 stub}
  0x000001e3f10618d0: ffff e8a9 

  0x000001e3f10618d4: ; ImmutableOopMap {rax=Oop [208]=Oop [216]=Oop [232]=Oop [240]=Oop }
                      ;*synchronization entry
                      ; - org.springframework.core.SimpleAliasRegistry::canonicalName@-1 (line 212)
                      ; - org.springframework.beans.factory.support.AbstractBeanFactory::transformedBeanName@5 (line 1277)
                      ; - org.springframework.beans.factory.support.AbstractBeanFactory::doGetBean@2 (line 244)
  0x000001e3f10618d4: 550a 07e9 | b2a2 ffff 

  0x000001e3f10618dc: ;   {metadata({method} {0x000001e3c58e57f0} 'canonicalName' '(Ljava/lang/String;)Ljava/lang/String;' in 'org/springframework/core/SimpleAliasRegistry')}
  0x000001e3f10618dc: 49ba e857 | 8ec5 e301 | 0000 4c89 | 5424 0848 | c704 2417 

  0x000001e3f10618f0: ;   {runtime_call counter_overflow Runtime1 stub}
  0x000001e3f10618f0: 0000 00e8 

  0x000001e3f10618f4: ; ImmutableOopMap {r8=Oop rax=Oop [208]=Oop [216]=Oop [232]=Oop [240]=Oop }
                      ;*ifnonnull {reexecute=1 rethrow=0 return_oop=0}
                      ; - (reexecute) org.springframework.core.SimpleAliasRegistry::canonicalName@23 (line 221)
                      ; - org.springframework.beans.factory.support.AbstractBeanFactory::transformedBeanName@5 (line 1277)
                      ; - org.springframework.beans.factory.support.AbstractBeanFactory::doGetBean@2 (line 244)
  0x000001e3f10618f4: 8855 0a07 | e9f8 a2ff 

  0x000001e3f10618fc: ;   {runtime_call throw_null_pointer_exception Runtime1 stub}
  0x000001e3f10618fc: ffe8 7e04 

  0x000001e3f1061900: ; ImmutableOopMap {rax=Oop rdx=Oop rsi=Oop [208]=Oop [216]=Oop [232]=Oop [240]=Oop }
                      ;*invokeinterface get {reexecute=0 rethrow=0 return_oop=0}
                      ; - org.springframework.core.SimpleAliasRegistry::canonicalName@7 (line 216)
                      ; - org.springframework.beans.factory.support.AbstractBeanFactory::transformedBeanName@5 (line 1277)
                      ; - org.springframework.beans.factory.support.AbstractBeanFactory::doGetBean@2 (line 244)
  0x000001e3f1061900: 0a07 4889 

  0x000001e3f1061904: ;   {runtime_call throw_class_cast_exception Runtime1 stub}
  0x000001e3f1061904: 0424 e875 

  0x000001e3f1061908: ; ImmutableOopMap {[208]=Oop [216]=Oop [232]=Oop [240]=Oop [248]=Oop }
                      ;*checkcast {reexecute=0 rethrow=0 return_oop=0}
                      ; - org.springframework.core.SimpleAliasRegistry::canonicalName@12 (line 216)
                      ; - org.springframework.beans.factory.support.AbstractBeanFactory::transformedBeanName@5 (line 1277)
                      ; - org.springframework.beans.factory.support.AbstractBeanFactory::doGetBean@2 (line 244)
                      ;   {metadata({method} {0x000001e3c58e1a90} 'getSingleton' '(Ljava/lang/String;)Ljava/lang/Object;' in 'org/springframework/beans/factory/support/DefaultSingletonBeanRegistry')}
  0x000001e3f1061908: 280a 0749 | ba88 1a8e | c5e3 0100 | 004c 8954 | 2408 48c7 | 0424 ffff 

  0x000001e3f1061920: ;   {runtime_call counter_overflow Runtime1 stub}
  0x000001e3f1061920: ffff e859 

  0x000001e3f1061924: ; ImmutableOopMap {rax=Oop [208]=Oop [216]=Oop [232]=Oop [240]=Oop }
                      ;*synchronization entry
                      ; - org.springframework.beans.factory.support.DefaultSingletonBeanRegistry::getSingleton@-1 (line 168)
                      ; - org.springframework.beans.factory.support.AbstractBeanFactory::doGetBean@10 (line 248)
  0x000001e3f1061924: 550a 07e9 | c8a5 ffff 

  0x000001e3f106192c: ;   {metadata({method} {0x000001e3c58bdc90} 'containsBeanDefinition' '(Ljava/lang/String;)Z' in 'org/springframework/beans/factory/support/DefaultListableBeanFactory')}
  0x000001e3f106192c: 49ba 88dc | 8bc5 e301 | 0000 4c89 | 5424 0848 | c704 24ff 

  0x000001e3f1061940: ;   {runtime_call counter_overflow Runtime1 stub}
  0x000001e3f1061940: ffff ffe8 

  0x000001e3f1061944: ; ImmutableOopMap {rdx=Oop rax=Oop rsi=Oop [208]=Oop [216]=Oop [232]=Oop [240]=Oop [264]=Oop }
                      ;*synchronization entry
                      ; - org.springframework.beans.factory.support.DefaultListableBeanFactory::containsBeanDefinition@-1 (line 366)
                      ; - org.springframework.beans.factory.support.AbstractBeanFactory::doGetBean@128 (line 271)
  0x000001e3f1061944: 3855 0a07 | e911 a9ff 

  0x000001e3f106194c: ;   {metadata({method} {0x000001e3c54d1e18} 'notNull' '(Ljava/lang/Object;Ljava/lang/String;)V' in 'org/springframework/util/Assert')}
  0x000001e3f106194c: ff49 ba10 | 1e4d c5e3 | 0100 004c | 8954 2408 | 48c7 0424 | ffff ffff 

  0x000001e3f1061964: ;   {runtime_call counter_overflow Runtime1 stub}
  0x000001e3f1061964: e817 550a 

  0x000001e3f1061968: ; ImmutableOopMap {rdx=Oop rax=Oop rsi=Oop [208]=Oop [216]=Oop [232]=Oop [240]=Oop [264]=Oop }
                      ;*synchronization entry
                      ; - org.springframework.util.Assert::notNull@-1 (line 171)
                      ; - org.springframework.beans.factory.support.DefaultListableBeanFactory::containsBeanDefinition@3 (line 366)
                      ; - org.springframework.beans.factory.support.AbstractBeanFactory::doGetBean@128 (line 271)
  0x000001e3f1061968: 07e9 2ca9 

  0x000001e3f106196c: ;   {runtime_call throw_null_pointer_exception Runtime1 stub}
  0x000001e3f106196c: ffff e80d 

  0x000001e3f1061970: ; ImmutableOopMap {rdx=Oop rax=Oop rdi=Oop [208]=Oop [216]=Oop [232]=Oop [240]=Oop [264]=Oop }
                      ;*invokeinterface containsKey {reexecute=0 rethrow=0 return_oop=0}
                      ; - org.springframework.beans.factory.support.DefaultListableBeanFactory::containsBeanDefinition@11 (line 367)
                      ; - org.springframework.beans.factory.support.AbstractBeanFactory::doGetBean@128 (line 271)
                      ;   {runtime_call throw_incompatible_class_change_error Runtime1 stub}
  0x000001e3f1061970: 040a 07e8 

  0x000001e3f1061974: ; ImmutableOopMap {rdx=Oop r8=Oop [208]=Oop [216]=Oop [232]=Oop [240]=Oop [256]=Oop }
                      ;*invokeinterface start {reexecute=0 rethrow=0 return_oop=0}
                      ; - org.springframework.beans.factory.support.AbstractBeanFactory::doGetBean@225 (line 294)
  0x000001e3f1061974: 082b 0a07 

  0x000001e3f1061978: ;   {runtime_call throw_null_pointer_exception Runtime1 stub}
  0x000001e3f1061978: e803 040a 

  0x000001e3f106197c: ; ImmutableOopMap {rdx=Oop r8=Oop [208]=Oop [216]=Oop [232]=Oop [240]=Oop [256]=Oop }
                      ;*invokeinterface start {reexecute=0 rethrow=0 return_oop=0}
                      ; - org.springframework.beans.factory.support.AbstractBeanFactory::doGetBean@225 (line 294)
                      ;   {metadata({method} {0x000001e3c54cf0b0} 'start' '(Ljava/lang/String;)Lorg/springframework/core/metrics/StartupStep;' in 'org/springframework/core/metrics/DefaultApplicationStartup')}
  0x000001e3f106197c: 0749 baa8 | f04c c5e3 | 0100 004c | 8954 2408 | 48c7 0424 | ffff ffff 

  0x000001e3f1061994: ;   {runtime_call counter_overflow Runtime1 stub}
  0x000001e3f1061994: e8e7 540a 

  0x000001e3f1061998: ; ImmutableOopMap {rdx=Oop r8=Oop [208]=Oop [216]=Oop [232]=Oop [240]=Oop [256]=Oop }
                      ;*synchronization entry
                      ; - org.springframework.core.metrics.DefaultApplicationStartup::start@-1 (line 32)
                      ; - org.springframework.beans.factory.support.AbstractBeanFactory::doGetBean@225 (line 294)
  0x000001e3f1061998: 07e9 caab 

  0x000001e3f106199c: ;   {metadata({method} {0x000001e3c54cf000} 'start' '(Ljava/lang/String;)Lorg/springframework/core/metrics/DefaultApplicationStartup$DefaultStartupStep;' in 'org/springframework/core/metrics/DefaultApplicationStartup')}
  0x000001e3f106199c: ffff 49ba | f8ef 4cc5 | e301 0000 | 4c89 5424 | 0848 c704 | 24ff ffff 

  0x000001e3f10619b4: ;   {runtime_call counter_overflow Runtime1 stub}
  0x000001e3f10619b4: ffe8 c654 

  0x000001e3f10619b8: ; ImmutableOopMap {rdx=Oop [208]=Oop [216]=Oop [232]=Oop [240]=Oop [256]=Oop }
                      ;*synchronization entry
                      ; - org.springframework.core.metrics.DefaultApplicationStartup::start@-1 (line 38)
                      ; - org.springframework.core.metrics.DefaultApplicationStartup::start@2 (line 32)
                      ; - org.springframework.beans.factory.support.AbstractBeanFactory::doGetBean@225 (line 294)
  0x000001e3f10619b8: 0a07 e9f6 

  0x000001e3f10619bc: ;   {metadata({method} {0x000001e3c54d0078} 'tag' '(Ljava/lang/String;Ljava/lang/String;)Lorg/springframework/core/metrics/StartupStep;' in 'org/springframework/core/metrics/DefaultApplicationStartup$DefaultStartupStep')}
  0x000001e3f10619bc: abff ff49 | ba70 004d | c5e3 0100 | 004c 8954 | 2408 48c7 | 0424 ffff 

  0x000001e3f10619d4: ;   {runtime_call counter_overflow Runtime1 stub}
  0x000001e3f10619d4: ffff e8a5 

  0x000001e3f10619d8: ; ImmutableOopMap {rdx=Oop [208]=Oop [216]=Oop [232]=Oop [240]=Oop [256]=Oop }
                      ;*synchronization entry
                      ; - org.springframework.core.metrics.DefaultApplicationStartup$DefaultStartupStep::tag@-1 (line 69)
                      ; - org.springframework.beans.factory.support.AbstractBeanFactory::doGetBean@233 (line 295)
  0x000001e3f10619d8: 540a 07e9 | 2cac ffff 

  0x000001e3f10619e0: ;   {metadata({method} {0x000001e384056890} 'requireNonNull' '(Ljava/lang/Object;)Ljava/lang/Object;' in 'java/util/Objects')}
  0x000001e3f10619e0: 49ba 8868 | 0584 e301 | 0000 4c89 | 5424 0848 | c704 24ff 

  0x000001e3f10619f4: ;   {runtime_call counter_overflow Runtime1 stub}
  0x000001e3f10619f4: ffff ffe8 

  0x000001e3f10619f8: ; ImmutableOopMap {rdx=Oop r9=Oop [208]=Oop [216]=Oop [232]=Oop [240]=Oop [256]=Oop }
                      ;*synchronization entry
                      ; - java.util.Objects::requireNonNull@-1 (line 232)
                      ; - org.springframework.beans.factory.support.AbstractBeanFactory::doGetBean@250 (line 298)
  0x000001e3f10619f8: 8454 0a07 | e989 acff 

  0x000001e3f1061a00: ;   {metadata({method} {0x000001e3840b09b0} 'linkToTargetMethod' '(Ljava/lang/Object;Ljava/lang/Object;)Ljava/lang/Object;' in 'java/lang/invoke/Invokers$Holder')}
  0x000001e3f1061a00: ff49 baa8 | 090b 84e3 | 0100 004c | 8954 2408 | 48c7 0424 | ffff ffff 

  0x000001e3f1061a18: ;   {runtime_call counter_overflow Runtime1 stub}
  0x000001e3f1061a18: e863 540a 

  0x000001e3f1061a1c: ; ImmutableOopMap {r9=Oop rsi=Oop [208]=Oop [216]=Oop [232]=Oop [240]=Oop [256]=Oop }
                      ;*synchronization entry
                      ; - java.lang.invoke.Invokers$Holder::linkToTargetMethod@-1
                      ; - org.springframework.beans.factory.support.AbstractBeanFactory::doGetBean@254 (line 298)
  0x000001e3f1061a1c: 07e9 30ad 

  0x000001e3f1061a20: ;   {metadata({method} {0x000001e3840b6bc8} 'newInvokeSpecial' '(Ljava/lang/Object;Ljava/lang/Object;)Ljava/lang/Object;' in 'java/lang/invoke/DirectMethodHandle$Holder')}
  0x000001e3f1061a20: ffff 49ba | c06b 0b84 | e301 0000 | 4c89 5424 | 0848 c704 | 24ff ffff 

  0x000001e3f1061a38: ;   {runtime_call counter_overflow Runtime1 stub}
  0x000001e3f1061a38: ffe8 4254 

  0x000001e3f1061a3c: ; ImmutableOopMap {r9=Oop rsi=Oop [208]=Oop [216]=Oop [232]=Oop [240]=Oop [256]=Oop }
                      ;*synchronization entry
                      ; - java.lang.invoke.DirectMethodHandle$Holder::newInvokeSpecial@-1
                      ; - java.lang.invoke.Invokers$Holder::linkToTargetMethod@5
                      ; - org.springframework.beans.factory.support.AbstractBeanFactory::doGetBean@254 (line 298)
  0x000001e3f1061a3c: 0a07 e993 

  0x000001e3f1061a40: ;   {metadata({method} {0x000001e3840a34b0} 'allocateInstance' '(Ljava/lang/Object;)Ljava/lang/Object;' in 'java/lang/invoke/DirectMethodHandle')}
  0x000001e3f1061a40: adff ff49 | baa8 340a | 84e3 0100 | 004c 8954 | 2408 48c7 | 0424 ffff 

  0x000001e3f1061a58: ;   {runtime_call counter_overflow Runtime1 stub}
  0x000001e3f1061a58: ffff e821 

  0x000001e3f1061a5c: ; ImmutableOopMap {r9=Oop rsi=Oop [208]=Oop [216]=Oop [232]=Oop [240]=Oop [256]=Oop }
                      ;*synchronization entry
                      ; - java.lang.invoke.DirectMethodHandle::allocateInstance@-1 (line 500)
                      ; - java.lang.invoke.DirectMethodHandle$Holder::newInvokeSpecial@1
                      ; - java.lang.invoke.Invokers$Holder::linkToTargetMethod@5
                      ; - org.springframework.beans.factory.support.AbstractBeanFactory::doGetBean@254 (line 298)
  0x000001e3f1061a5c: 540a 07e9 | ccad ffff 

  0x000001e3f1061a64: ;   {metadata({method} {0x000001e3840a3f58} 'constructorMethod' '(Ljava/lang/Object;)Ljava/lang/Object;' in 'java/lang/invoke/DirectMethodHandle')}
  0x000001e3f1061a64: 49ba 503f | 0a84 e301 | 0000 4c89 | 5424 0848 | c704 24ff 

  0x000001e3f1061a78: ;   {runtime_call counter_overflow Runtime1 stub}
  0x000001e3f1061a78: ffff ffe8 

  0x000001e3f1061a7c: ; ImmutableOopMap {rax=Oop [208]=Oop [216]=Oop [232]=Oop [240]=Oop [256]=Oop }
                      ;*synchronization entry
                      ; - java.lang.invoke.DirectMethodHandle::constructorMethod@-1 (line 494)
                      ; - java.lang.invoke.DirectMethodHandle$Holder::newInvokeSpecial@6
                      ; - java.lang.invoke.Invokers$Holder::linkToTargetMethod@5
                      ; - org.springframework.beans.factory.support.AbstractBeanFactory::doGetBean@254 (line 298)
  0x000001e3f1061a7c: 0054 0a07 | e96e aeff 

  0x000001e3f1061a84: ;   {runtime_call throw_null_pointer_exception Runtime1 stub}
  0x000001e3f1061a84: ffe8 f602 

  0x000001e3f1061a88: ; ImmutableOopMap {rax=Oop [208]=Oop [216]=Oop [232]=Oop [240]=Oop [256]=Oop }
                      ;*invokestatic linkToSpecial {reexecute=0 rethrow=0 return_oop=0}
                      ; - java.lang.invoke.DirectMethodHandle$Holder::newInvokeSpecial@16
                      ; - java.lang.invoke.Invokers$Holder::linkToTargetMethod@5
                      ; - org.springframework.beans.factory.support.AbstractBeanFactory::doGetBean@254 (line 298)
                      ;   {metadata({method} {0x000001e3c5adb3b8} '<init>' '(Ljava/lang/Class;)V' in 'org/springframework/beans/factory/support/AbstractBeanFactory$$Lambda+0x000001e3851afb28')}
  0x000001e3f1061a88: 0a07 49ba | b0b3 adc5 | e301 0000 | 4c89 5424 | 0848 c704 | 24ff ffff 

  0x000001e3f1061aa0: ;   {runtime_call counter_overflow Runtime1 stub}
  0x000001e3f1061aa0: ffe8 da53 

  0x000001e3f1061aa4: ; ImmutableOopMap {rax=Oop r9=Oop [208]=Oop [216]=Oop [232]=Oop [240]=Oop [256]=Oop }
                      ;*synchronization entry
                      ; - org.springframework.beans.factory.support.AbstractBeanFactory$$Lambda/0x000001e3851afb28::<init>@-1
                      ; - java.lang.invoke.DirectMethodHandle$Holder::newInvokeSpecial@16
                      ; - java.lang.invoke.Invokers$Holder::linkToTargetMethod@5
                      ; - org.springframework.beans.factory.support.AbstractBeanFactory::doGetBean@254 (line 298)
  0x000001e3f1061aa4: 0a07 e9d4 

  0x000001e3f1061aa8: ;   {metadata({method} {0x000001e38447c6a0} '<init>' '()V' in 'java/lang/Object')}
  0x000001e3f1061aa8: aeff ff49 | ba98 c647 | 84e3 0100 | 004c 8954 | 2408 48c7 | 0424 ffff 

  0x000001e3f1061ac0: ;   {runtime_call counter_overflow Runtime1 stub}
  0x000001e3f1061ac0: ffff e8b9 

  0x000001e3f1061ac4: ; ImmutableOopMap {rax=Oop r9=Oop [208]=Oop [216]=Oop [232]=Oop [240]=Oop [256]=Oop }
                      ;*synchronization entry
                      ; - java.lang.Object::<init>@-1 (line 45)
                      ; - org.springframework.beans.factory.support.AbstractBeanFactory$$Lambda/0x000001e3851afb28::<init>@1
                      ; - java.lang.invoke.DirectMethodHandle$Holder::newInvokeSpecial@16
                      ; - java.lang.invoke.Invokers$Holder::linkToTargetMethod@5
                      ; - org.springframework.beans.factory.support.AbstractBeanFactory::doGetBean@254 (line 298)
  0x000001e3f1061ac4: 530a 07e9 | f2ae ffff | 448b 400c | 4983 f800 | 0f84 f3ae | ffff 4c89 

  0x000001e3f1061adc: ;   {runtime_call g1_pre_barrier_slow}
  0x000001e3f1061adc: 0424 e89d | 590a 07e9 | e5ae ffff | 4983 f900 | 0f84 f6ae | ffff 4889 

  0x000001e3f1061af4: ;   {runtime_call g1_post_barrier_slow}
  0x000001e3f1061af4: 0424 e885 | 5c0a 07e9 | e8ae ffff 

  0x000001e3f1061b00: ;   {metadata({method} {0x000001e3c54d0140} 'tag' '(Ljava/lang/String;Ljava/util/function/Supplier;)Lorg/springframework/core/metrics/StartupStep;' in 'org/springframework/core/metrics/DefaultApplicationStartup$DefaultStartupStep')}
  0x000001e3f1061b00: 49ba 3801 | 4dc5 e301 | 0000 4c89 | 5424 0848 | c704 24ff 

  0x000001e3f1061b14: ;   {runtime_call counter_overflow Runtime1 stub}
  0x000001e3f1061b14: ffff ffe8 

  0x000001e3f1061b18: ; ImmutableOopMap {r9=Oop [208]=Oop [216]=Oop [232]=Oop [240]=Oop [256]=Oop }
                      ;*synchronization entry
                      ; - org.springframework.core.metrics.DefaultApplicationStartup$DefaultStartupStep::tag@-1 (line 74)
                      ; - org.springframework.beans.factory.support.AbstractBeanFactory::doGetBean@259 (line 298)
  0x000001e3f1061b18: 6453 0a07 | e99c afff 

  0x000001e3f1061b20: ;   {metadata({method} {0x000001e3c58db848} 'checkMergedBeanDefinition' '(Lorg/springframework/beans/factory/support/RootBeanDefinition;Ljava/lang/String;[Ljava/lang/Object;)V' in 'org/springframework/beans/factory/support/AbstractBeanFactory')}
  0x000001e3f1061b20: ff49 ba40 | b88d c5e3 | 0100 004c | 8954 2408 | 48c7 0424 | ffff ffff 

  0x000001e3f1061b38: ;   {runtime_call counter_overflow Runtime1 stub}
  0x000001e3f1061b38: e843 530a 

  0x000001e3f1061b3c: ; ImmutableOopMap {rax=Oop [208]=Oop [216]=Oop [232]=Oop [240]=Oop [256]=Oop [304]=Oop }
                      ;*synchronization entry
                      ; - org.springframework.beans.factory.support.AbstractBeanFactory::checkMergedBeanDefinition@-1 (line 1497)
                      ; - org.springframework.beans.factory.support.AbstractBeanFactory::doGetBean@279 (line 301)
  0x000001e3f1061b3c: 07e9 ffb0 

  0x000001e3f1061b40: ;   {runtime_call throw_null_pointer_exception Runtime1 stub}
  0x000001e3f1061b40: ffff e839 

  0x000001e3f1061b44: ; ImmutableOopMap {rax=Oop [208]=Oop [216]=Oop [232]=Oop [240]=Oop [256]=Oop [304]=Oop }
                      ;*invokevirtual isAbstract {reexecute=0 rethrow=0 return_oop=0}
                      ; - org.springframework.beans.factory.support.AbstractBeanFactory::checkMergedBeanDefinition@1 (line 1497)
                      ; - org.springframework.beans.factory.support.AbstractBeanFactory::doGetBean@279 (line 301)
                      ;   {runtime_call throw_null_pointer_exception Runtime1 stub}
  0x000001e3f1061b44: 020a 07e8 

  0x000001e3f1061b48: ; ImmutableOopMap {rax=Oop rsi=Oop [208]=Oop [216]=Oop [232]=Oop [240]=Oop [256]=Oop [296]=Oop [304]=Oop }
                      ;*arraylength {reexecute=0 rethrow=0 return_oop=0}
                      ; - org.springframework.beans.factory.support.AbstractBeanFactory::doGetBean@300 (line 306)
  0x000001e3f1061b48: 3402 0a07 

  0x000001e3f1061b4c: ;   {metadata({method} {0x000001e3c58d6950} 'doGetBean' '(Ljava/lang/String;Ljava/lang/Class;[Ljava/lang/Object;Z)Ljava/lang/Object;' in 'org/springframework/beans/factory/support/AbstractBeanFactory')}
  0x000001e3f1061b4c: 49ba 4869 | 8dc5 e301 | 0000 4c89 | 5424 0848 | c704 24c3 

  0x000001e3f1061b60: ;   {runtime_call counter_overflow Runtime1 stub}
  0x000001e3f1061b60: 0100 00e8 

  0x000001e3f1061b64: ; ImmutableOopMap {[208]=Oop [216]=Oop [232]=Oop [240]=Oop [256]=Oop [296]=Oop [304]=Oop }
                      ;*goto {reexecute=1 rethrow=0 return_oop=0}
                      ; - (reexecute) org.springframework.beans.factory.support.AbstractBeanFactory::doGetBean@451 (line 306)
  0x000001e3f1061b64: 1853 0a07 | e9a3 b5ff 

  0x000001e3f1061b6c: ;   {metadata({method} {0x000001e3c59044d8} 'isSingleton' '()Z' in 'org/springframework/beans/factory/support/AbstractBeanDefinition')}
  0x000001e3f1061b6c: ff49 bad0 | 4490 c5e3 | 0100 004c | 8954 2408 | 48c7 0424 | ffff ffff 

  0x000001e3f1061b84: ;   {runtime_call counter_overflow Runtime1 stub}
  0x000001e3f1061b84: e8f7 520a 

  0x000001e3f1061b88: ; ImmutableOopMap {rax=Oop [208]=Oop [216]=Oop [232]=Oop [240]=Oop [256]=Oop [304]=Oop }
                      ;*synchronization entry
                      ; - org.springframework.beans.factory.support.AbstractBeanDefinition::isSingleton@-1 (line 535)
                      ; - org.springframework.beans.factory.support.AbstractBeanFactory::doGetBean@456 (line 334)
  0x000001e3f1061b88: 07e9 7fb6 

  0x000001e3f1061b8c: ;   {metadata({method} {0x000001e3840b0b68} 'linkToTargetMethod' '(Ljava/lang/Object;Ljava/lang/Object;Ljava/lang/Object;Ljava/lang/Object;Ljava/lang/Object;)Ljava/lang/Object;' in 'java/lang/invoke/Invokers$Holder')}
  0x000001e3f1061b8c: ffff 49ba | 600b 0b84 | e301 0000 | 4c89 5424 | 0848 c704 | 24ff ffff 

  0x000001e3f1061ba4: ;   {runtime_call counter_overflow Runtime1 stub}
  0x000001e3f1061ba4: ffe8 d652 

  0x000001e3f1061ba8: ; ImmutableOopMap {rax=Oop rdx=Oop [208]=Oop [216]=Oop [232]=Oop [240]=Oop [304]=Oop }
                      ;*synchronization entry
                      ; - java.lang.invoke.Invokers$Holder::linkToTargetMethod@-1
                      ; - org.springframework.beans.factory.support.AbstractBeanFactory::doGetBean@471 (line 335)
  0x000001e3f1061ba8: 0a07 e908 

  0x000001e3f1061bac: ;   {metadata({method} {0x000001e3c55e42b0} 'newInvokeSpecial' '(Ljava/lang/Object;Ljava/lang/Object;Ljava/lang/Object;Ljava/lang/Object;Ljava/lang/Object;)Ljava/lang/Object;' in 'java/lang/invoke/LambdaForm$DMH+0x000001e385090400')}
  0x000001e3f1061bac: b9ff ff49 | baa8 425e | c5e3 0100 | 004c 8954 | 2408 48c7 | 0424 ffff 

  0x000001e3f1061bc4: ;   {runtime_call counter_overflow Runtime1 stub}
  0x000001e3f1061bc4: ffff e8b5 

  0x000001e3f1061bc8: ; ImmutableOopMap {rax=Oop rdx=Oop rbx=Oop [208]=Oop [216]=Oop [232]=Oop [240]=Oop [304]=Oop }
                      ;*synchronization entry
                      ; - java.lang.invoke.LambdaForm$DMH/0x000001e385090400::newInvokeSpecial@-1
                      ; - java.lang.invoke.Invokers$Holder::linkToTargetMethod@9
                      ; - org.springframework.beans.factory.support.AbstractBeanFactory::doGetBean@471 (line 335)
  0x000001e3f1061bc8: 520a 07e9 | 2fba ffff 

  0x000001e3f1061bd0: ;   {metadata({method} {0x000001e3840a34b0} 'allocateInstance' '(Ljava/lang/Object;)Ljava/lang/Object;' in 'java/lang/invoke/DirectMethodHandle')}
  0x000001e3f1061bd0: 49ba a834 | 0a84 e301 | 0000 4c89 | 5424 0848 | c704 24ff 

  0x000001e3f1061be4: ;   {runtime_call counter_overflow Runtime1 stub}
  0x000001e3f1061be4: ffff ffe8 

  0x000001e3f1061be8: ; ImmutableOopMap {rax=Oop rdx=Oop rbx=Oop [208]=Oop [216]=Oop [232]=Oop [240]=Oop [304]=Oop }
                      ;*synchronization entry
                      ; - java.lang.invoke.DirectMethodHandle::allocateInstance@-1 (line 500)
                      ; - java.lang.invoke.LambdaForm$DMH/0x000001e385090400::newInvokeSpecial@1
                      ; - java.lang.invoke.Invokers$Holder::linkToTargetMethod@9
                      ; - org.springframework.beans.factory.support.AbstractBeanFactory::doGetBean@471 (line 335)
  0x000001e3f1061be8: 9452 0a07 | e9ac baff 

  0x000001e3f1061bf0: ;   {metadata({method} {0x000001e3840a3f58} 'constructorMethod' '(Ljava/lang/Object;)Ljava/lang/Object;' in 'java/lang/invoke/DirectMethodHandle')}
  0x000001e3f1061bf0: ff49 ba50 | 3f0a 84e3 | 0100 004c | 8954 2408 | 48c7 0424 | ffff ffff 

  0x000001e3f1061c08: ;   {runtime_call counter_overflow Runtime1 stub}
  0x000001e3f1061c08: e873 520a 

  0x000001e3f1061c0c: ; ImmutableOopMap {rax=Oop [208]=Oop [216]=Oop [232]=Oop [240]=Oop [256]=Oop [304]=Oop }
                      ;*synchronization entry
                      ; - java.lang.invoke.DirectMethodHandle::constructorMethod@-1 (line 494)
                      ; - java.lang.invoke.LambdaForm$DMH/0x000001e385090400::newInvokeSpecial@7
                      ; - java.lang.invoke.Invokers$Holder::linkToTargetMethod@9
                      ; - org.springframework.beans.factory.support.AbstractBeanFactory::doGetBean@471 (line 335)
  0x000001e3f1061c0c: 07e9 e7bb 

  0x000001e3f1061c10: ;   {runtime_call throw_null_pointer_exception Runtime1 stub}
  0x000001e3f1061c10: ffff e869 

  0x000001e3f1061c14: ; ImmutableOopMap {rax=Oop [208]=Oop [216]=Oop [232]=Oop [240]=Oop [256]=Oop [304]=Oop }
                      ;*invokestatic linkToSpecial {reexecute=0 rethrow=0 return_oop=0}
                      ; - java.lang.invoke.LambdaForm$DMH/0x000001e385090400::newInvokeSpecial@24
                      ; - java.lang.invoke.Invokers$Holder::linkToTargetMethod@9
                      ; - org.springframework.beans.factory.support.AbstractBeanFactory::doGetBean@471 (line 335)
                      ;   {metadata({method} {0x000001e3c5adc6b8} '<init>' '(Lorg/springframework/beans/factory/support/AbstractBeanFactory;Ljava/lang/String;Lorg/springframework/beans/factory/support/RootBeanDefinition;[Ljava/lang/Object;)V' in 'org/springframework/beans/factory/support/AbstractBeanFactory$$Lambda+0x000001e3851b01f8')}
  0x000001e3f1061c14: 010a 0749 | bab0 c6ad | c5e3 0100 | 004c 8954 | 2408 48c7 | 0424 ffff 

  0x000001e3f1061c2c: ;   {runtime_call counter_overflow Runtime1 stub}
  0x000001e3f1061c2c: ffff e84d 

  0x000001e3f1061c30: ; ImmutableOopMap {rax=Oop rdx=Oop [208]=Oop [216]=Oop [232]=Oop [240]=Oop [256]=Oop [304]=Oop }
                      ;*synchronization entry
                      ; - org.springframework.beans.factory.support.AbstractBeanFactory$$Lambda/0x000001e3851b01f8::<init>@-1
                      ; - java.lang.invoke.LambdaForm$DMH/0x000001e385090400::newInvokeSpecial@24
                      ; - java.lang.invoke.Invokers$Holder::linkToTargetMethod@9
                      ; - org.springframework.beans.factory.support.AbstractBeanFactory::doGetBean@471 (line 335)
  0x000001e3f1061c30: 520a 07e9 | 15bd ffff 

  0x000001e3f1061c38: ;   {metadata({method} {0x000001e38447c6a0} '<init>' '()V' in 'java/lang/Object')}
  0x000001e3f1061c38: 49ba 98c6 | 4784 e301 | 0000 4c89 | 5424 0848 | c704 24ff 

  0x000001e3f1061c4c: ;   {runtime_call counter_overflow Runtime1 stub}
  0x000001e3f1061c4c: ffff ffe8 

  0x000001e3f1061c50: ; ImmutableOopMap {rax=Oop rdx=Oop [208]=Oop [216]=Oop [232]=Oop [240]=Oop [256]=Oop [304]=Oop }
                      ;*synchronization entry
                      ; - java.lang.Object::<init>@-1 (line 45)
                      ; - org.springframework.beans.factory.support.AbstractBeanFactory$$Lambda/0x000001e3851b01f8::<init>@1
                      ; - java.lang.invoke.LambdaForm$DMH/0x000001e385090400::newInvokeSpecial@24
                      ; - java.lang.invoke.Invokers$Holder::linkToTargetMethod@9
                      ; - org.springframework.beans.factory.support.AbstractBeanFactory::doGetBean@471 (line 335)
  0x000001e3f1061c50: 2c52 0a07 | e936 bdff | ff44 8b40 | 0c49 83f8 | 000f 8437 | bdff ff4c 

  0x000001e3f1061c68: ;   {runtime_call g1_pre_barrier_slow}
  0x000001e3f1061c68: 8904 24e8 | 1058 0a07 | e929 bdff | ff48 83fa | 000f 843a | bdff ff48 

  0x000001e3f1061c80: ;   {runtime_call g1_post_barrier_slow}
  0x000001e3f1061c80: 8904 24e8 | f85a 0a07 | e92c bdff | ff44 8b40 | 1049 83f8 | 000f 842d | bdff ff4c 

  0x000001e3f1061c9c: ;   {runtime_call g1_pre_barrier_slow}
  0x000001e3f1061c9c: 8904 24e8 | dc57 0a07 | e91f bdff | ff48 83fe | 000f 8438 | bdff ff48 

  0x000001e3f1061cb4: ;   {runtime_call g1_post_barrier_slow}
  0x000001e3f1061cb4: 8904 24e8 | c45a 0a07 | e92a bdff | ff44 8b40 | 1449 83f8 | 000f 842b | bdff ff4c 

  0x000001e3f1061cd0: ;   {runtime_call g1_pre_barrier_slow}
  0x000001e3f1061cd0: 8904 24e8 | a857 0a07 | e91d bdff | ff48 83ff | 000f 8436 | bdff ff48 

  0x000001e3f1061ce8: ;   {runtime_call g1_post_barrier_slow}
  0x000001e3f1061ce8: 8904 24e8 | 905a 0a07 | e928 bdff | ff44 8b40 | 1849 83f8 | 000f 8429 | bdff ff4c 

  0x000001e3f1061d04: ;   {runtime_call g1_pre_barrier_slow}
  0x000001e3f1061d04: 8904 24e8 | 7457 0a07 | e91b bdff | ff48 83fb | 000f 8434 | bdff ff48 

  0x000001e3f1061d1c: ;   {runtime_call g1_post_barrier_slow}
  0x000001e3f1061d1c: 8904 24e8 | 5c5a 0a07 | e926 bdff 

  0x000001e3f1061d28: ;   {metadata({method} {0x000001e3c5904598} 'isPrototype' '()Z' in 'org/springframework/beans/factory/support/AbstractBeanDefinition')}
  0x000001e3f1061d28: ff49 ba90 | 4590 c5e3 | 0100 004c | 8954 2408 | 48c7 0424 | ffff ffff 

  0x000001e3f1061d40: ;   {runtime_call counter_overflow Runtime1 stub}
  0x000001e3f1061d40: e83b 510a 

  0x000001e3f1061d44: ; ImmutableOopMap {rax=Oop [208]=Oop [216]=Oop [232]=Oop [240]=Oop [256]=Oop [304]=Oop }
                      ;*synchronization entry
                      ; - org.springframework.beans.factory.support.AbstractBeanDefinition::isPrototype@-1 (line 545)
                      ; - org.springframework.beans.factory.support.AbstractBeanFactory::doGetBean@499 (line 350)
  0x000001e3f1061d44: 07e9 26c0 

  0x000001e3f1061d48: ;   {metadata({method} {0x000001e3c54f7050} 'hasLength' '(Ljava/lang/String;)Z' in 'org/springframework/util/StringUtils')}
  0x000001e3f1061d48: ffff 49ba | 4870 4fc5 | e301 0000 | 4c89 5424 | 0848 c704 | 24ff ffff 

  0x000001e3f1061d60: ;   {runtime_call counter_overflow Runtime1 stub}
  0x000001e3f1061d60: ffe8 1a51 

  0x000001e3f1061d64: ; ImmutableOopMap {rax=Oop rsi=Oop [208]=Oop [216]=Oop [232]=Oop [240]=Oop [256]=Oop [304]=Oop }
                      ;*synchronization entry
                      ; - org.springframework.util.StringUtils::hasLength@-1 (line 142)
                      ; - org.springframework.beans.factory.support.AbstractBeanFactory::doGetBean@570 (line 365)
  0x000001e3f1061d64: 0a07 e992 

  0x000001e3f1061d68: ;   {runtime_call throw_null_pointer_exception Runtime1 stub}
  0x000001e3f1061d68: c4ff ffe8 

  0x000001e3f1061d6c: ; ImmutableOopMap {rax=Oop rsi=Oop [208]=Oop [216]=Oop [232]=Oop [240]=Oop [256]=Oop [304]=Oop }
                      ;*invokevirtual isEmpty {reexecute=0 rethrow=0 return_oop=0}
                      ; - org.springframework.util.StringUtils::hasLength@5 (line 142)
                      ; - org.springframework.beans.factory.support.AbstractBeanFactory::doGetBean@570 (line 365)
  0x000001e3f1061d6c: 1000 0a07 

  0x000001e3f1061d70: ;   {metadata({method} {0x000001e38400ef90} 'isEmpty' '()Z' in 'java/lang/String')}
  0x000001e3f1061d70: 49ba 88ef | 0084 e301 | 0000 4c89 | 5424 0848 | c704 24ff 

  0x000001e3f1061d84: ;   {runtime_call counter_overflow Runtime1 stub}
  0x000001e3f1061d84: ffff ffe8 

  0x000001e3f1061d88: ; ImmutableOopMap {rax=Oop rsi=Oop [208]=Oop [216]=Oop [232]=Oop [240]=Oop [256]=Oop [304]=Oop }
                      ;*synchronization entry
                      ; - java.lang.String::isEmpty@-1 (line 1532)
                      ; - org.springframework.util.StringUtils::hasLength@5 (line 142)
                      ; - org.springframework.beans.factory.support.AbstractBeanFactory::doGetBean@570 (line 365)
  0x000001e3f1061d88: f450 0a07 | e9e8 c4ff 

  0x000001e3f1061d90: ;   {runtime_call throw_null_pointer_exception Runtime1 stub}
  0x000001e3f1061d90: ffe8 eaff 

  0x000001e3f1061d94: ; ImmutableOopMap {rax=Oop rsi=Oop [208]=Oop [216]=Oop [232]=Oop [240]=Oop [256]=Oop [304]=Oop }
                      ;*arraylength {reexecute=0 rethrow=0 return_oop=0}
                      ; - java.lang.String::isEmpty@4 (line 1532)
                      ; - org.springframework.util.StringUtils::hasLength@5 (line 142)
                      ; - org.springframework.beans.factory.support.AbstractBeanFactory::doGetBean@570 (line 365)
                      ;   {runtime_call throw_null_pointer_exception Runtime1 stub}
  0x000001e3f1061d94: 0907 e8e5 

  0x000001e3f1061d98: ; ImmutableOopMap {rsi=Oop rdx=Oop rdi=Oop [208]=Oop [216]=Oop [232]=Oop [240]=Oop [256]=Oop [304]=Oop }
                      ;*invokeinterface get {reexecute=0 rethrow=0 return_oop=0}
                      ; - org.springframework.beans.factory.support.AbstractBeanFactory::doGetBean@597 (line 368)
  0x000001e3f1061d98: ff09 0748 

  0x000001e3f1061d9c: ;   {runtime_call throw_class_cast_exception Runtime1 stub}
  0x000001e3f1061d9c: 8904 24e8 

  0x000001e3f1061da0: ; ImmutableOopMap {[208]=Oop [216]=Oop [232]=Oop [240]=Oop [256]=Oop [304]=Oop [328]=Oop }
                      ;*checkcast {reexecute=0 rethrow=0 return_oop=0}
                      ; - org.springframework.beans.factory.support.AbstractBeanFactory::doGetBean@602 (line 368)
  0x000001e3f1061da0: dc23 0a07 | 48be 0000 | 0000 0000 | 0000 b800 

  0x000001e3f1061db0: ;   {runtime_call load_appendix_patching Runtime1 stub}
  0x000001e3f1061db0: 0f05 0ae8 

  0x000001e3f1061db4: ; ImmutableOopMap {[208]=Oop [216]=Oop [232]=Oop [240]=Oop [256]=Oop [304]=Oop [328]=Oop [336]=Oop }
                      ;*invokedynamic {reexecute=1 rethrow=0 return_oop=0}
                      ; - (reexecute) org.springframework.beans.factory.support.AbstractBeanFactory::doGetBean@637 (line 373)
  0x000001e3f1061db4: 4849 0a07 | e9db c7ff 

  0x000001e3f1061dbc: ;   {runtime_call throw_null_pointer_exception Runtime1 stub}
  0x000001e3f1061dbc: ffe8 beff 

  0x000001e3f1061dc0: ; ImmutableOopMap {rax=Oop rbx=Oop [208]=Oop [232]=Oop [240]=Oop [256]=Oop [304]=Oop [328]=Oop }
                      ;*invokeinterface get {reexecute=0 rethrow=0 return_oop=0}
                      ; - org.springframework.beans.factory.support.AbstractBeanFactory::doGetBean@642 (line 373)
                      ;   {metadata({method} {0x000001e3c54d0198} 'end' '()V' in 'org/springframework/core/metrics/DefaultApplicationStartup$DefaultStartupStep')}
  0x000001e3f1061dc0: 0907 49ba | 9001 4dc5 | e301 0000 | 4c89 5424 | 0848 c704 | 24ff ffff 

  0x000001e3f1061dd8: ;   {runtime_call counter_overflow Runtime1 stub}
  0x000001e3f1061dd8: ffe8 a250 

  0x000001e3f1061ddc: ; ImmutableOopMap {rax=Oop rdx=Oop [208]=Oop [232]=Oop [240]=Oop [256]=Oop }
                      ;*synchronization entry
                      ; - org.springframework.core.metrics.DefaultApplicationStartup$DefaultStartupStep::end@-1 (line 79)
                      ; - org.springframework.beans.factory.support.AbstractBeanFactory::doGetBean@683 (line 396)
  0x000001e3f1061ddc: 0a07 e951 

  0x000001e3f1061de0: ;   {metadata({method} {0x000001e3c58c0150} 'clearMergedBeanDefinition' '(Ljava/lang/String;)V' in 'org/springframework/beans/factory/support/DefaultListableBeanFactory')}
  0x000001e3f1061de0: caff ff49 | ba48 018c | c5e3 0100 | 004c 8954 | 2408 48c7 | 0424 ffff 

  0x000001e3f1061df8: ;   {runtime_call counter_overflow Runtime1 stub}
  0x000001e3f1061df8: ffff e881 

  0x000001e3f1061dfc: ; ImmutableOopMap {rdx=Oop [208]=Oop [232]=Oop [240]=Oop [256]=Oop [344]=Oop }
                      ;*synchronization entry
                      ; - org.springframework.beans.factory.support.DefaultListableBeanFactory::clearMergedBeanDefinition@-1 (line 910)
                      ; - org.springframework.beans.factory.support.AbstractBeanFactory::doGetBean@698 (line 398)
  0x000001e3f1061dfc: 500a 07e9 | 5fcb ffff 

  0x000001e3f1061e04: ;   {metadata({method} {0x000001e3c58db950} 'clearMergedBeanDefinition' '(Ljava/lang/String;)V' in 'org/springframework/beans/factory/support/AbstractBeanFactory')}
  0x000001e3f1061e04: 49ba 48b9 | 8dc5 e301 | 0000 4c89 | 5424 0848 | c704 24ff 

  0x000001e3f1061e18: ;   {runtime_call counter_overflow Runtime1 stub}
  0x000001e3f1061e18: ffff ffe8 

  0x000001e3f1061e1c: ; ImmutableOopMap {rdx=Oop [208]=Oop [232]=Oop [240]=Oop [256]=Oop [344]=Oop }
                      ;*synchronization entry
                      ; - org.springframework.beans.factory.support.AbstractBeanFactory::clearMergedBeanDefinition@-1 (line 1508)
                      ; - org.springframework.beans.factory.support.DefaultListableBeanFactory::clearMergedBeanDefinition@2 (line 910)
                      ; - org.springframework.beans.factory.support.AbstractBeanFactory::doGetBean@698 (line 398)
  0x000001e3f1061e1c: 6050 0a07 | e97d cbff 

  0x000001e3f1061e24: ;   {runtime_call throw_null_pointer_exception Runtime1 stub}
  0x000001e3f1061e24: ffe8 56ff 

  0x000001e3f1061e28: ; ImmutableOopMap {rdx=Oop rsi=Oop [208]=Oop [232]=Oop [240]=Oop [256]=Oop [344]=Oop }
                      ;*invokeinterface get {reexecute=0 rethrow=0 return_oop=0}
                      ; - org.springframework.beans.factory.support.AbstractBeanFactory::clearMergedBeanDefinition@5 (line 1508)
                      ; - org.springframework.beans.factory.support.DefaultListableBeanFactory::clearMergedBeanDefinition@2 (line 910)
                      ; - org.springframework.beans.factory.support.AbstractBeanFactory::doGetBean@698 (line 398)
  0x000001e3f1061e28: 0907 4889 

  0x000001e3f1061e2c: ;   {runtime_call throw_class_cast_exception Runtime1 stub}
  0x000001e3f1061e2c: 0424 e84d 

  0x000001e3f1061e30: ; ImmutableOopMap {[208]=Oop [232]=Oop [240]=Oop [256]=Oop [344]=Oop }
                      ;*checkcast {reexecute=0 rethrow=0 return_oop=0}
                      ; - org.springframework.beans.factory.support.AbstractBeanFactory::clearMergedBeanDefinition@10 (line 1508)
                      ; - org.springframework.beans.factory.support.DefaultListableBeanFactory::clearMergedBeanDefinition@2 (line 910)
                      ; - org.springframework.beans.factory.support.AbstractBeanFactory::doGetBean@698 (line 398)
                      ;   {runtime_call throw_null_pointer_exception Runtime1 stub}
  0x000001e3f1061e30: 230a 07e8 

  0x000001e3f1061e34: ; ImmutableOopMap {[208]=Oop [232]=Oop [240]=Oop [256]=Oop [344]=Oop }
                      ;*putfield stale {reexecute=1 rethrow=0 return_oop=0}
                      ; - (reexecute) org.springframework.beans.factory.support.AbstractBeanFactory::clearMergedBeanDefinition@20 (line 1510)
                      ; - org.springframework.beans.factory.support.DefaultListableBeanFactory::clearMergedBeanDefinition@2 (line 910)
                      ; - org.springframework.beans.factory.support.AbstractBeanFactory::doGetBean@698 (line 398)
  0x000001e3f1061e34: 48ff 0907 

  0x000001e3f1061e38: ;   {runtime_call throw_null_pointer_exception Runtime1 stub}
  0x000001e3f1061e38: e843 ff09 

  0x000001e3f1061e3c: ; ImmutableOopMap {rdx=Oop rsi=Oop [208]=Oop [232]=Oop [240]=Oop [256]=Oop [344]=Oop }
                      ;*invokeinterface remove {reexecute=0 rethrow=0 return_oop=0}
                      ; - org.springframework.beans.factory.support.DefaultListableBeanFactory::clearMergedBeanDefinition@10 (line 911)
                      ; - org.springframework.beans.factory.support.AbstractBeanFactory::doGetBean@698 (line 398)
                      ;   {metadata(nullptr)}
  0x000001e3f1061e3c: 0748 ba00 | 0000 0000 | 0000 00b8 | 000f 050a 

  0x000001e3f1061e4c: ;   {runtime_call load_klass_patching Runtime1 stub}
  0x000001e3f1061e4c: e8af 3f0a 

  0x000001e3f1061e50: ; ImmutableOopMap {rax=Oop [208]=Oop [256]=Oop [280]=Oop [304]=Oop }
                      ;*new {reexecute=1 rethrow=0 return_oop=0}
                      ; - (reexecute) org.springframework.beans.factory.support.AbstractBeanFactory::doGetBean@331 (line 308)
  0x000001e3f1061e50: 07e9 2ace 

  0x000001e3f1061e54: ;   {runtime_call throw_null_pointer_exception Runtime1 stub}
  0x000001e3f1061e54: ffff e825 

  0x000001e3f1061e58: ; ImmutableOopMap {rbx=Oop [208]=Oop [256]=Oop [280]=Oop [304]=Oop }
                      ;*new {reexecute=0 rethrow=0 return_oop=0}
                      ; - org.springframework.beans.factory.support.AbstractBeanFactory::doGetBean@331 (line 308)
  0x000001e3f1061e58: ff09 0748 

  0x000001e3f1061e5c: ;   {runtime_call fast_new_instance_init_check Runtime1 stub}
  0x000001e3f1061e5c: 8bd2 e81d 

  0x000001e3f1061e60: ; ImmutableOopMap {rbx=Oop [208]=Oop [256]=Oop [280]=Oop [304]=Oop }
                      ;*new {reexecute=0 rethrow=0 return_oop=0}
                      ; - org.springframework.beans.factory.support.AbstractBeanFactory::doGetBean@331 (line 308)
  0x000001e3f1061e60: 0b0a 07e9 | 84ce ffff 

  0x000001e3f1061e68: ;   {metadata({method} {0x000001e3c5907618} 'getResourceDescription' '()Ljava/lang/String;' in 'org/springframework/beans/factory/support/AbstractBeanDefinition')}
  0x000001e3f1061e68: 49ba 1076 | 90c5 e301 | 0000 4c89 | 5424 0848 | c704 24ff 

  0x000001e3f1061e7c: ;   {runtime_call counter_overflow Runtime1 stub}
  0x000001e3f1061e7c: ffff ffe8 

  0x000001e3f1061e80: ; ImmutableOopMap {rbx=Oop rax=Oop [208]=Oop [256]=Oop [280]=Oop [304]=Oop [352]=Oop }
                      ;*synchronization entry
                      ; - org.springframework.beans.factory.support.AbstractBeanDefinition::getResourceDescription@-1 (line 1152)
                      ; - org.springframework.beans.factory.support.AbstractBeanFactory::doGetBean@337 (line 308)
  0x000001e3f1061e80: fc4f 0a07 | e926 cfff 

  0x000001e3f1061e88: ;   {runtime_call throw_null_pointer_exception Runtime1 stub}
  0x000001e3f1061e88: ffe8 f2fe 

  0x000001e3f1061e8c: ; ImmutableOopMap {rdx=Oop [208]=Oop [256]=Oop [280]=Oop [352]=Oop }
                      ;*invokeinterface getDescription {reexecute=0 rethrow=0 return_oop=0}
                      ; - org.springframework.beans.factory.support.AbstractBeanDefinition::getResourceDescription@11 (line 1152)
                      ; - org.springframework.beans.factory.support.AbstractBeanFactory::doGetBean@337 (line 308)
                      ;   {metadata({method} {0x000001e3c58dad50} 'originalBeanName' '(Ljava/lang/String;)Ljava/lang/String;' in 'org/springframework/beans/factory/support/AbstractBeanFactory')}
  0x000001e3f1061e8c: 0907 49ba | 48ad 8dc5 | e301 0000 | 4c89 5424 | 0848 c704 | 24ff ffff 

  0x000001e3f1061ea4: ;   {runtime_call counter_overflow Runtime1 stub}
  0x000001e3f1061ea4: ffe8 d64f 

  0x000001e3f1061ea8: ; ImmutableOopMap {r8=Oop [208]=Oop [216]=Oop [232]=Oop [240]=Oop [264]=Oop }
                      ;*synchronization entry
                      ; - org.springframework.beans.factory.support.AbstractBeanFactory::originalBeanName@-1 (line 1286)
                      ; - org.springframework.beans.factory.support.AbstractBeanFactory::doGetBean@136 (line 273)
  0x000001e3f1061ea8: 0a07 e9d9 

  0x000001e3f1061eac: ;   {metadata({method} {0x000001e3c58dac70} 'transformedBeanName' '(Ljava/lang/String;)Ljava/lang/String;' in 'org/springframework/beans/factory/support/AbstractBeanFactory')}
  0x000001e3f1061eac: d0ff ff49 | ba68 ac8d | c5e3 0100 | 004c 8954 | 2408 48c7 | 0424 ffff 

  0x000001e3f1061ec4: ;   {runtime_call counter_overflow Runtime1 stub}
  0x000001e3f1061ec4: ffff e8b5 

  0x000001e3f1061ec8: ; ImmutableOopMap {r8=Oop [208]=Oop [216]=Oop [232]=Oop [240]=Oop [264]=Oop }
                      ;*synchronization entry
                      ; - org.springframework.beans.factory.support.AbstractBeanFactory::transformedBeanName@-1 (line 1277)
                      ; - org.springframework.beans.factory.support.AbstractBeanFactory::originalBeanName@2 (line 1286)
                      ; - org.springframework.beans.factory.support.AbstractBeanFactory::doGetBean@136 (line 273)
  0x000001e3f1061ec8: 4f0a 07e9 | 78d1 ffff 

  0x000001e3f1061ed0: ;   {runtime_call throw_null_pointer_exception Runtime1 stub}
  0x000001e3f1061ed0: e8ab fe09 

  0x000001e3f1061ed4: ; ImmutableOopMap {rax=Oop r8=Oop [216]=Oop [232]=Oop [240]=Oop [264]=Oop }
                      ;*invokevirtual startsWith {reexecute=0 rethrow=0 return_oop=0}
                      ; - org.springframework.beans.factory.support.AbstractBeanFactory::originalBeanName@10 (line 1287)
                      ; - org.springframework.beans.factory.support.AbstractBeanFactory::doGetBean@136 (line 273)
                      ;   {metadata({method} {0x000001e38445b678} 'startsWith' '(Ljava/lang/String;)Z' in 'java/lang/String')}
  0x000001e3f1061ed4: 0749 ba70 | b645 84e3 | 0100 004c | 8954 2408 | 48c7 0424 | ffff ffff 

  0x000001e3f1061eec: ;   {runtime_call counter_overflow Runtime1 stub}
  0x000001e3f1061eec: e88f 4f0a 

  0x000001e3f1061ef0: ; ImmutableOopMap {rax=Oop r8=Oop [216]=Oop [232]=Oop [240]=Oop [264]=Oop }
                      ;*synchronization entry
                      ; - java.lang.String::startsWith@-1 (line 2323)
                      ; - org.springframework.beans.factory.support.AbstractBeanFactory::originalBeanName@10 (line 1287)
                      ; - org.springframework.beans.factory.support.AbstractBeanFactory::doGetBean@136 (line 273)
  0x000001e3f1061ef0: 07e9 70d2 | ffff 49b8 | 0000 0000 | 0000 0000 | b800 0f05 

  0x000001e3f1061f04: ;   {runtime_call load_appendix_patching Runtime1 stub}
  0x000001e3f1061f04: 0ae8 f647 

  0x000001e3f1061f08: ; ImmutableOopMap {rax=Oop [216]=Oop [232]=Oop [264]=Oop }
                      ;*invokedynamic {reexecute=1 rethrow=0 return_oop=0}
                      ; - (reexecute) org.springframework.beans.factory.support.AbstractBeanFactory::originalBeanName@17 (line 1288)
                      ; - org.springframework.beans.factory.support.AbstractBeanFactory::doGetBean@136 (line 273)
  0x000001e3f1061f08: 0a07 e9e1 

  0x000001e3f1061f0c: ;   {runtime_call throw_null_pointer_exception Runtime1 stub}
  0x000001e3f1061f0c: d2ff ffe8 

  0x000001e3f1061f10: ; ImmutableOopMap {rdx=Oop rsi=Oop [208]=Oop [232]=Oop [240]=Oop [256]=Oop [368]=Oop }
                      ;*invokeinterface isTraceEnabled {reexecute=0 rethrow=0 return_oop=0}
                      ; - org.springframework.beans.factory.support.AbstractBeanFactory::doGetBean@28 (line 250)
  0x000001e3f1061f10: 6cfe 0907 

  0x000001e3f1061f14: ;   {metadata({method} {0x000001e3c58e2800} 'isSingletonCurrentlyInCreation' '(Ljava/lang/String;)Z' in 'org/springframework/beans/factory/support/DefaultSingletonBeanRegistry')}
  0x000001e3f1061f14: 49ba f827 | 8ec5 e301 | 0000 4c89 | 5424 0848 | c704 24ff 

  0x000001e3f1061f28: ;   {runtime_call counter_overflow Runtime1 stub}
  0x000001e3f1061f28: ffff ffe8 

  0x000001e3f1061f2c: ; ImmutableOopMap {rdx=Oop [208]=Oop [232]=Oop [240]=Oop [256]=Oop [368]=Oop }
                      ;*synchronization entry
                      ; - org.springframework.beans.factory.support.DefaultSingletonBeanRegistry::isSingletonCurrentlyInCreation@-1 (line 344)
                      ; - org.springframework.beans.factory.support.AbstractBeanFactory::doGetBean@39 (line 251)
  0x000001e3f1061f2c: 504f 0a07 | e97e d6ff 

  0x000001e3f1061f34: ;   {runtime_call throw_null_pointer_exception Runtime1 stub}
  0x000001e3f1061f34: ffe8 46fe 

  0x000001e3f1061f38: ; ImmutableOopMap {rdx=Oop rsi=Oop [208]=Oop [232]=Oop [240]=Oop [256]=Oop [368]=Oop }
                      ;*invokeinterface contains {reexecute=0 rethrow=0 return_oop=0}
                      ; - org.springframework.beans.factory.support.DefaultSingletonBeanRegistry::isSingletonCurrentlyInCreation@5 (line 344)
                      ; - org.springframework.beans.factory.support.AbstractBeanFactory::doGetBean@39 (line 251)
  0x000001e3f1061f38: 0907 49b8 | 0000 0000 | 0000 0000 | b800 0f05 

  0x000001e3f1061f48: ;   {runtime_call load_appendix_patching Runtime1 stub}
  0x000001e3f1061f48: 0ae8 b247 

  0x000001e3f1061f4c: ; ImmutableOopMap {rdx=Oop rsi=Oop [208]=Oop [232]=Oop [240]=Oop [256]=Oop [368]=Oop }
                      ;*invokedynamic {reexecute=1 rethrow=0 return_oop=0}
                      ; - (reexecute) org.springframework.beans.factory.support.AbstractBeanFactory::doGetBean@51 (line 252)
  0x000001e3f1061f4c: 0a07 e96d 

  0x000001e3f1061f50: ;   {runtime_call throw_null_pointer_exception Runtime1 stub}
  0x000001e3f1061f50: d7ff ffe8 

  0x000001e3f1061f54: ; ImmutableOopMap {rax=Oop rsi=Oop [208]=Oop [232]=Oop [240]=Oop [256]=Oop [368]=Oop }
                      ;*invokeinterface trace {reexecute=0 rethrow=0 return_oop=0}
                      ; - org.springframework.beans.factory.support.AbstractBeanFactory::doGetBean@56 (line 252)
  0x000001e3f1061f54: 28fe 0907 | 49b8 0000 | 0000 0000 | 0000 b800 

  0x000001e3f1061f64: ;   {runtime_call load_appendix_patching Runtime1 stub}
  0x000001e3f1061f64: 0f05 0ae8 

  0x000001e3f1061f68: ; ImmutableOopMap {rdx=Oop rsi=Oop [208]=Oop [232]=Oop [240]=Oop [256]=Oop [368]=Oop }
                      ;*invokedynamic {reexecute=1 rethrow=0 return_oop=0}
                      ; - (reexecute) org.springframework.beans.factory.support.AbstractBeanFactory::doGetBean@70 (line 256)
  0x000001e3f1061f68: 9447 0a07 | e977 d8ff 

  0x000001e3f1061f70: ;   {runtime_call throw_null_pointer_exception Runtime1 stub}
  0x000001e3f1061f70: ffe8 0afe 

  0x000001e3f1061f74: ; ImmutableOopMap {rax=Oop rsi=Oop [208]=Oop [232]=Oop [240]=Oop [256]=Oop [368]=Oop }
                      ;*invokeinterface trace {reexecute=0 rethrow=0 return_oop=0}
                      ; - org.springframework.beans.factory.support.AbstractBeanFactory::doGetBean@75 (line 256)
                      ;   {metadata(nullptr)}
  0x000001e3f1061f74: 0907 48ba | 0000 0000 | 0000 0000 | b800 0f05 

  0x000001e3f1061f84: ;   {runtime_call load_klass_patching Runtime1 stub}
  0x000001e3f1061f84: 0ae8 763e 

  0x000001e3f1061f88: ; ImmutableOopMap {r9=Oop rbx=Oop [208]=Oop [232]=Oop [256]=Oop [304]=Oop [392]=Oop }
                      ;*new {reexecute=1 rethrow=0 return_oop=0}
                      ; - (reexecute) org.springframework.beans.factory.support.AbstractBeanFactory::doGetBean@407 (line 323)
  0x000001e3f1061f88: 0a07 e9d9 

  0x000001e3f1061f8c: ;   {runtime_call throw_null_pointer_exception Runtime1 stub}
  0x000001e3f1061f8c: d9ff ffe8 

  0x000001e3f1061f90: ; ImmutableOopMap {r9=Oop rbx=Oop [208]=Oop [232]=Oop [256]=Oop [304]=Oop [392]=Oop }
                      ;*new {reexecute=0 rethrow=0 return_oop=0}
                      ; - org.springframework.beans.factory.support.AbstractBeanFactory::doGetBean@407 (line 323)
  0x000001e3f1061f90: ecfd 0907 

  0x000001e3f1061f94: ;   {runtime_call fast_new_instance_init_check Runtime1 stub}
  0x000001e3f1061f94: 488b d2e8 

  0x000001e3f1061f98: ; ImmutableOopMap {r9=Oop rbx=Oop [208]=Oop [232]=Oop [256]=Oop [304]=Oop [392]=Oop }
                      ;*new {reexecute=0 rethrow=0 return_oop=0}
                      ; - org.springframework.beans.factory.support.AbstractBeanFactory::doGetBean@407 (line 323)
  0x000001e3f1061f98: e409 0a07 | e930 daff 

  0x000001e3f1061fa0: ;   {metadata({method} {0x000001e3c5907618} 'getResourceDescription' '()Ljava/lang/String;' in 'org/springframework/beans/factory/support/AbstractBeanDefinition')}
  0x000001e3f1061fa0: ff49 ba10 | 7690 c5e3 | 0100 004c | 8954 2408 | 48c7 0424 | ffff ffff 

  0x000001e3f1061fb8: ;   {runtime_call counter_overflow Runtime1 stub}
  0x000001e3f1061fb8: e8c3 4e0a 

  0x000001e3f1061fbc: ; ImmutableOopMap {r9=Oop rbx=Oop rax=Oop [208]=Oop [232]=Oop [256]=Oop [304]=Oop [392]=Oop [400]=Oop }
                      ;*synchronization entry
                      ; - org.springframework.beans.factory.support.AbstractBeanDefinition::getResourceDescription@-1 (line 1152)
                      ; - org.springframework.beans.factory.support.AbstractBeanFactory::doGetBean@413 (line 323)
  0x000001e3f1061fbc: 07e9 d2da 

  0x000001e3f1061fc0: ;   {runtime_call throw_null_pointer_exception Runtime1 stub}
  0x000001e3f1061fc0: ffff e8b9 

  0x000001e3f1061fc4: ; ImmutableOopMap {rdx=Oop [208]=Oop [232]=Oop [256]=Oop [392]=Oop [400]=Oop }
                      ;*invokeinterface getDescription {reexecute=0 rethrow=0 return_oop=0}
                      ; - org.springframework.beans.factory.support.AbstractBeanDefinition::getResourceDescription@11 (line 1152)
                      ; - org.springframework.beans.factory.support.AbstractBeanFactory::doGetBean@413 (line 323)
                      ;   {metadata(nullptr)}
  0x000001e3f1061fc4: fd09 0748 | ba00 0000 | 0000 0000 | 00b8 000f 

  0x000001e3f1061fd4: ;   {runtime_call load_klass_patching Runtime1 stub}
  0x000001e3f1061fd4: 050a e825 

  0x000001e3f1061fd8: ; ImmutableOopMap {rbx=Oop rax=Oop [208]=Oop [256]=Oop [280]=Oop [304]=Oop [416]=Oop }
                      ;*new {reexecute=1 rethrow=0 return_oop=0}
                      ; - (reexecute) org.springframework.beans.factory.support.AbstractBeanFactory::doGetBean@375 (line 316)
  0x000001e3f1061fd8: 3e0a 07e9 | f8db ffff 

  0x000001e3f1061fe0: ;   {runtime_call throw_null_pointer_exception Runtime1 stub}
  0x000001e3f1061fe0: e89b fd09 

  0x000001e3f1061fe4: ; ImmutableOopMap {rbx=Oop [208]=Oop [256]=Oop [280]=Oop [304]=Oop [416]=Oop }
                      ;*new {reexecute=0 rethrow=0 return_oop=0}
                      ; - org.springframework.beans.factory.support.AbstractBeanFactory::doGetBean@375 (line 316)
  0x000001e3f1061fe4: 0748 8bd2 

  0x000001e3f1061fe8: ;   {runtime_call fast_new_instance_init_check Runtime1 stub}
  0x000001e3f1061fe8: e893 090a 

  0x000001e3f1061fec: ; ImmutableOopMap {rbx=Oop [208]=Oop [256]=Oop [280]=Oop [304]=Oop [416]=Oop }
                      ;*new {reexecute=0 rethrow=0 return_oop=0}
                      ; - org.springframework.beans.factory.support.AbstractBeanFactory::doGetBean@375 (line 316)
  0x000001e3f1061fec: 07e9 4fdc 

  0x000001e3f1061ff0: ;   {metadata({method} {0x000001e3c5907618} 'getResourceDescription' '()Ljava/lang/String;' in 'org/springframework/beans/factory/support/AbstractBeanDefinition')}
  0x000001e3f1061ff0: ffff 49ba | 1076 90c5 | e301 0000 | 4c89 5424 | 0848 c704 | 24ff ffff 

  0x000001e3f1062008: ;   {runtime_call counter_overflow Runtime1 stub}
  0x000001e3f1062008: ffe8 724e 

  0x000001e3f106200c: ; ImmutableOopMap {rbx=Oop rax=Oop [208]=Oop [256]=Oop [280]=Oop [304]=Oop [408]=Oop [416]=Oop }
                      ;*synchronization entry
                      ; - org.springframework.beans.factory.support.AbstractBeanDefinition::getResourceDescription@-1 (line 1152)
                      ; - org.springframework.beans.factory.support.AbstractBeanFactory::doGetBean@381 (line 316)
  0x000001e3f106200c: 0a07 e9f1 

  0x000001e3f1062010: ;   {runtime_call throw_null_pointer_exception Runtime1 stub}
  0x000001e3f1062010: dcff ffe8 

  0x000001e3f1062014: ; ImmutableOopMap {rdx=Oop [208]=Oop [256]=Oop [280]=Oop [408]=Oop [416]=Oop }
                      ;*invokeinterface getDescription {reexecute=0 rethrow=0 return_oop=0}
                      ; - org.springframework.beans.factory.support.AbstractBeanDefinition::getResourceDescription@11 (line 1152)
                      ; - org.springframework.beans.factory.support.AbstractBeanFactory::doGetBean@381 (line 316)
  0x000001e3f1062014: 68fd 0907 

  0x000001e3f1062018: ;   {runtime_call throw_null_pointer_exception Runtime1 stub}
  0x000001e3f1062018: e863 fd09 

  0x000001e3f106201c: ; ImmutableOopMap {rax=Oop rsi=Oop [232]=Oop [264]=Oop }
                      ;*invokeinterface getBean {reexecute=0 rethrow=0 return_oop=0}
                      ; - org.springframework.beans.factory.support.AbstractBeanFactory::doGetBean@192 (line 283)
                      ;   {internal_word}
  0x000001e3f106201c: 0749 bacc | ff05 f1e3 | 0100 004d | 8997 6804 

  0x000001e3f106202c: ;   {runtime_call SafepointBlob}
  0x000001e3f106202c: 0000 e9cd 

  0x000001e3f1062030: ;   {runtime_call throw_null_pointer_exception Runtime1 stub}
  0x000001e3f1062030: 36ff 06e8 

  0x000001e3f1062034: ; ImmutableOopMap {rax=Oop rsi=Oop [264]=Oop }
                      ;*invokeinterface getBean {reexecute=0 rethrow=0 return_oop=0}
                      ; - org.springframework.beans.factory.support.AbstractBeanFactory::doGetBean@202 (line 286)
  0x000001e3f1062034: 48fd 0907 

  0x000001e3f1062038: ;   {internal_word}
  0x000001e3f1062038: 49ba 9c00 | 06f1 e301 | 0000 4d89 | 9768 0400 

  0x000001e3f1062048: ;   {runtime_call SafepointBlob}
  0x000001e3f1062048: 00e9 b236 

  0x000001e3f106204c: ;   {runtime_call throw_null_pointer_exception Runtime1 stub}
  0x000001e3f106204c: ff06 e82d 

  0x000001e3f1062050: ; ImmutableOopMap {rdi=Oop rax=Oop rsi=Oop [216]=Oop [264]=Oop }
                      ;*invokeinterface getBean {reexecute=0 rethrow=0 return_oop=0}
                      ; - org.springframework.beans.factory.support.AbstractBeanFactory::doGetBean@177 (line 279)
                      ;   {internal_word}
  0x000001e3f1062050: fd09 0749 | ba6c 0106 | f1e3 0100 | 004d 8997 | 6804 0000 

  0x000001e3f1062064: ;   {runtime_call SafepointBlob}
  0x000001e3f1062064: e997 36ff | 0648 8934 

  0x000001e3f106206c: ;   {runtime_call throw_class_cast_exception Runtime1 stub}
  0x000001e3f106206c: 24e8 0e21 

  0x000001e3f1062070: ; ImmutableOopMap {rdi=Oop rax=Oop [216]=Oop [232]=Oop }
                      ;*checkcast {reexecute=0 rethrow=0 return_oop=0}
                      ; - org.springframework.beans.factory.support.AbstractBeanFactory::doGetBean@151 (line 274)
                      ;   {runtime_call throw_null_pointer_exception Runtime1 stub}
  0x000001e3f1062070: 0a07 e809 

  0x000001e3f1062074: ; ImmutableOopMap {rdi=Oop rax=Oop rdx=Oop [216]=Oop [232]=Oop }
                      ;*invokevirtual doGetBean {reexecute=0 rethrow=0 return_oop=0}
                      ; - org.springframework.beans.factory.support.AbstractBeanFactory::doGetBean@164 (line 275)
                      ;   {internal_word}
  0x000001e3f1062074: fd09 0749 | ba2c 0306 | f1e3 0100 | 004d 8997 | 6804 0000 

  0x000001e3f1062088: ;   {runtime_call SafepointBlob}
  0x000001e3f1062088: e973 36ff 

  0x000001e3f106208c: ;   {internal_word}
  0x000001e3f106208c: 0649 ba14 | 0406 f1e3 | 0100 004d | 8997 6804 

  0x000001e3f106209c: ;   {runtime_call SafepointBlob}
  0x000001e3f106209c: 0000 e95d | 36ff 0649 | b900 0000 | 0000 0000 | 00b8 000f 

  0x000001e3f10620b0: ;   {runtime_call load_appendix_patching Runtime1 stub}
  0x000001e3f10620b0: 050a e849 

  0x000001e3f10620b4: ; ImmutableOopMap {[208]=Oop [256]=Oop [280]=Oop [408]=Oop [416]=Oop [424]=Oop }
                      ;*invokedynamic {reexecute=1 rethrow=0 return_oop=0}
                      ; - (reexecute) org.springframework.beans.factory.support.AbstractBeanFactory::doGetBean@390 (line 316)
  0x000001e3f10620b4: 460a 07e9 | 74e3 ffff 

  0x000001e3f10620bc: ;   {runtime_call throw_null_pointer_exception Runtime1 stub}
  0x000001e3f10620bc: e8bf fc09 

  0x000001e3f10620c0: ; ImmutableOopMap {rax=Oop r9=Oop [208]=Oop [232]=Oop [256]=Oop [392]=Oop [400]=Oop [432]=Oop }
                      ;*invokevirtual getSimpleName {reexecute=0 rethrow=0 return_oop=0}
                      ; - org.springframework.beans.factory.support.AbstractBeanFactory::doGetBean@424 (line 325)
  0x000001e3f10620c0: 0748 be00 | 0000 0000 | 0000 00b8 | 000f 050a 

  0x000001e3f10620d0: ;   {runtime_call load_appendix_patching Runtime1 stub}
  0x000001e3f10620d0: e82b 460a 

  0x000001e3f10620d4: ; ImmutableOopMap {rax=Oop [208]=Oop [256]=Oop [392]=Oop [400]=Oop [432]=Oop [440]=Oop [448]=Oop }
                      ;*invokedynamic {reexecute=1 rethrow=0 return_oop=0}
                      ; - (reexecute) org.springframework.beans.factory.support.AbstractBeanFactory::doGetBean@434 (line 326)
  0x000001e3f10620d4: 07e9 bee5 | ffff 49b9 | 0000 0000 | 0000 0000 | b800 0f05 

  0x000001e3f10620e8: ;   {runtime_call load_appendix_patching Runtime1 stub}
  0x000001e3f10620e8: 0ae8 1246 

  0x000001e3f10620ec: ; ImmutableOopMap {r11=Oop [208]=Oop [256]=Oop [352]=Oop [456]=Oop }
                      ;*invokedynamic {reexecute=1 rethrow=0 return_oop=0}
                      ; - (reexecute) org.springframework.beans.factory.support.AbstractBeanFactory::doGetBean@346 (line 308)
  0x000001e3f10620ec: 0a07 e97d 

  0x000001e3f10620f0: ;   {metadata(nullptr)}
  0x000001e3f10620f0: e6ff ff48 | ba00 0000 | 0000 0000 | 00b8 000f 

  0x000001e3f1062100: ;   {runtime_call load_klass_patching Runtime1 stub}
  0x000001e3f1062100: 050a e8f9 

  0x000001e3f1062104: ; ImmutableOopMap {[208]=Oop [256]=Oop [328]=Oop }
                      ;*new {reexecute=1 rethrow=0 return_oop=0}
                      ; - (reexecute) org.springframework.beans.factory.support.AbstractBeanFactory::doGetBean@612 (line 370)
  0x000001e3f1062104: 3c0a 07e9 | 04e7 ffff 

  0x000001e3f106210c: ;   {runtime_call fast_new_instance Runtime1 stub}
  0x000001e3f106210c: 488b d2e8 

  0x000001e3f1062110: ; ImmutableOopMap {[208]=Oop [256]=Oop [328]=Oop }
                      ;*new {reexecute=0 rethrow=0 return_oop=0}
                      ; - org.springframework.beans.factory.support.AbstractBeanFactory::doGetBean@612 (line 370)
  0x000001e3f1062110: 6c05 0a07 | e94f e7ff | ff49 b800 | 0000 0000 | 0000 00b8 | 000f 050a 

  0x000001e3f1062128: ;   {runtime_call load_appendix_patching Runtime1 stub}
  0x000001e3f1062128: e8d3 450a 

  0x000001e3f106212c: ; ImmutableOopMap {rax=Oop [208]=Oop [256]=Oop [328]=Oop }
                      ;*invokedynamic {reexecute=1 rethrow=0 return_oop=0}
                      ; - (reexecute) org.springframework.beans.factory.support.AbstractBeanFactory::doGetBean@618 (line 370)
  0x000001e3f106212c: 07e9 36e7 

  0x000001e3f1062130: ;   {metadata(nullptr)}
  0x000001e3f1062130: ffff 48ba | 0000 0000 | 0000 0000 | b800 0f05 

  0x000001e3f1062140: ;   {runtime_call load_klass_patching Runtime1 stub}
  0x000001e3f1062140: 0ae8 ba3c 

  0x000001e3f1062144: ; ImmutableOopMap {[208]=Oop [256]=Oop }
                      ;*new {reexecute=1 rethrow=0 return_oop=0}
                      ; - (reexecute) org.springframework.beans.factory.support.AbstractBeanFactory::doGetBean@576 (line 366)
  0x000001e3f1062144: 0a07 e9b5 | e7ff ff48 

  0x000001e3f106214c: ;   {runtime_call fast_new_instance Runtime1 stub}
  0x000001e3f106214c: 8bd2 e82d 

  0x000001e3f1062150: ; ImmutableOopMap {[208]=Oop [256]=Oop }
                      ;*new {reexecute=0 rethrow=0 return_oop=0}
                      ; - org.springframework.beans.factory.support.AbstractBeanFactory::doGetBean@576 (line 366)
  0x000001e3f1062150: 050a 07e9 | 00e8 ffff | 49b8 0000 | 0000 0000 | 0000 b800 

  0x000001e3f1062164: ;   {runtime_call load_appendix_patching Runtime1 stub}
  0x000001e3f1062164: 0f05 0ae8 

  0x000001e3f1062168: ; ImmutableOopMap {rax=Oop [208]=Oop [256]=Oop }
                      ;*invokedynamic {reexecute=1 rethrow=0 return_oop=0}
                      ; - (reexecute) org.springframework.beans.factory.support.AbstractBeanFactory::doGetBean@582 (line 366)
  0x000001e3f1062168: 9445 0a07 | e9e7 e7ff 

  0x000001e3f1062170: ;   {metadata(nullptr)}
  0x000001e3f1062170: ff48 ba00 | 0000 0000 | 0000 00b8 | 000f 050a 

  0x000001e3f1062180: ;   {runtime_call load_klass_patching Runtime1 stub}
  0x000001e3f1062180: e87b 3c0a 

  0x000001e3f1062184: ; ImmutableOopMap {[208]=Oop [216]=Oop [232]=Oop [240]=Oop [256]=Oop [304]=Oop }
                      ;*new {reexecute=1 rethrow=0 return_oop=0}
                      ; - (reexecute) org.springframework.beans.factory.support.AbstractBeanFactory::checkMergedBeanDefinition@7 (line 1498)
                      ; - org.springframework.beans.factory.support.AbstractBeanFactory::doGetBean@279 (line 301)
  0x000001e3f1062184: 07e9 66e8 

  0x000001e3f1062188: ;   {runtime_call throw_null_pointer_exception Runtime1 stub}
  0x000001e3f1062188: ffff e8f1 

  0x000001e3f106218c: ; ImmutableOopMap {[208]=Oop [216]=Oop [232]=Oop [240]=Oop [256]=Oop [304]=Oop }
                      ;*new {reexecute=0 rethrow=0 return_oop=0}
                      ; - org.springframework.beans.factory.support.AbstractBeanFactory::checkMergedBeanDefinition@7 (line 1498)
                      ; - org.springframework.beans.factory.support.AbstractBeanFactory::doGetBean@279 (line 301)
  0x000001e3f106218c: fb09 0748 

  0x000001e3f1062190: ;   {runtime_call fast_new_instance_init_check Runtime1 stub}
  0x000001e3f1062190: 8bd2 e8e9 

  0x000001e3f1062194: ; ImmutableOopMap {[208]=Oop [216]=Oop [232]=Oop [240]=Oop [256]=Oop [304]=Oop }
                      ;*new {reexecute=0 rethrow=0 return_oop=0}
                      ; - org.springframework.beans.factory.support.AbstractBeanFactory::checkMergedBeanDefinition@7 (line 1498)
                      ; - org.springframework.beans.factory.support.AbstractBeanFactory::doGetBean@279 (line 301)
  0x000001e3f1062194: 070a 07e9 | bde8 ffff 

  0x000001e3f106219c: ;   {metadata(nullptr)}
  0x000001e3f106219c: 48ba 0000 | 0000 0000 | 0000 b800 

  0x000001e3f10621a8: ;   {runtime_call load_klass_patching Runtime1 stub}
  0x000001e3f10621a8: 0f05 0ae8 

  0x000001e3f10621ac: ; ImmutableOopMap {[208]=Oop [216]=Oop [232]=Oop [240]=Oop [256]=Oop }
                      ;*new {reexecute=1 rethrow=0 return_oop=0}
                      ; - (reexecute) java.util.Objects::requireNonNull@4 (line 233)
                      ; - org.springframework.beans.factory.support.AbstractBeanFactory::doGetBean@250 (line 298)
  0x000001e3f10621ac: 503c 0a07 | e9fb e8ff | ff48 8bd2 

  0x000001e3f10621b8: ;   {runtime_call fast_new_instance Runtime1 stub}
  0x000001e3f10621b8: e8c3 040a 

  0x000001e3f10621bc: ; ImmutableOopMap {[208]=Oop [216]=Oop [232]=Oop [240]=Oop [256]=Oop }
                      ;*new {reexecute=0 rethrow=0 return_oop=0}
                      ; - java.util.Objects::requireNonNull@4 (line 233)
                      ; - org.springframework.beans.factory.support.AbstractBeanFactory::doGetBean@250 (line 298)
  0x000001e3f10621bc: 07e9 4ae9 

  0x000001e3f10621c0: ;   {metadata(nullptr)}
  0x000001e3f10621c0: ffff 48ba | 0000 0000 | 0000 0000 | b800 0f05 

  0x000001e3f10621d0: ;   {runtime_call load_klass_patching Runtime1 stub}
  0x000001e3f10621d0: 0ae8 2a3c 

  0x000001e3f10621d4: ; ImmutableOopMap {[208]=Oop [216]=Oop [232]=Oop [240]=Oop [256]=Oop [264]=Oop }
                      ;*new {reexecute=1 rethrow=0 return_oop=0}
                      ; - (reexecute) org.springframework.util.Assert::notNull@4 (line 172)
                      ; - org.springframework.beans.factory.support.DefaultListableBeanFactory::containsBeanDefinition@3 (line 366)
                      ; - org.springframework.beans.factory.support.AbstractBeanFactory::doGetBean@128 (line 271)
  0x000001e3f10621d4: 0a07 e985 | e9ff ff48 

  0x000001e3f10621dc: ;   {runtime_call fast_new_instance Runtime1 stub}
  0x000001e3f10621dc: 8bd2 e89d 

  0x000001e3f10621e0: ; ImmutableOopMap {[208]=Oop [216]=Oop [232]=Oop [240]=Oop [256]=Oop [264]=Oop }
                      ;*new {reexecute=0 rethrow=0 return_oop=0}
                      ; - org.springframework.util.Assert::notNull@4 (line 172)
                      ; - org.springframework.beans.factory.support.DefaultListableBeanFactory::containsBeanDefinition@3 (line 366)
                      ; - org.springframework.beans.factory.support.AbstractBeanFactory::doGetBean@128 (line 271)
  0x000001e3f10621e0: 040a 07e9 | d0e9 ffff 

  0x000001e3f10621e8: ;   {metadata(nullptr)}
  0x000001e3f10621e8: 48ba 0000 | 0000 0000 | 0000 b800 

  0x000001e3f10621f4: ;   {runtime_call load_klass_patching Runtime1 stub}
  0x000001e3f10621f4: 0f05 0ae8 

  0x000001e3f10621f8: ; ImmutableOopMap {[256]=Oop }
                      ;*new {reexecute=1 rethrow=0 return_oop=0}
                      ; - (reexecute) org.springframework.beans.factory.support.AbstractBeanFactory::doGetBean@104 (line 266)
  0x000001e3f10621f8: 043c 0a07 | e907 eaff 

  0x000001e3f1062200: ;   {runtime_call throw_null_pointer_exception Runtime1 stub}
  0x000001e3f1062200: ffe8 7afb 

  0x000001e3f1062204: ; ImmutableOopMap {[256]=Oop }
                      ;*new {reexecute=0 rethrow=0 return_oop=0}
                      ; - org.springframework.beans.factory.support.AbstractBeanFactory::doGetBean@104 (line 266)
  0x000001e3f1062204: 0907 488b 

  0x000001e3f1062208: ;   {runtime_call fast_new_instance_init_check Runtime1 stub}
  0x000001e3f1062208: d2e8 7207 

  0x000001e3f106220c: ; ImmutableOopMap {[256]=Oop }
                      ;*new {reexecute=0 rethrow=0 return_oop=0}
                      ; - org.springframework.beans.factory.support.AbstractBeanFactory::doGetBean@104 (line 266)
  0x000001e3f106220c: 0a07 e95e 

  0x000001e3f1062210: ;   {metadata(nullptr)}
  0x000001e3f1062210: eaff ff48 | ba00 0000 | 0000 0000 | 00b8 000f 

  0x000001e3f1062220: ;   {runtime_call load_klass_patching Runtime1 stub}
  0x000001e3f1062220: 050a e8d9 

  0x000001e3f1062224: ; ImmutableOopMap {r9=Oop rbx=Oop [208]=Oop [256]=Oop }
                      ;*new {reexecute=1 rethrow=0 return_oop=0}
                      ; - (reexecute) org.springframework.beans.factory.support.AbstractBeanFactory::doGetBean@667 (line 385)
  0x000001e3f1062224: 3b0a 07e9 | acea ffff 

  0x000001e3f106222c: ;   {runtime_call throw_null_pointer_exception Runtime1 stub}
  0x000001e3f106222c: e84f fb09 

  0x000001e3f1062230: ; ImmutableOopMap {r9=Oop rbx=Oop [208]=Oop [256]=Oop }
                      ;*new {reexecute=0 rethrow=0 return_oop=0}
                      ; - org.springframework.beans.factory.support.AbstractBeanFactory::doGetBean@667 (line 385)
  0x000001e3f1062230: 0748 8bd2 

  0x000001e3f1062234: ;   {runtime_call fast_new_instance_init_check Runtime1 stub}
  0x000001e3f1062234: e847 070a 

  0x000001e3f1062238: ; ImmutableOopMap {r9=Oop rbx=Oop [208]=Oop [256]=Oop }
                      ;*new {reexecute=0 rethrow=0 return_oop=0}
                      ; - org.springframework.beans.factory.support.AbstractBeanFactory::doGetBean@667 (line 385)
  0x000001e3f1062238: 07e9 03eb 

  0x000001e3f106223c: ;   {runtime_call throw_null_pointer_exception Runtime1 stub}
  0x000001e3f106223c: ffff e83d 

  0x000001e3f1062240: ; ImmutableOopMap {rax=Oop rdx=Oop [208]=Oop [256]=Oop }
                      ;*invokevirtual toString {reexecute=0 rethrow=0 return_oop=0}
                      ; - org.springframework.beans.factory.support.AbstractBeanFactory::doGetBean@716 (line 390)
                      ;   {metadata({method} {0x000001e3c54d0078} 'tag' '(Ljava/lang/String;Ljava/lang/String;)Lorg/springframework/core/metrics/StartupStep;' in 'org/springframework/core/metrics/DefaultApplicationStartup$DefaultStartupStep')}
  0x000001e3f1062240: fb09 0749 | ba70 004d | c5e3 0100 | 004c 8954 | 2408 48c7 | 0424 ffff 

  0x000001e3f1062258: ;   {runtime_call counter_overflow Runtime1 stub}
  0x000001e3f1062258: ffff e821 

  0x000001e3f106225c: ; ImmutableOopMap {[208]=Oop [256]=Oop [528]=Oop }
                      ;*synchronization entry
                      ; - org.springframework.core.metrics.DefaultApplicationStartup$DefaultStartupStep::tag@-1 (line 69)
                      ; - org.springframework.beans.factory.support.AbstractBeanFactory::doGetBean@719 (line 390)
  0x000001e3f106225c: 4c0a 07e9 | edec ffff 

  0x000001e3f1062264: ;   {metadata({method} {0x000001e38445cac0} 'valueOf' '(Ljava/lang/Object;)Ljava/lang/String;' in 'java/lang/String')}
  0x000001e3f1062264: 49ba b8ca | 4584 e301 | 0000 4c89 | 5424 0848 | c704 24ff 

  0x000001e3f1062278: ;   {runtime_call counter_overflow Runtime1 stub}
  0x000001e3f1062278: ffff ffe8 

  0x000001e3f106227c: ; ImmutableOopMap {rax=Oop [208]=Oop [256]=Oop [528]=Oop }
                      ;*synchronization entry
                      ; - java.lang.String::valueOf@-1 (line 4461)
                      ; - org.springframework.beans.factory.support.AbstractBeanFactory::doGetBean@735 (line 391)
  0x000001e3f106227c: 004c 0a07 | e9c3 edff 

  0x000001e3f1062284: ;   {runtime_call throw_null_pointer_exception Runtime1 stub}
  0x000001e3f1062284: ffe8 f6fa 

  0x000001e3f1062288: ; ImmutableOopMap {rax=Oop [208]=Oop [256]=Oop [528]=Oop }
                      ;*invokevirtual toString {reexecute=0 rethrow=0 return_oop=0}
                      ; - java.lang.String::valueOf@11 (line 4461)
                      ; - org.springframework.beans.factory.support.AbstractBeanFactory::doGetBean@735 (line 391)
                      ;   {metadata({method} {0x000001e38400ebd0} 'toString' '()Ljava/lang/String;' in 'java/lang/String')}
  0x000001e3f1062288: 0907 49ba | c8eb 0084 | e301 0000 | 4c89 5424 | 0848 c704 | 24ff ffff 

  0x000001e3f10622a0: ;   {runtime_call counter_overflow Runtime1 stub}
  0x000001e3f10622a0: ffe8 da4b 

  0x000001e3f10622a4: ; ImmutableOopMap {rax=Oop [208]=Oop [256]=Oop [528]=Oop }
                      ;*synchronization entry
                      ; - java.lang.String::toString@-1 (line 4296)
                      ; - java.lang.String::valueOf@11 (line 4461)
                      ; - org.springframework.beans.factory.support.AbstractBeanFactory::doGetBean@735 (line 391)
  0x000001e3f10622a4: 0a07 e938 

  0x000001e3f10622a8: ;   {metadata({method} {0x000001e3c54d0078} 'tag' '(Ljava/lang/String;Ljava/lang/String;)Lorg/springframework/core/metrics/StartupStep;' in 'org/springframework/core/metrics/DefaultApplicationStartup$DefaultStartupStep')}
  0x000001e3f10622a8: eeff ff49 | ba70 004d | c5e3 0100 | 004c 8954 | 2408 48c7 | 0424 ffff 

  0x000001e3f10622c0: ;   {runtime_call counter_overflow Runtime1 stub}
  0x000001e3f10622c0: ffff e8b9 

  0x000001e3f10622c4: ; ImmutableOopMap {rdx=Oop [208]=Oop [256]=Oop [528]=Oop }
                      ;*synchronization entry
                      ; - org.springframework.core.metrics.DefaultApplicationStartup$DefaultStartupStep::tag@-1 (line 69)
                      ; - org.springframework.beans.factory.support.AbstractBeanFactory::doGetBean@738 (line 391)
  0x000001e3f10622c4: 4b0a 07e9 | 79ee ffff 

  0x000001e3f10622cc: ;   {metadata({method} {0x000001e3c58dc6f8} 'cleanupAfterBeanCreationFailure' '(Ljava/lang/String;)V' in 'org/springframework/beans/factory/support/AbstractBeanFactory')}
  0x000001e3f10622cc: 49ba f0c6 | 8dc5 e301 | 0000 4c89 | 5424 0848 | c704 24ff 

  0x000001e3f10622e0: ;   {runtime_call counter_overflow Runtime1 stub}
  0x000001e3f10622e0: ffff ffe8 

  0x000001e3f10622e4: ; ImmutableOopMap {rdx=Oop [208]=Oop [256]=Oop [528]=Oop }
                      ;*synchronization entry
                      ; - org.springframework.beans.factory.support.AbstractBeanFactory::cleanupAfterBeanCreationFailure@-1 (line 1778)
                      ; - org.springframework.beans.factory.support.AbstractBeanFactory::doGetBean@747 (line 392)
  0x000001e3f10622e4: 984b 0a07 | e918 efff 

  0x000001e3f10622ec: ;   {runtime_call throw_null_pointer_exception Runtime1 stub}
  0x000001e3f10622ec: ffe8 8efa 

  0x000001e3f10622f0: ; ImmutableOopMap {rdx=Oop rsi=Oop [208]=Oop [256]=Oop [528]=Oop }
                      ;*monitorenter {reexecute=0 rethrow=0 return_oop=0}
                      ; - org.springframework.beans.factory.support.AbstractBeanFactory::cleanupAfterBeanCreationFailure@6 (line 1778)
                      ; - org.springframework.beans.factory.support.AbstractBeanFactory::doGetBean@747 (line 392)
  0x000001e3f10622f0: 0907 4889 | 7424 084c 

  0x000001e3f10622f8: ;   {runtime_call monitorenter_nofpu Runtime1 stub}
  0x000001e3f10622f8: 8904 24e8 

  0x000001e3f10622fc: ; ImmutableOopMap {rdx=Oop rsi=Oop [208]=Oop [256]=Oop [528]=Oop [560]=Oop }
                      ;*monitorenter {reexecute=0 rethrow=0 return_oop=0}
                      ; - org.springframework.beans.factory.support.AbstractBeanFactory::cleanupAfterBeanCreationFailure@6 (line 1778)
                      ; - org.springframework.beans.factory.support.AbstractBeanFactory::doGetBean@747 (line 392)
  0x000001e3f10622fc: 802a 0a07 | e93d efff 

  0x000001e3f1062304: ;   {runtime_call throw_null_pointer_exception Runtime1 stub}
  0x000001e3f1062304: ffe8 76fa 

  0x000001e3f1062308: ; ImmutableOopMap {rdx=Oop rdi=Oop [208]=Oop [256]=Oop [528]=Oop [536]=Oop [560]=Oop }
                      ;*invokeinterface remove {reexecute=0 rethrow=0 return_oop=0}
                      ; - org.springframework.beans.factory.support.AbstractBeanFactory::cleanupAfterBeanCreationFailure@12 (line 1779)
                      ; - org.springframework.beans.factory.support.AbstractBeanFactory::doGetBean@747 (line 392)
  0x000001e3f1062308: 0907 488d | 8424 2802 | 0000 4889 

  0x000001e3f1062314: ;   {runtime_call monitorexit_nofpu Runtime1 stub}
  0x000001e3f1062314: 0424 e865 | 300a 07e9 | 16f0 ffff | 488d 8424 | 2802 0000 | 4889 0424 

  0x000001e3f106232c: ;   {runtime_call monitorexit_nofpu Runtime1 stub}
  0x000001e3f106232c: e84f 300a | 07e9 70f0 

  0x000001e3f1062334: ;   {metadata({method} {0x000001e3c54d0198} 'end' '()V' in 'org/springframework/core/metrics/DefaultApplicationStartup$DefaultStartupStep')}
  0x000001e3f1062334: ffff 49ba | 9001 4dc5 | e301 0000 | 4c89 5424 | 0848 c704 | 24ff ffff 

  0x000001e3f106234c: ;   {runtime_call counter_overflow Runtime1 stub}
  0x000001e3f106234c: ffe8 2e4b 

  0x000001e3f1062350: ; ImmutableOopMap {rax=Oop rdx=Oop [208]=Oop [256]=Oop }
                      ;*synchronization entry
                      ; - org.springframework.core.metrics.DefaultApplicationStartup$DefaultStartupStep::end@-1 (line 79)
                      ; - org.springframework.beans.factory.support.AbstractBeanFactory::doGetBean@757 (line 396)
  0x000001e3f1062350: 0a07 e9e4 

  0x000001e3f1062354: ;   {metadata({method} {0x000001e3c58c0150} 'clearMergedBeanDefinition' '(Ljava/lang/String;)V' in 'org/springframework/beans/factory/support/DefaultListableBeanFactory')}
  0x000001e3f1062354: f0ff ff49 | ba48 018c | c5e3 0100 | 004c 8954 | 2408 48c7 | 0424 ffff 

  0x000001e3f106236c: ;   {runtime_call counter_overflow Runtime1 stub}
  0x000001e3f106236c: ffff e80d 

  0x000001e3f1062370: ; ImmutableOopMap {rdx=Oop [208]=Oop [256]=Oop [544]=Oop }
                      ;*synchronization entry
                      ; - org.springframework.beans.factory.support.DefaultListableBeanFactory::clearMergedBeanDefinition@-1 (line 910)
                      ; - org.springframework.beans.factory.support.AbstractBeanFactory::doGetBean@772 (line 398)
  0x000001e3f1062370: 4b0a 07e9 | f2f1 ffff 

  0x000001e3f1062378: ;   {metadata({method} {0x000001e3c58db950} 'clearMergedBeanDefinition' '(Ljava/lang/String;)V' in 'org/springframework/beans/factory/support/AbstractBeanFactory')}
  0x000001e3f1062378: 49ba 48b9 | 8dc5 e301 | 0000 4c89 | 5424 0848 | c704 24ff 

  0x000001e3f106238c: ;   {runtime_call counter_overflow Runtime1 stub}
  0x000001e3f106238c: ffff ffe8 

  0x000001e3f1062390: ; ImmutableOopMap {rdx=Oop [208]=Oop [256]=Oop [544]=Oop }
                      ;*synchronization entry
                      ; - org.springframework.beans.factory.support.AbstractBeanFactory::clearMergedBeanDefinition@-1 (line 1508)
                      ; - org.springframework.beans.factory.support.DefaultListableBeanFactory::clearMergedBeanDefinition@2 (line 910)
                      ; - org.springframework.beans.factory.support.AbstractBeanFactory::doGetBean@772 (line 398)
  0x000001e3f1062390: ec4a 0a07 | e910 f2ff 

  0x000001e3f1062398: ;   {runtime_call throw_null_pointer_exception Runtime1 stub}
  0x000001e3f1062398: ffe8 e2f9 

  0x000001e3f106239c: ; ImmutableOopMap {rdx=Oop rsi=Oop [208]=Oop [256]=Oop [544]=Oop }
                      ;*invokeinterface get {reexecute=0 rethrow=0 return_oop=0}
                      ; - org.springframework.beans.factory.support.AbstractBeanFactory::clearMergedBeanDefinition@5 (line 1508)
                      ; - org.springframework.beans.factory.support.DefaultListableBeanFactory::clearMergedBeanDefinition@2 (line 910)
                      ; - org.springframework.beans.factory.support.AbstractBeanFactory::doGetBean@772 (line 398)
  0x000001e3f106239c: 0907 4889 

  0x000001e3f10623a0: ;   {runtime_call throw_class_cast_exception Runtime1 stub}
  0x000001e3f10623a0: 0424 e8d9 

  0x000001e3f10623a4: ; ImmutableOopMap {[208]=Oop [256]=Oop [544]=Oop }
                      ;*checkcast {reexecute=0 rethrow=0 return_oop=0}
                      ; - org.springframework.beans.factory.support.AbstractBeanFactory::clearMergedBeanDefinition@10 (line 1508)
                      ; - org.springframework.beans.factory.support.DefaultListableBeanFactory::clearMergedBeanDefinition@2 (line 910)
                      ; - org.springframework.beans.factory.support.AbstractBeanFactory::doGetBean@772 (line 398)
                      ;   {runtime_call throw_null_pointer_exception Runtime1 stub}
  0x000001e3f10623a4: 1d0a 07e8 

  0x000001e3f10623a8: ; ImmutableOopMap {[208]=Oop [256]=Oop [544]=Oop }
                      ;*putfield stale {reexecute=1 rethrow=0 return_oop=0}
                      ; - (reexecute) org.springframework.beans.factory.support.AbstractBeanFactory::clearMergedBeanDefinition@20 (line 1510)
                      ; - org.springframework.beans.factory.support.DefaultListableBeanFactory::clearMergedBeanDefinition@2 (line 910)
                      ; - org.springframework.beans.factory.support.AbstractBeanFactory::doGetBean@772 (line 398)
  0x000001e3f10623a8: d4f9 0907 

  0x000001e3f10623ac: ;   {runtime_call throw_null_pointer_exception Runtime1 stub}
  0x000001e3f10623ac: e8cf f909 

  0x000001e3f10623b0: ; ImmutableOopMap {rax=Oop rdx=Oop [544]=Oop }
                      ;*invokeinterface remove {reexecute=0 rethrow=0 return_oop=0}
                      ; - org.springframework.beans.factory.support.DefaultListableBeanFactory::clearMergedBeanDefinition@10 (line 911)
                      ; - org.springframework.beans.factory.support.AbstractBeanFactory::doGetBean@772 (line 398)
  0x000001e3f10623b0: 074c 8b8c | 2448 0100 | 00e9 fbe8 | ffff 4c8b | 8c24 4801 | 0000 e9ee | e8ff ff4c | 8b8c 2448 
  0x000001e3f10623d0: 0100 00e9 | e1e8 ffff | 4c8b 8c24 | 4801 0000 | e9d4 e8ff | ff4c 8b8c | 2448 0100 | 00e9 c7e8 
  0x000001e3f10623f0: ffff 498b | 8700 0500 | 0049 c787 | 0005 0000 | 0000 0000 | 49c7 8708 | 0500 0000 | 0000 0048 
  0x000001e3f1062410: 81c4 4002 

  0x000001e3f1062414: ;   {runtime_call unwind_exception Runtime1 stub}
  0x000001e3f1062414: 0000 5de9 | 64ea 0907 | f4f4 f4f4 
[Stub Code]
  0x000001e3f1062420: ;   {no_reloc}
  0x000001e3f1062420: 0f1f 4400 

  0x000001e3f1062424: ;   {static_stub}
  0x000001e3f1062424: 0048 bb00 | 0000 0000 

  0x000001e3f106242c: ;   {runtime_call}
  0x000001e3f106242c: 0000 00e9 | fbff ffff 

  0x000001e3f1062434: ;   {static_stub}
  0x000001e3f1062434: 9048 bb00 | 0000 0000 

  0x000001e3f106243c: ;   {runtime_call}
  0x000001e3f106243c: 0000 00e9 | fbff ffff 

  0x000001e3f1062444: ;   {static_stub}
  0x000001e3f1062444: 9048 bbc8 | a58d c5e3 

  0x000001e3f106244c: ;   {runtime_call I2C/C2I adapters}
  0x000001e3f106244c: 0100 00e9 | 931d ff06 

  0x000001e3f1062454: ;   {static_stub}
  0x000001e3f1062454: 9048 bb00 | 0000 0000 

  0x000001e3f106245c: ;   {runtime_call}
  0x000001e3f106245c: 0000 00e9 | fbff ffff 

  0x000001e3f1062464: ;   {static_stub}
  0x000001e3f1062464: 9048 bbf0 | c58d c5e3 

  0x000001e3f106246c: ;   {runtime_call I2C/C2I adapters}
  0x000001e3f106246c: 0100 00e9 | 731d ff06 

  0x000001e3f1062474: ;   {static_stub}
  0x000001e3f1062474: 9048 bb00 | 0000 0000 

  0x000001e3f106247c: ;   {runtime_call}
  0x000001e3f106247c: 0000 00e9 | fbff ffff 

  0x000001e3f1062484: ;   {static_stub}
  0x000001e3f1062484: 9048 bb20 | 2f8e c5e3 

  0x000001e3f106248c: ;   {runtime_call I2C/C2I adapters}
  0x000001e3f106248c: 0100 00e9 | d788 fe06 

  0x000001e3f1062494: ;   {static_stub}
  0x000001e3f1062494: 9048 bbf0 | 2d8e c5e3 

  0x000001e3f106249c: ;   {runtime_call I2C/C2I adapters}
  0x000001e3f106249c: 0100 00e9 | c788 fe06 

  0x000001e3f10624a4: ;   {static_stub}
  0x000001e3f10624a4: 9048 bbc8 | 608d c5e3 

  0x000001e3f10624ac: ;   {runtime_call I2C/C2I adapters}
  0x000001e3f10624ac: 0100 00e9 | 331d ff06 

  0x000001e3f10624b4: ;   {static_stub}
  0x000001e3f10624b4: 9048 bb00 | 1f8e c5e3 

  0x000001e3f10624bc: ;   {runtime_call I2C/C2I adapters}
  0x000001e3f10624bc: 0100 00e9 | a788 fe06 

  0x000001e3f10624c4: ;   {static_stub}
  0x000001e3f10624c4: 9048 bb00 | 0000 0000 

  0x000001e3f10624cc: ;   {runtime_call}
  0x000001e3f10624cc: 0000 00e9 | fbff ffff 

  0x000001e3f10624d4: ;   {static_stub}
  0x000001e3f10624d4: 9048 bb00 | 0000 0000 

  0x000001e3f10624dc: ;   {runtime_call}
  0x000001e3f10624dc: 0000 00e9 | fbff ffff 

  0x000001e3f10624e4: ;   {static_stub}
  0x000001e3f10624e4: 9048 bb00 | 0000 0000 

  0x000001e3f10624ec: ;   {runtime_call}
  0x000001e3f10624ec: 0000 00e9 | fbff ffff 

  0x000001e3f10624f4: ;   {static_stub}
  0x000001e3f10624f4: 9048 bb00 | 0000 0000 

  0x000001e3f10624fc: ;   {runtime_call}
  0x000001e3f10624fc: 0000 00e9 | fbff ffff 

  0x000001e3f1062504: ;   {static_stub}
  0x000001e3f1062504: 9048 bb00 | 0000 0000 

  0x000001e3f106250c: ;   {runtime_call}
  0x000001e3f106250c: 0000 00e9 | fbff ffff 

  0x000001e3f1062514: ;   {static_stub}
  0x000001e3f1062514: 9048 bb00 | 0000 0000 

  0x000001e3f106251c: ;   {runtime_call}
  0x000001e3f106251c: 0000 00e9 | fbff ffff 

  0x000001e3f1062524: ;   {static_stub}
  0x000001e3f1062524: 9048 bb00 | 0000 0000 

  0x000001e3f106252c: ;   {runtime_call}
  0x000001e3f106252c: 0000 00e9 | fbff ffff 

  0x000001e3f1062534: ;   {static_stub}
  0x000001e3f1062534: 9048 bb00 | 0000 0000 

  0x000001e3f106253c: ;   {runtime_call}
  0x000001e3f106253c: 0000 00e9 | fbff ffff 

  0x000001e3f1062544: ;   {static_stub}
  0x000001e3f1062544: 9048 bb00 | 0000 0000 

  0x000001e3f106254c: ;   {runtime_call}
  0x000001e3f106254c: 0000 00e9 | fbff ffff 

  0x000001e3f1062554: ;   {static_stub}
  0x000001e3f1062554: 9048 bb00 | 0000 0000 

  0x000001e3f106255c: ;   {runtime_call}
  0x000001e3f106255c: 0000 00e9 | fbff ffff 

  0x000001e3f1062564: ;   {static_stub}
  0x000001e3f1062564: 9048 bb00 | 0000 0000 

  0x000001e3f106256c: ;   {runtime_call}
  0x000001e3f106256c: 0000 00e9 | fbff ffff 

  0x000001e3f1062574: ;   {static_stub}
  0x000001e3f1062574: 9048 bb00 | 0000 0000 

  0x000001e3f106257c: ;   {runtime_call}
  0x000001e3f106257c: 0000 00e9 | fbff ffff 

  0x000001e3f1062584: ;   {static_stub}
  0x000001e3f1062584: 9048 bb00 | 0000 0000 

  0x000001e3f106258c: ;   {runtime_call}
  0x000001e3f106258c: 0000 00e9 | fbff ffff 

  0x000001e3f1062594: ;   {static_stub}
  0x000001e3f1062594: 9048 bb00 | 0000 0000 

  0x000001e3f106259c: ;   {runtime_call}
  0x000001e3f106259c: 0000 00e9 | fbff ffff 

  0x000001e3f10625a4: ;   {static_stub}
  0x000001e3f10625a4: 9048 bb00 | 0000 0000 

  0x000001e3f10625ac: ;   {runtime_call}
  0x000001e3f10625ac: 0000 00e9 | fbff ffff 

  0x000001e3f10625b4: ;   {static_stub}
  0x000001e3f10625b4: 9048 bb00 | 0000 0000 

  0x000001e3f10625bc: ;   {runtime_call}
  0x000001e3f10625bc: 0000 00e9 | fbff ffff 

  0x000001e3f10625c4: ;   {static_stub}
  0x000001e3f10625c4: 9048 bb00 | 0000 0000 

  0x000001e3f10625cc: ;   {runtime_call}
  0x000001e3f10625cc: 0000 00e9 | fbff ffff 

  0x000001e3f10625d4: ;   {static_stub}
  0x000001e3f10625d4: 9048 bb00 | 0000 0000 

  0x000001e3f10625dc: ;   {runtime_call}
  0x000001e3f10625dc: 0000 00e9 | fbff ffff 

  0x000001e3f10625e4: ;   {static_stub}
  0x000001e3f10625e4: 9048 bb00 | 0000 0000 

  0x000001e3f10625ec: ;   {runtime_call}
  0x000001e3f10625ec: 0000 00e9 | fbff ffff 

  0x000001e3f10625f4: ;   {static_stub}
  0x000001e3f10625f4: 9048 bb00 | 0000 0000 

  0x000001e3f10625fc: ;   {runtime_call}
  0x000001e3f10625fc: 0000 00e9 | fbff ffff 

  0x000001e3f1062604: ;   {static_stub}
  0x000001e3f1062604: 9048 bb00 | 0000 0000 

  0x000001e3f106260c: ;   {runtime_call}
  0x000001e3f106260c: 0000 00e9 | fbff ffff 

  0x000001e3f1062614: ;   {static_stub}
  0x000001e3f1062614: 9048 bb00 | 0000 0000 

  0x000001e3f106261c: ;   {runtime_call}
  0x000001e3f106261c: 0000 00e9 | fbff ffff 

  0x000001e3f1062624: ;   {static_stub}
  0x000001e3f1062624: 9048 bb00 | 0000 0000 

  0x000001e3f106262c: ;   {runtime_call}
  0x000001e3f106262c: 0000 00e9 | fbff ffff 

  0x000001e3f1062634: ;   {static_stub}
  0x000001e3f1062634: 9048 bb00 | 0000 0000 

  0x000001e3f106263c: ;   {runtime_call}
  0x000001e3f106263c: 0000 00e9 | fbff ffff 

  0x000001e3f1062644: ;   {static_stub}
  0x000001e3f1062644: 9048 bb00 | 0000 0000 

  0x000001e3f106264c: ;   {runtime_call}
  0x000001e3f106264c: 0000 00e9 | fbff ffff 

  0x000001e3f1062654: ;   {static_stub}
  0x000001e3f1062654: 9048 bb00 | 0000 0000 

  0x000001e3f106265c: ;   {runtime_call}
  0x000001e3f106265c: 0000 00e9 | fbff ffff 

  0x000001e3f1062664: ;   {static_stub}
  0x000001e3f1062664: 9048 bb00 | 0000 0000 

  0x000001e3f106266c: ;   {runtime_call}
  0x000001e3f106266c: 0000 00e9 | fbff ffff 

  0x000001e3f1062674: ;   {static_stub}
  0x000001e3f1062674: 9048 bb18 | 6c8d c5e3 

  0x000001e3f106267c: ;   {runtime_call I2C/C2I adapters}
  0x000001e3f106267c: 0100 00e9 | ebf8 fd06 

  0x000001e3f1062684: ;   {static_stub}
  0x000001e3f1062684: 9048 bb00 | 0000 0000 

  0x000001e3f106268c: ;   {runtime_call}
  0x000001e3f106268c: 0000 00e9 | fbff ffff 

  0x000001e3f1062694: ;   {static_stub}
  0x000001e3f1062694: 9048 bb00 | 0000 0000 

  0x000001e3f106269c: ;   {runtime_call}
  0x000001e3f106269c: 0000 00e9 | fbff ffff 

  0x000001e3f10626a4: ;   {static_stub}
  0x000001e3f10626a4: 9048 bb00 | 0000 0000 

  0x000001e3f10626ac: ;   {runtime_call}
  0x000001e3f10626ac: 0000 00e9 | fbff ffff 

  0x000001e3f10626b4: ;   {static_stub}
  0x000001e3f10626b4: 9048 bb00 | 0000 0000 

  0x000001e3f10626bc: ;   {runtime_call}
  0x000001e3f10626bc: 0000 00e9 | fbff ffff 

  0x000001e3f10626c4: ;   {static_stub}
  0x000001e3f10626c4: 9048 bb00 | 0000 0000 

  0x000001e3f10626cc: ;   {runtime_call}
  0x000001e3f10626cc: 0000 00e9 | fbff ffff 

  0x000001e3f10626d4: ;   {static_stub}
  0x000001e3f10626d4: 9048 bb00 | 0000 0000 

  0x000001e3f10626dc: ;   {runtime_call}
  0x000001e3f10626dc: 0000 00e9 | fbff ffff 

  0x000001e3f10626e4: ;   {static_stub}
  0x000001e3f10626e4: 9048 bb00 | 0000 0000 

  0x000001e3f10626ec: ;   {runtime_call}
  0x000001e3f10626ec: 0000 00e9 | fbff ffff 

  0x000001e3f10626f4: ;   {static_stub}
  0x000001e3f10626f4: 9048 bb00 | 0000 0000 

  0x000001e3f10626fc: ;   {runtime_call}
  0x000001e3f10626fc: 0000 00e9 | fbff ffff 

  0x000001e3f1062704: ;   {static_stub}
  0x000001e3f1062704: 9048 bb00 | 0000 0000 

  0x000001e3f106270c: ;   {runtime_call}
  0x000001e3f106270c: 0000 00e9 | fbff ffff 

  0x000001e3f1062714: ;   {static_stub}
  0x000001e3f1062714: 9048 bb00 | 0000 0000 

  0x000001e3f106271c: ;   {runtime_call}
  0x000001e3f106271c: 0000 00e9 | fbff ffff 

  0x000001e3f1062724: ;   {static_stub}
  0x000001e3f1062724: 9048 bb00 | 0000 0000 

  0x000001e3f106272c: ;   {runtime_call}
  0x000001e3f106272c: 0000 00e9 | fbff ffff 

  0x000001e3f1062734: ;   {static_stub}
  0x000001e3f1062734: 9048 bb00 | 0000 0000 

  0x000001e3f106273c: ;   {runtime_call}
  0x000001e3f106273c: 0000 00e9 | fbff ffff 

  0x000001e3f1062744: ;   {static_stub}
  0x000001e3f1062744: 9048 bb00 | 0000 0000 

  0x000001e3f106274c: ;   {runtime_call}
  0x000001e3f106274c: 0000 00e9 | fbff ffff 

  0x000001e3f1062754: ;   {static_stub}
  0x000001e3f1062754: 9048 bb00 | 0000 0000 

  0x000001e3f106275c: ;   {runtime_call}
  0x000001e3f106275c: 0000 00e9 | fbff ffff 

  0x000001e3f1062764: ;   {static_stub}
  0x000001e3f1062764: 9048 bb00 | 0000 0000 

  0x000001e3f106276c: ;   {runtime_call}
  0x000001e3f106276c: 0000 00e9 | fbff ffff 

  0x000001e3f1062774: ;   {static_stub}
  0x000001e3f1062774: 9048 bb00 | 0000 0000 

  0x000001e3f106277c: ;   {runtime_call}
  0x000001e3f106277c: 0000 00e9 | fbff ffff 

  0x000001e3f1062784: ;   {static_stub}
  0x000001e3f1062784: 9048 bb00 | 0000 0000 

  0x000001e3f106278c: ;   {runtime_call}
  0x000001e3f106278c: 0000 00e9 | fbff ffff 

  0x000001e3f1062794: ;   {static_stub}
  0x000001e3f1062794: 9048 bb00 | 0000 0000 

  0x000001e3f106279c: ;   {runtime_call}
  0x000001e3f106279c: 0000 00e9 | fbff ffff 

  0x000001e3f10627a4: ;   {static_stub}
  0x000001e3f10627a4: 48bb 0000 | 0000 0000 

  0x000001e3f10627ac: ;   {runtime_call}
  0x000001e3f10627ac: 0000 e9fb 

  0x000001e3f10627b0: ;   {static_stub}
  0x000001e3f10627b0: ffff ff48 | bb00 0000 | 0000 0000 

  0x000001e3f10627bc: ;   {runtime_call}
  0x000001e3f10627bc: 00e9 fbff 

  0x000001e3f10627c0: ;   {static_stub}
  0x000001e3f10627c0: ffff 48bb | 0000 0000 | 0000 0000 

  0x000001e3f10627cc: ;   {runtime_call}
  0x000001e3f10627cc: e9fb ffff 

  0x000001e3f10627d0: ;   {static_stub}
  0x000001e3f10627d0: ff48 bb00 | 0000 0000 

  0x000001e3f10627d8: ;   {runtime_call}
  0x000001e3f10627d8: 0000 00e9 | fbff ffff 

  0x000001e3f10627e0: ;   {static_stub}
  0x000001e3f10627e0: 48bb 0000 | 0000 0000 

  0x000001e3f10627e8: ;   {runtime_call}
  0x000001e3f10627e8: 0000 e9fb 

  0x000001e3f10627ec: ;   {static_stub}
  0x000001e3f10627ec: ffff ff48 | bb00 0000 | 0000 0000 

  0x000001e3f10627f8: ;   {runtime_call}
  0x000001e3f10627f8: 00e9 fbff 

  0x000001e3f10627fc: ;   {static_stub}
  0x000001e3f10627fc: ffff 48bb | 0000 0000 | 0000 0000 

  0x000001e3f1062808: ;   {runtime_call}
  0x000001e3f1062808: e9fb ffff 

  0x000001e3f106280c: ;   {static_stub}
  0x000001e3f106280c: ff48 bb00 | 0000 0000 

  0x000001e3f1062814: ;   {runtime_call}
  0x000001e3f1062814: 0000 00e9 | fbff ffff 

  0x000001e3f106281c: ;   {static_stub}
  0x000001e3f106281c: 48bb 686f | 0084 e301 

  0x000001e3f1062824: ;   {runtime_call I2C/C2I adapters}
  0x000001e3f1062824: 0000 e938 

  0x000001e3f1062828: ;   {runtime_call handle_exception_from_callee Runtime1 stub}
  0x000001e3f1062828: 0cff 06e8 | 5013 0a07 

  0x000001e3f1062830: ;   {external_word}
  0x000001e3f1062830: 48b9 0028 | f305 ff7f | 0000 4883 

  0x000001e3f106283c: ;   {runtime_call}
  0x000001e3f106283c: e4f0 48b8 | e00f bb05 | ff7f 0000 

  0x000001e3f1062848: ;   {section_word}
  0x000001e3f1062848: ffd0 f449 | ba4b 2806 | f1e3 0100 

  0x000001e3f1062854: ;   {runtime_call DeoptimizationBlob}
  0x000001e3f1062854: 0041 52e9 | 4421 ff06 | f4f4 f4f4 
[/MachCode]


Compiled method (c1)   29593 2941       3       org.springframework.beans.factory.support.AbstractBeanFactory::getBean (9 bytes)
 total in heap  [0x000001e3f107ca10,0x000001e3f107ce18] = 1032
 relocation     [0x000001e3f107cb70,0x000001e3f107cbb0] = 64
 main code      [0x000001e3f107cbc0,0x000001e3f107cd48] = 392
 stub code      [0x000001e3f107cd48,0x000001e3f107cd90] = 72
 oops           [0x000001e3f107cd90,0x000001e3f107cd98] = 8
 metadata       [0x000001e3f107cd98,0x000001e3f107cdb0] = 24
 scopes data    [0x000001e3f107cdb0,0x000001e3f107cdd0] = 32
 scopes pcs     [0x000001e3f107cdd0,0x000001e3f107ce10] = 64
 dependencies   [0x000001e3f107ce10,0x000001e3f107ce18] = 8

[Constant Pool (empty)]

[MachCode]
[Entry Point]
  # {method} {0x000001e3c58d61a8} 'getBean' '(Ljava/lang/String;Ljava/lang/Class;)Ljava/lang/Object;' in 'org/springframework/beans/factory/support/AbstractBeanFactory'
  # this:     rdx:rdx   = 'org/springframework/beans/factory/support/AbstractBeanFactory'
  # parm0:    r8:r8     = 'java/lang/String'
  # parm1:    r9:r9     = 'java/lang/Class'
  #           [sp+0x50]  (sp of caller)
  0x000001e3f107cbc0: 448b 5208 | 49bb 0000 | 0084 e301 | 0000 4d03 | d34c 3bd0 

  0x000001e3f107cbd4: ;   {runtime_call ic_miss_stub}
  0x000001e3f107cbd4: 0f85 a61b | fd06 660f | 1f44 0000 
[Verified Entry Point]
  0x000001e3f107cbe0: 8984 2400 | 80ff ff55 | 4883 ec40 | 4181 7f20 | 0500 0000 

  0x000001e3f107cbf4: ;   {runtime_call StubRoutines (final stubs)}
  0x000001e3f107cbf4: 7405 e865 

  0x000001e3f107cbf8: ;   {metadata(method data for {method} {0x000001e3c58d61a8} 'getBean' '(Ljava/lang/String;Ljava/lang/Class;)Ljava/lang/Object;' in 'org/springframework/beans/factory/support/AbstractBeanFactory')}
  0x000001e3f107cbf8: 81fb 0648 | bfd0 a841 | c6e3 0100 | 008b b7cc | 0000 0083 | c602 89b7 | cc00 0000 | 81e6 fe07 
  0x000001e3f107cc18: 0000 83fe | 000f 84c4 | 0000 0048 

  0x000001e3f107cc24: ;   {metadata(method data for {method} {0x000001e3c58d61a8} 'getBean' '(Ljava/lang/String;Ljava/lang/Class;)Ljava/lang/Object;' in 'org/springframework/beans/factory/support/AbstractBeanFactory')}
  0x000001e3f107cc24: 8bfa 48be | d0a8 41c6 | e301 0000 | 8b7f 0849 | ba00 0000 | 84e3 0100 | 0049 03fa | 483b be20 
  0x000001e3f107cc44: 0100 0075 | 0d48 8386 | 2801 0000 | 01e9 6000 | 0000 483b | be30 0100 | 0075 0d48 | 8386 3801 
  0x000001e3f107cc64: 0000 01e9 | 4a00 0000 | 4883 be20 | 0100 0000 | 7517 4889 | be20 0100 | 0048 c786 | 2801 0000 
  0x000001e3f107cc84: 0100 0000 | e929 0000 | 0048 83be | 3001 0000 | 0075 1748 | 89be 3001 | 0000 48c7 | 8638 0100 
  0x000001e3f107cca4: 0001 0000 | 00e9 0800 | 0000 4883 | 8610 0100 

  0x000001e3f107ccb4: ;   {oop(nullptr)}
  0x000001e3f107ccb4: 0001 48bf | 0000 0000 | 0000 0000 | be00 0000 

  0x000001e3f107ccc4: ;   {optimized virtual_call}
  0x000001e3f107ccc4: 0066 90e8 

  0x000001e3f107ccc8: ; ImmutableOopMap {}
                      ;*invokevirtual doGetBean {reexecute=0 rethrow=0 return_oop=0}
                      ; - org.springframework.beans.factory.support.AbstractBeanFactory::getBean@5 (line 205)
  0x000001e3f107ccc8: b4ec fdff 

  0x000001e3f107cccc: ;   {other}
  0x000001e3f107cccc: 0f1f 8400 | bc02 0000 | 4883 c440 

  0x000001e3f107ccd8: ;   {poll_return}
  0x000001e3f107ccd8: 5d49 3ba7 | 5004 0000 | 0f87 2200 

  0x000001e3f107cce4: ;   {metadata({method} {0x000001e3c58d61a8} 'getBean' '(Ljava/lang/String;Ljava/lang/Class;)Ljava/lang/Object;' in 'org/springframework/beans/factory/support/AbstractBeanFactory')}
  0x000001e3f107cce4: 0000 c349 | baa0 618d | c5e3 0100 | 004c 8954 | 2408 48c7 | 0424 ffff 

  0x000001e3f107ccfc: ;   {runtime_call counter_overflow Runtime1 stub}
  0x000001e3f107ccfc: ffff e87d 

  0x000001e3f107cd00: ; ImmutableOopMap {rdx=Oop r8=Oop r9=Oop }
                      ;*synchronization entry
                      ; - org.springframework.beans.factory.support.AbstractBeanFactory::getBean@-1 (line 205)
  0x000001e3f107cd00: a108 07e9 | 1bff ffff 

  0x000001e3f107cd08: ;   {internal_word}
  0x000001e3f107cd08: 49ba d9cc | 07f1 e301 | 0000 4d89 | 9768 0400 

  0x000001e3f107cd18: ;   {runtime_call SafepointBlob}
  0x000001e3f107cd18: 00e9 e289 | fd06 498b | 8700 0500 | 0049 c787 | 0005 0000 | 0000 0000 | 49c7 8708 | 0500 0000 
  0x000001e3f107cd38: 0000 0048 | 83c4 405d 

  0x000001e3f107cd40: ;   {runtime_call unwind_exception Runtime1 stub}
  0x000001e3f107cd40: e93b 4108 | 07f4 f4f4 
[Stub Code]
  0x000001e3f107cd48: ;   {no_reloc}
  0x000001e3f107cd48: 0f1f 4400 

  0x000001e3f107cd4c: ;   {static_stub}
  0x000001e3f107cd4c: 0048 bb00 | 0000 0000 

  0x000001e3f107cd54: ;   {runtime_call}
  0x000001e3f107cd54: 0000 00e9 | fbff ffff 
[Exception Handler]
  0x000001e3f107cd5c: ;   {runtime_call handle_exception_from_callee Runtime1 stub}
  0x000001e3f107cd5c: e81f 6e08 

  0x000001e3f107cd60: ;   {external_word}
  0x000001e3f107cd60: 0748 b900 | 28f3 05ff | 7f00 0048 

  0x000001e3f107cd6c: ;   {runtime_call}
  0x000001e3f107cd6c: 83e4 f048 | b8e0 0fbb | 05ff 7f00 | 00ff d0f4 
[Deopt Handler Code]
  0x000001e3f107cd7c: ;   {section_word}
  0x000001e3f107cd7c: 49ba 7ccd | 07f1 e301 | 0000 4152 

  0x000001e3f107cd88: ;   {runtime_call DeoptimizationBlob}
  0x000001e3f107cd88: e913 7cfd | 06f4 f4f4 
[/MachCode]


---------------  P R O C E S S  ---------------

Threads class SMR info:
_java_thread_list=0x000001e3cb63eb30, length=15, elements={
0x000001e3e64a4540, 0x000001e383b83920, 0x000001e383b847f0, 0x000001e383b89c30,
0x000001e383b864f0, 0x000001e383b86b60, 0x000001e383b87770, 0x000001e383b8af90,
0x000001e383b8cbf0, 0x000001e3c90f52c0, 0x000001e3c9109a80, 0x000001e3cc368840,
0x000001e3cc36a910, 0x000001e3cc36afa0, 0x000001e3cc369bf0
}

Java Threads: ( => current thread )
=>0x000001e3e64a4540 JavaThread "main"                              [_thread_in_vm, id=4124, stack(0x000000c81f600000,0x000000c81f700000) (1024K)]
  0x000001e383b83920 JavaThread "Reference Handler"          daemon [_thread_blocked, id=9980, stack(0x000000c81fe00000,0x000000c81ff00000) (1024K)]
  0x000001e383b847f0 JavaThread "Finalizer"                  daemon [_thread_blocked, id=21112, stack(0x000000c81ff00000,0x000000c820000000) (1024K)]
  0x000001e383b89c30 JavaThread "Signal Dispatcher"          daemon [_thread_blocked, id=6768, stack(0x000000c820000000,0x000000c820100000) (1024K)]
  0x000001e383b864f0 JavaThread "Attach Listener"            daemon [_thread_blocked, id=21388, stack(0x000000c820100000,0x000000c820200000) (1024K)]
  0x000001e383b86b60 JavaThread "Service Thread"             daemon [_thread_blocked, id=19028, stack(0x000000c820200000,0x000000c820300000) (1024K)]
  0x000001e383b87770 JavaThread "Monitor Deflation Thread"   daemon [_thread_blocked, id=19960, stack(0x000000c820300000,0x000000c820400000) (1024K)]
  0x000001e383b8af90 JavaThread "C2 CompilerThread0"         daemon [_thread_blocked, id=3412, stack(0x000000c820400000,0x000000c820500000) (1024K)]
  0x000001e383b8cbf0 JavaThread "C1 CompilerThread0"         daemon [_thread_blocked, id=8620, stack(0x000000c820500000,0x000000c820600000) (1024K)]
  0x000001e3c90f52c0 JavaThread "Notification Thread"        daemon [_thread_blocked, id=14236, stack(0x000000c820600000,0x000000c820700000) (1024K)]
  0x000001e3c9109a80 JavaThread "Common-Cleaner"             daemon [_thread_blocked, id=8744, stack(0x000000c820700000,0x000000c820800000) (1024K)]
  0x000001e3cc368840 JavaThread "Catalina-utility-1"                [_thread_blocked, id=17364, stack(0x000000c821000000,0x000000c821100000) (1024K)]
  0x000001e3cc36a910 JavaThread "Catalina-utility-2"                [_thread_blocked, id=14640, stack(0x000000c821100000,0x000000c821200000) (1024K)]
  0x000001e3cc36afa0 JavaThread "container-0"                       [_thread_in_vm, id=20616, stack(0x000000c821200000,0x000000c821300000) (1024K)]
  0x000001e3cc369bf0 JavaThread "mysql-cj-abandoned-connection-cleanup" daemon [_thread_blocked, id=11636, stack(0x000000c821300000,0x000000c821400000) (1024K)]
Total: 15

Other Threads:
  0x000001e3e647a0d0 VMThread "VM Thread"                           [id=20456, stack(0x000000c81fd00000,0x000000c81fe00000) (1024K)] _threads_hazard_ptr=0x000001e3cb63eb30
  0x000001e383b4db10 WatcherThread "VM Periodic Task Thread"        [id=17064, stack(0x000000c81fc00000,0x000000c81fd00000) (1024K)]
  0x000001e3e6479d30 WorkerThread "GC Thread#0"                     [id=11424, stack(0x000000c81f700000,0x000000c81f800000) (1024K)]
  0x000001e3e6479250 WorkerThread "GC Thread#1"                     [id=2884, stack(0x000000c820800000,0x000000c820900000) (1024K)]
  0x000001e3e64795f0 WorkerThread "GC Thread#2"                     [id=5532, stack(0x000000c820900000,0x000000c820a00000) (1024K)]
  0x000001e3e647a470 WorkerThread "GC Thread#3"                     [id=18332, stack(0x000000c820a00000,0x000000c820b00000) (1024K)]
  0x000001e3ca17db70 WorkerThread "GC Thread#4"                     [id=19420, stack(0x000000c820b00000,0x000000c820c00000) (1024K)]
  0x000001e3ca17b730 WorkerThread "GC Thread#5"                     [id=15132, stack(0x000000c820d00000,0x000000c820e00000) (1024K)]
  0x000001e3ca17df10 WorkerThread "GC Thread#6"                     [id=21164, stack(0x000000c820e00000,0x000000c820f00000) (1024K)]
  0x000001e3ca17ed90 WorkerThread "GC Thread#7"                     [id=5624, stack(0x000000c820f00000,0x000000c821000000) (1024K)]
  0x000001e3e86d5880 ConcurrentGCThread "G1 Main Marker"            [id=4872, stack(0x000000c81f800000,0x000000c81f900000) (1024K)]
  0x000001e3e6478eb0 WorkerThread "G1 Conc#0"                       [id=6528, stack(0x000000c81f900000,0x000000c81fa00000) (1024K)]
  0x000001e3ca17d090 WorkerThread "G1 Conc#1"                       [id=21728, stack(0x000000c820c00000,0x000000c820d00000) (1024K)]
  0x000001e383a20080 ConcurrentGCThread "G1 Refine#0"               [id=8608, stack(0x000000c81fa00000,0x000000c81fb00000) (1024K)]
  0x000001e383a208a0 ConcurrentGCThread "G1 Service"                [id=19812, stack(0x000000c81fb00000,0x000000c81fc00000) (1024K)]
Total: 15

Threads with active compile tasks:
Total: 0

VM state: synchronizing (normal execution)

VM Mutex/Monitor currently owned by a thread:  ([mutex/lock_event])
[0x00007fff061c8578] Metaspace_lock - owner thread: 0x000001e3e64a4540
[0x00007fff061ca5f8] Threads_lock - owner thread: 0x000001e3e647a0d0

Heap address: 0x00000000c1e00000, size: 994 MB, Compressed Oops mode: 32-bit

CDS archive(s) mapped at: [0x000001e384000000-0x000001e384c90000-0x000001e384c90000), size 13172736, SharedBaseAddress: 0x000001e384000000, ArchiveRelocationMode: 1.
Compressed class space mapped at: 0x000001e385000000-0x000001e3c5000000, reserved size: 1073741824
Narrow klass base: 0x000001e384000000, Narrow klass shift: 0, Narrow klass range: 0x100000000

GC Precious Log:
 CardTable entry size: 512
 Card Set container configuration: InlinePtr #cards 5 size 8 Array Of Cards #cards 12 size 40 Howl #buckets 4 coarsen threshold 1843 Howl Bitmap #cards 512 size 80 coarsen threshold 460 Card regions per heap region 1 cards per card region 2048
 CPUs: 8 total, 8 available
 Memory: 3971M
 Large Page Support: Disabled
 NUMA Support: Disabled
 Compressed Oops: Enabled (32-bit)
 Heap Region Size: 1M
 Heap Min Capacity: 8M
 Heap Initial Capacity: 64M
 Heap Max Capacity: 994M
 Pre-touch: Disabled
 Parallel Workers: 8
 Concurrent Workers: 2
 Concurrent Refinement Workers: 8
 Periodic GC: Disabled

Heap:
 garbage-first heap   total 61440K, used 50389K [0x00000000c1e00000, 0x0000000100000000)
  region size 1024K, 29 young (29696K), 4 survivors (4096K)
 Metaspace       used 47954K, committed 48448K, reserved 1114112K
  class space    used 6347K, committed 6592K, reserved 1048576K

Heap Regions: E=young(eden), S=young(survivor), O=old, HS=humongous(starts), HC=humongous(continues), CS=collection set, F=free, TAMS=top-at-mark-start, PB=parsable bottom
|   0|0x00000000c1e00000, 0x00000000c1f00000, 0x00000000c1f00000|100%|HS|  |TAMS 0x00000000c1e00000| PB 0x00000000c1e00000| Complete 
|   1|0x00000000c1f00000, 0x00000000c2000000, 0x00000000c2000000|100%| O|  |TAMS 0x00000000c1f00000| PB 0x00000000c1f00000| Untracked 
|   2|0x00000000c2000000, 0x00000000c2100000, 0x00000000c2100000|100%|HS|  |TAMS 0x00000000c2000000| PB 0x00000000c2000000| Complete 
|   3|0x00000000c2100000, 0x00000000c2200000, 0x00000000c2200000|100%| O|  |TAMS 0x00000000c2100000| PB 0x00000000c2100000| Untracked 
|   4|0x00000000c2200000, 0x00000000c2300000, 0x00000000c2300000|100%| O|  |TAMS 0x00000000c2200000| PB 0x00000000c2200000| Untracked 
|   5|0x00000000c2300000, 0x00000000c2400000, 0x00000000c2400000|100%| O|  |TAMS 0x00000000c2300000| PB 0x00000000c2300000| Untracked 
|   6|0x00000000c2400000, 0x00000000c2500000, 0x00000000c2500000|100%| O|  |TAMS 0x00000000c2400000| PB 0x00000000c2400000| Untracked 
|   7|0x00000000c2500000, 0x00000000c2600000, 0x00000000c2600000|100%| O|  |TAMS 0x00000000c2500000| PB 0x00000000c2500000| Untracked 
|   8|0x00000000c2600000, 0x00000000c2700000, 0x00000000c2700000|100%| O|  |TAMS 0x00000000c2600000| PB 0x00000000c2600000| Untracked 
|   9|0x00000000c2700000, 0x00000000c2800000, 0x00000000c2800000|100%| O|  |TAMS 0x00000000c2700000| PB 0x00000000c2700000| Untracked 
|  10|0x00000000c2800000, 0x00000000c2900000, 0x00000000c2900000|100%| O|  |TAMS 0x00000000c2800000| PB 0x00000000c2800000| Untracked 
|  11|0x00000000c2900000, 0x00000000c2a00000, 0x00000000c2a00000|100%| O|  |TAMS 0x00000000c2900000| PB 0x00000000c2900000| Untracked 
|  12|0x00000000c2a00000, 0x00000000c2b00000, 0x00000000c2b00000|100%| O|  |TAMS 0x00000000c2a00000| PB 0x00000000c2a00000| Untracked 
|  13|0x00000000c2b00000, 0x00000000c2c00000, 0x00000000c2c00000|100%| O|  |TAMS 0x00000000c2b00000| PB 0x00000000c2b00000| Untracked 
|  14|0x00000000c2c00000, 0x00000000c2d00000, 0x00000000c2d00000|100%| O|  |TAMS 0x00000000c2c00000| PB 0x00000000c2c00000| Untracked 
|  15|0x00000000c2d00000, 0x00000000c2e00000, 0x00000000c2e00000|100%| O|  |TAMS 0x00000000c2d00000| PB 0x00000000c2d00000| Untracked 
|  16|0x00000000c2e00000, 0x00000000c2f00000, 0x00000000c2f00000|100%| O|  |TAMS 0x00000000c2e00000| PB 0x00000000c2e00000| Untracked 
|  17|0x00000000c2f00000, 0x00000000c3000000, 0x00000000c3000000|100%| O|  |TAMS 0x00000000c2f00000| PB 0x00000000c2f00000| Untracked 
|  18|0x00000000c3000000, 0x00000000c3100000, 0x00000000c3100000|100%| O|  |TAMS 0x00000000c3000000| PB 0x00000000c3000000| Untracked 
|  19|0x00000000c3100000, 0x00000000c3200000, 0x00000000c3200000|100%| O|  |TAMS 0x00000000c3100000| PB 0x00000000c3100000| Untracked 
|  20|0x00000000c3200000, 0x00000000c3300000, 0x00000000c3300000|100%| O|  |TAMS 0x00000000c3200000| PB 0x00000000c3200000| Untracked 
|  21|0x00000000c3300000, 0x00000000c3400000, 0x00000000c3400000|100%| O|  |TAMS 0x00000000c3300000| PB 0x00000000c3300000| Untracked 
|  22|0x00000000c3400000, 0x00000000c3400000, 0x00000000c3500000|  0%| F|  |TAMS 0x00000000c3400000| PB 0x00000000c3400000| Untracked 
|  23|0x00000000c3500000, 0x00000000c3500000, 0x00000000c3600000|  0%| F|  |TAMS 0x00000000c3500000| PB 0x00000000c3500000| Untracked 
|  24|0x00000000c3600000, 0x00000000c3700000, 0x00000000c3700000|100%| O|Cm|TAMS 0x00000000c3600000| PB 0x00000000c3600000| Complete 
|  25|0x00000000c3700000, 0x00000000c3700000, 0x00000000c3800000|  0%| F|  |TAMS 0x00000000c3700000| PB 0x00000000c3700000| Untracked 
|  26|0x00000000c3800000, 0x00000000c3800000, 0x00000000c3900000|  0%| F|  |TAMS 0x00000000c3800000| PB 0x00000000c3800000| Untracked 
|  27|0x00000000c3900000, 0x00000000c3900000, 0x00000000c3a00000|  0%| F|  |TAMS 0x00000000c3900000| PB 0x00000000c3900000| Untracked 
|  28|0x00000000c3a00000, 0x00000000c3a35720, 0x00000000c3b00000| 20%| S|CS|TAMS 0x00000000c3a00000| PB 0x00000000c3a00000| Complete 
|  29|0x00000000c3b00000, 0x00000000c3c00000, 0x00000000c3c00000|100%| S|CS|TAMS 0x00000000c3b00000| PB 0x00000000c3b00000| Complete 
|  30|0x00000000c3c00000, 0x00000000c3d00000, 0x00000000c3d00000|100%| S|CS|TAMS 0x00000000c3c00000| PB 0x00000000c3c00000| Complete 
|  31|0x00000000c3d00000, 0x00000000c3e00000, 0x00000000c3e00000|100%| S|CS|TAMS 0x00000000c3d00000| PB 0x00000000c3d00000| Complete 
|  32|0x00000000c3e00000, 0x00000000c3e00000, 0x00000000c3f00000|  0%| F|  |TAMS 0x00000000c3e00000| PB 0x00000000c3e00000| Untracked 
|  33|0x00000000c3f00000, 0x00000000c3f00000, 0x00000000c4000000|  0%| F|  |TAMS 0x00000000c3f00000| PB 0x00000000c3f00000| Untracked 
|  34|0x00000000c4000000, 0x00000000c4000000, 0x00000000c4100000|  0%| F|  |TAMS 0x00000000c4000000| PB 0x00000000c4000000| Untracked 
|  35|0x00000000c4100000, 0x00000000c4174f20, 0x00000000c4200000| 45%| E|  |TAMS 0x00000000c4100000| PB 0x00000000c4100000| Complete 
|  36|0x00000000c4200000, 0x00000000c4300000, 0x00000000c4300000|100%| E|CS|TAMS 0x00000000c4200000| PB 0x00000000c4200000| Complete 
|  37|0x00000000c4300000, 0x00000000c4400000, 0x00000000c4400000|100%| E|CS|TAMS 0x00000000c4300000| PB 0x00000000c4300000| Complete 
|  38|0x00000000c4400000, 0x00000000c4500000, 0x00000000c4500000|100%| E|CS|TAMS 0x00000000c4400000| PB 0x00000000c4400000| Complete 
|  39|0x00000000c4500000, 0x00000000c4600000, 0x00000000c4600000|100%| E|CS|TAMS 0x00000000c4500000| PB 0x00000000c4500000| Complete 
|  40|0x00000000c4600000, 0x00000000c4700000, 0x00000000c4700000|100%| E|CS|TAMS 0x00000000c4600000| PB 0x00000000c4600000| Complete 
|  41|0x00000000c4700000, 0x00000000c4800000, 0x00000000c4800000|100%| E|CS|TAMS 0x00000000c4700000| PB 0x00000000c4700000| Complete 
|  42|0x00000000c4800000, 0x00000000c4900000, 0x00000000c4900000|100%| E|CS|TAMS 0x00000000c4800000| PB 0x00000000c4800000| Complete 
|  43|0x00000000c4900000, 0x00000000c4a00000, 0x00000000c4a00000|100%| E|CS|TAMS 0x00000000c4900000| PB 0x00000000c4900000| Complete 
|  44|0x00000000c4a00000, 0x00000000c4b00000, 0x00000000c4b00000|100%| E|CS|TAMS 0x00000000c4a00000| PB 0x00000000c4a00000| Complete 
|  45|0x00000000c4b00000, 0x00000000c4c00000, 0x00000000c4c00000|100%| E|CS|TAMS 0x00000000c4b00000| PB 0x00000000c4b00000| Complete 
|  46|0x00000000c4c00000, 0x00000000c4d00000, 0x00000000c4d00000|100%| E|CS|TAMS 0x00000000c4c00000| PB 0x00000000c4c00000| Complete 
|  47|0x00000000c4d00000, 0x00000000c4e00000, 0x00000000c4e00000|100%| E|CS|TAMS 0x00000000c4d00000| PB 0x00000000c4d00000| Complete 
|  48|0x00000000c4e00000, 0x00000000c4f00000, 0x00000000c4f00000|100%| E|CS|TAMS 0x00000000c4e00000| PB 0x00000000c4e00000| Complete 
|  49|0x00000000c4f00000, 0x00000000c5000000, 0x00000000c5000000|100%| E|  |TAMS 0x00000000c4f00000| PB 0x00000000c4f00000| Complete 
|  50|0x00000000c5000000, 0x00000000c5100000, 0x00000000c5100000|100%| E|CS|TAMS 0x00000000c5000000| PB 0x00000000c5000000| Complete 
|  51|0x00000000c5100000, 0x00000000c5200000, 0x00000000c5200000|100%| E|CS|TAMS 0x00000000c5100000| PB 0x00000000c5100000| Complete 
|  52|0x00000000c5200000, 0x00000000c5300000, 0x00000000c5300000|100%| E|CS|TAMS 0x00000000c5200000| PB 0x00000000c5200000| Complete 
|  53|0x00000000c5300000, 0x00000000c5400000, 0x00000000c5400000|100%| E|CS|TAMS 0x00000000c5300000| PB 0x00000000c5300000| Complete 
|  54|0x00000000c5400000, 0x00000000c5500000, 0x00000000c5500000|100%| E|CS|TAMS 0x00000000c5400000| PB 0x00000000c5400000| Complete 
|  55|0x00000000c5500000, 0x00000000c5600000, 0x00000000c5600000|100%| E|CS|TAMS 0x00000000c5500000| PB 0x00000000c5500000| Complete 
|  56|0x00000000c5600000, 0x00000000c5700000, 0x00000000c5700000|100%| E|CS|TAMS 0x00000000c5600000| PB 0x00000000c5600000| Complete 
|  57|0x00000000c5700000, 0x00000000c5800000, 0x00000000c5800000|100%| E|CS|TAMS 0x00000000c5700000| PB 0x00000000c5700000| Complete 
|  58|0x00000000c5800000, 0x00000000c5900000, 0x00000000c5900000|100%| E|CS|TAMS 0x00000000c5800000| PB 0x00000000c5800000| Complete 
|  63|0x00000000c5d00000, 0x00000000c5e00000, 0x00000000c5e00000|100%| E|CS|TAMS 0x00000000c5d00000| PB 0x00000000c5d00000| Complete 

Card table byte_map: [0x000001e380000000,0x000001e380200000] _byte_map_base: 0x000001e37f9f1000

Marking Bits: (CMBitMap*) 0x000001e3e86cca10
 Bits: [0x000001e380200000, 0x000001e381188000)

Polling page: 0x000001e3e67e0000

Metaspace:

Usage:
  Non-class:     40.63 MB used.
      Class:      6.20 MB used.
       Both:     46.83 MB used.

Virtual space:
  Non-class space:       64.00 MB reserved,      40.88 MB ( 64%) committed,  1 nodes.
      Class space:        1.00 GB reserved,       6.44 MB ( <1%) committed,  1 nodes.
             Both:        1.06 GB reserved,      47.31 MB (  4%) committed. 

Chunk freelists:
   Non-Class:  6.88 MB
       Class:  9.59 MB
        Both:  16.47 MB

MaxMetaspaceSize: unlimited
CompressedClassSpaceSize: 1.00 GB
Initial GC threshold: 21.00 MB
Current GC threshold: 58.69 MB
CDS: on
 - commit_granule_bytes: 65536.
 - commit_granule_words: 8192.
 - virtual_space_node_default_size: 8388608.
 - enlarge_chunks_in_place: 1.
 - use_allocation_guard: 0.


Internal statistics:

num_allocs_failed_limit: 6.
num_arena_births: 718.
num_arena_deaths: 0.
num_vsnodes_births: 2.
num_vsnodes_deaths: 0.
num_space_committed: 757.
num_space_uncommitted: 0.
num_chunks_returned_to_freelist: 6.
num_chunks_taken_from_freelist: 2397.
num_chunk_merges: 6.
num_chunk_splits: 1689.
num_chunks_enlarged: 1286.
num_inconsistent_stats: 0.

CodeHeap 'non-profiled nmethods': size=120000Kb used=2862Kb max_used=2862Kb free=117137Kb
 bounds [0x000001e3f85a0000, 0x000001e3f8870000, 0x000001e3ffad0000]
CodeHeap 'profiled nmethods': size=120000Kb used=9587Kb max_used=9587Kb free=110412Kb
 bounds [0x000001e3f0ad0000, 0x000001e3f1430000, 0x000001e3f8000000]
CodeHeap 'non-nmethods': size=5760Kb used=1529Kb max_used=1599Kb free=4230Kb
 bounds [0x000001e3f8000000, 0x000001e3f8270000, 0x000001e3f85a0000]
 total_blobs=5336 nmethods=4736 adapters=504
 compilation: enabled
              stopped_count=0, restarted_count=0
 full_count=0

Compilation events (20 events):
Event: 28.397 Thread 0x000001e383b8af90 nmethod 5057 0x000001e3f886b410 code [0x000001e3f886b5a0, 0x000001e3f886b778]
Event: 28.397 Thread 0x000001e383b8cbf0 nmethod 5055 0x000001e3f1424890 code [0x000001e3f1424ea0, 0x000001e3f1428f58]
Event: 28.398 Thread 0x000001e383b8cbf0 5056       1       sun.security.ssl.SSLCipher::isAvailable (5 bytes)
Event: 28.398 Thread 0x000001e383b8cbf0 nmethod 5056 0x000001e3f886b810 code [0x000001e3f886b9a0, 0x000001e3f886ba70]
Event: 28.398 Thread 0x000001e383b8cbf0 5048       3       java.security.Provider$ServiceKey::matches (22 bytes)
Event: 28.398 Thread 0x000001e383b8cbf0 nmethod 5048 0x000001e3f142a310 code [0x000001e3f142a4c0, 0x000001e3f142a668]
Event: 28.400 Thread 0x000001e383b8cbf0 5058       3       java.util.EnumSet::of (16 bytes)
Event: 28.401 Thread 0x000001e383b8cbf0 nmethod 5058 0x000001e3f142a710 code [0x000001e3f142a900, 0x000001e3f142ac10]
Event: 28.401 Thread 0x000001e383b8cbf0 5062       3       java.util.Arrays$ArrayList::indexOf (62 bytes)
Event: 28.402 Thread 0x000001e383b8cbf0 nmethod 5062 0x000001e3f142ae10 code [0x000001e3f142b000, 0x000001e3f142b498]
Event: 28.402 Thread 0x000001e383b8cbf0 5061       3       java.util.Arrays$ArrayList::contains (14 bytes)
Event: 28.402 Thread 0x000001e383b8cbf0 nmethod 5061 0x000001e3f142b610 code [0x000001e3f142b7c0, 0x000001e3f142b960]
Event: 28.402 Thread 0x000001e383b8cbf0 5059       3       java.util.RegularEnumSet::isEmpty (15 bytes)
Event: 28.402 Thread 0x000001e383b8cbf0 nmethod 5059 0x000001e3f142ba10 code [0x000001e3f142bba0, 0x000001e3f142bd10]
Event: 28.403 Thread 0x000001e383b8cbf0 5060       3       sun.security.util.DisabledAlgorithmConstraints::permits (70 bytes)
Event: 28.404 Thread 0x000001e383b8cbf0 nmethod 5060 0x000001e3f142bd90 code [0x000001e3f142bfc0, 0x000001e3f142c670]
Event: 28.404 Thread 0x000001e383b8cbf0 5063       3       sun.security.ssl.CipherSuite::supports (11 bytes)
Event: 28.404 Thread 0x000001e383b8cbf0 nmethod 5063 0x000001e3f142c890 code [0x000001e3f142ca40, 0x000001e3f142cc18]
Event: 28.416 Thread 0x000001e383b8cbf0 5064       3       jdk.internal.misc.Unsafe::putIntUnaligned (79 bytes)
Event: 28.416 Thread 0x000001e383b8cbf0 nmethod 5064 0x000001e3f142cd10 code [0x000001e3f142cee0, 0x000001e3f142d280]

GC Heap History (18 events):
Event: 2.653 GC heap before
{Heap before GC invocations=0 (full 0):
 garbage-first heap   total 65536K, used 25600K [0x00000000c1e00000, 0x0000000100000000)
  region size 1024K, 23 young (23552K), 0 survivors (0K)
 Metaspace       used 5026K, committed 5184K, reserved 1114112K
  class space    used 570K, committed 640K, reserved 1048576K
}
Event: 2.668 GC heap after
{Heap after GC invocations=1 (full 0):
 garbage-first heap   total 65536K, used 10010K [0x00000000c1e00000, 0x0000000100000000)
  region size 1024K, 3 young (3072K), 3 survivors (3072K)
 Metaspace       used 5026K, committed 5184K, reserved 1114112K
  class space    used 570K, committed 640K, reserved 1048576K
}
Event: 5.617 GC heap before
{Heap before GC invocations=1 (full 0):
 garbage-first heap   total 65536K, used 32538K [0x00000000c1e00000, 0x0000000100000000)
  region size 1024K, 26 young (26624K), 3 survivors (3072K)
 Metaspace       used 10719K, committed 11008K, reserved 1114112K
  class space    used 1338K, committed 1472K, reserved 1048576K
}
Event: 5.627 GC heap after
{Heap after GC invocations=2 (full 0):
 garbage-first heap   total 65536K, used 12064K [0x00000000c1e00000, 0x0000000100000000)
  region size 1024K, 2 young (2048K), 2 survivors (2048K)
 Metaspace       used 10719K, committed 11008K, reserved 1114112K
  class space    used 1338K, committed 1472K, reserved 1048576K
}
Event: 6.852 GC heap before
{Heap before GC invocations=2 (full 0):
 garbage-first heap   total 65536K, used 36640K [0x00000000c1e00000, 0x0000000100000000)
  region size 1024K, 27 young (27648K), 2 survivors (2048K)
 Metaspace       used 16779K, committed 17024K, reserved 1114112K
  class space    used 2122K, committed 2240K, reserved 1048576K
}
Event: 6.862 GC heap after
{Heap after GC invocations=3 (full 0):
 garbage-first heap   total 65536K, used 14117K [0x00000000c1e00000, 0x0000000100000000)
  region size 1024K, 4 young (4096K), 4 survivors (4096K)
 Metaspace       used 16779K, committed 17024K, reserved 1114112K
  class space    used 2122K, committed 2240K, reserved 1048576K
}
Event: 8.241 GC heap before
{Heap before GC invocations=3 (full 0):
 garbage-first heap   total 65536K, used 35621K [0x00000000c1e00000, 0x0000000100000000)
  region size 1024K, 27 young (27648K), 4 survivors (4096K)
 Metaspace       used 21269K, committed 21504K, reserved 1114112K
  class space    used 2648K, committed 2752K, reserved 1048576K
}
Event: 8.266 GC heap after
{Heap after GC invocations=4 (full 0):
 garbage-first heap   total 65536K, used 16632K [0x00000000c1e00000, 0x0000000100000000)
  region size 1024K, 5 young (5120K), 5 survivors (5120K)
 Metaspace       used 21269K, committed 21504K, reserved 1114112K
  class space    used 2648K, committed 2752K, reserved 1048576K
}
Event: 11.034 GC heap before
{Heap before GC invocations=5 (full 0):
 garbage-first heap   total 61440K, used 48376K [0x00000000c1e00000, 0x0000000100000000)
  region size 1024K, 36 young (36864K), 5 survivors (5120K)
 Metaspace       used 23538K, committed 23872K, reserved 1114112K
  class space    used 2931K, committed 3072K, reserved 1048576K
}
Event: 11.058 GC heap after
{Heap after GC invocations=6 (full 0):
 garbage-first heap   total 61440K, used 18929K [0x00000000c1e00000, 0x0000000100000000)
  region size 1024K, 5 young (5120K), 5 survivors (5120K)
 Metaspace       used 23538K, committed 23872K, reserved 1114112K
  class space    used 2931K, committed 3072K, reserved 1048576K
}
Event: 13.177 GC heap before
{Heap before GC invocations=6 (full 0):
 garbage-first heap   total 61440K, used 45553K [0x00000000c1e00000, 0x0000000100000000)
  region size 1024K, 32 young (32768K), 5 survivors (5120K)
 Metaspace       used 28274K, committed 28608K, reserved 1114112K
  class space    used 3622K, committed 3776K, reserved 1048576K
}
Event: 13.200 GC heap after
{Heap after GC invocations=7 (full 0):
 garbage-first heap   total 61440K, used 20724K [0x00000000c1e00000, 0x0000000100000000)
  region size 1024K, 2 young (2048K), 2 survivors (2048K)
 Metaspace       used 28274K, committed 28608K, reserved 1114112K
  class space    used 3622K, committed 3776K, reserved 1048576K
}
Event: 15.285 GC heap before
{Heap before GC invocations=7 (full 0):
 garbage-first heap   total 61440K, used 48372K [0x00000000c1e00000, 0x0000000100000000)
  region size 1024K, 29 young (29696K), 2 survivors (2048K)
 Metaspace       used 32213K, committed 32640K, reserved 1114112K
  class space    used 4206K, committed 4416K, reserved 1048576K
}
Event: 15.308 GC heap after
{Heap after GC invocations=8 (full 0):
 garbage-first heap   total 61440K, used 23327K [0x00000000c1e00000, 0x0000000100000000)
  region size 1024K, 4 young (4096K), 4 survivors (4096K)
 Metaspace       used 32213K, committed 32640K, reserved 1114112K
  class space    used 4206K, committed 4416K, reserved 1048576K
}
Event: 17.355 GC heap before
{Heap before GC invocations=8 (full 0):
 garbage-first heap   total 61440K, used 39711K [0x00000000c1e00000, 0x0000000100000000)
  region size 1024K, 22 young (22528K), 4 survivors (4096K)
 Metaspace       used 35548K, committed 35968K, reserved 1114112K
  class space    used 4627K, committed 4800K, reserved 1048576K
}
Event: 17.381 GC heap after
{Heap after GC invocations=9 (full 0):
 garbage-first heap   total 61440K, used 25600K [0x00000000c1e00000, 0x0000000100000000)
  region size 1024K, 2 young (2048K), 2 survivors (2048K)
 Metaspace       used 35548K, committed 35968K, reserved 1114112K
  class space    used 4627K, committed 4800K, reserved 1048576K
}
Event: 21.932 GC heap before
{Heap before GC invocations=10 (full 0):
 garbage-first heap   total 61440K, used 53248K [0x00000000c1e00000, 0x0000000100000000)
  region size 1024K, 28 young (28672K), 2 survivors (2048K)
 Metaspace       used 40031K, committed 40576K, reserved 1114112K
  class space    used 5247K, committed 5504K, reserved 1048576K
}
Event: 21.958 GC heap after
{Heap after GC invocations=11 (full 0):
 garbage-first heap   total 61440K, used 26837K [0x00000000c1e00000, 0x0000000100000000)
  region size 1024K, 4 young (4096K), 4 survivors (4096K)
 Metaspace       used 40031K, committed 40576K, reserved 1114112K
  class space    used 5247K, committed 5504K, reserved 1048576K
}

Dll operation events (11 events):
Event: 0.068 Loaded shared library C:\Program Files\Java\jdk-21\bin\java.dll
Event: 0.235 Loaded shared library C:\Program Files\Java\jdk-21\bin\jsvml.dll
Event: 0.607 Loaded shared library C:\Program Files\Java\jdk-21\bin\net.dll
Event: 0.619 Loaded shared library C:\Program Files\Java\jdk-21\bin\nio.dll
Event: 0.625 Loaded shared library C:\Program Files\Java\jdk-21\bin\zip.dll
Event: 1.201 Loaded shared library C:\Program Files\Java\jdk-21\bin\jimage.dll
Event: 8.146 Loaded shared library C:\Program Files\Java\jdk-21\bin\sunmscapi.dll
Event: 17.540 Loaded shared library C:\Program Files\Java\jdk-21\bin\management.dll
Event: 17.633 Loaded shared library C:\Program Files\Java\jdk-21\bin\management_ext.dll
Event: 22.764 Loaded shared library C:\Program Files\Java\jdk-21\bin\verify.dll
Event: 26.530 Loaded shared library C:\Program Files\Java\jdk-21\bin\extnet.dll

Deoptimization events (20 events):
Event: 27.914 Thread 0x000001e3e64a4540 Uncommon trap: trap_request=0xffffffde fr.pc=0x000001e3f86b1fcc relative=0x00000000000007cc
Event: 27.914 Thread 0x000001e3e64a4540 Uncommon trap: reason=class_check action=maybe_recompile pc=0x000001e3f86b1fcc method=java.util.regex.Pattern$BmpCharPropertyGreedy.match(Ljava/util/regex/Matcher;ILjava/lang/CharSequence;)Z @ 26 c2
Event: 27.914 Thread 0x000001e3e64a4540 DEOPT PACKING pc=0x000001e3f86b1fcc sp=0x000000c81f6fc6d0
Event: 27.914 Thread 0x000001e3e64a4540 DEOPT UNPACKING pc=0x000001e3f80546a2 sp=0x000000c81f6fc598 mode 2
Event: 27.915 Thread 0x000001e3e64a4540 Uncommon trap: trap_request=0xffffffde fr.pc=0x000001e3f86b1fcc relative=0x00000000000007cc
Event: 27.915 Thread 0x000001e3e64a4540 Uncommon trap: reason=class_check action=maybe_recompile pc=0x000001e3f86b1fcc method=java.util.regex.Pattern$BmpCharPropertyGreedy.match(Ljava/util/regex/Matcher;ILjava/lang/CharSequence;)Z @ 26 c2
Event: 27.915 Thread 0x000001e3e64a4540 DEOPT PACKING pc=0x000001e3f86b1fcc sp=0x000000c81f6fc6d0
Event: 27.915 Thread 0x000001e3e64a4540 DEOPT UNPACKING pc=0x000001e3f80546a2 sp=0x000000c81f6fc598 mode 2
Event: 27.916 Thread 0x000001e3e64a4540 Uncommon trap: trap_request=0xffffffde fr.pc=0x000001e3f8652224 relative=0x00000000000004a4
Event: 27.916 Thread 0x000001e3e64a4540 Uncommon trap: reason=class_check action=maybe_recompile pc=0x000001e3f8652224 method=java.util.regex.Pattern$BmpCharPropertyGreedy.match(Ljava/util/regex/Matcher;ILjava/lang/CharSequence;)Z @ 26 c2
Event: 27.916 Thread 0x000001e3e64a4540 DEOPT PACKING pc=0x000001e3f8652224 sp=0x000000c81f6fc640
Event: 27.916 Thread 0x000001e3e64a4540 DEOPT UNPACKING pc=0x000001e3f80546a2 sp=0x000000c81f6fc598 mode 2
Event: 28.211 Thread 0x000001e3e64a4540 Uncommon trap: trap_request=0xffffffc6 fr.pc=0x000001e3f8860778 relative=0x0000000000003698
Event: 28.211 Thread 0x000001e3e64a4540 Uncommon trap: reason=bimorphic_or_optimized_type_check action=maybe_recompile pc=0x000001e3f8860778 method=java.net.URL.<init>(Ljava/net/URL;Ljava/lang/String;Ljava/net/URLStreamHandler;)V @ 504 c2
Event: 28.211 Thread 0x000001e3e64a4540 DEOPT PACKING pc=0x000001e3f8860778 sp=0x000000c81f6f9700
Event: 28.211 Thread 0x000001e3e64a4540 DEOPT UNPACKING pc=0x000001e3f80546a2 sp=0x000000c81f6f9680 mode 2
Event: 28.211 Thread 0x000001e3e64a4540 Uncommon trap: trap_request=0xffffff45 fr.pc=0x000001e3f85fa4d8 relative=0x0000000000000b38
Event: 28.211 Thread 0x000001e3e64a4540 Uncommon trap: reason=unstable_if action=reinterpret pc=0x000001e3f85fa4d8 method=sun.net.util.IPAddressUtil.scan(Ljava/lang/String;JJ[C)I @ 14 c2
Event: 28.211 Thread 0x000001e3e64a4540 DEOPT PACKING pc=0x000001e3f85fa4d8 sp=0x000000c81f6f92b0
Event: 28.211 Thread 0x000001e3e64a4540 DEOPT UNPACKING pc=0x000001e3f80546a2 sp=0x000000c81f6f90a8 mode 2

Classes loaded (20 events):
Event: 28.492 Loading class sun/security/ssl/ServerHello$T12ServerHelloProducer done
Event: 28.492 Loading class sun/security/ssl/ServerHello$T13ServerHelloProducer
Event: 28.493 Loading class sun/security/ssl/ServerHello$T13ServerHelloProducer done
Event: 28.493 Loading class sun/security/ssl/ServerHello$T13HelloRetryRequestProducer
Event: 28.494 Loading class sun/security/ssl/ServerHello$T13HelloRetryRequestProducer done
Event: 28.494 Loading class sun/security/ssl/ServerHello$T13HelloRetryRequestReproducer
Event: 28.495 Loading class sun/security/ssl/ServerHello$T13HelloRetryRequestReproducer done
Event: 28.495 Loading class sun/security/ssl/ServerHello$T12ServerHelloConsumer
Event: 28.495 Loading class sun/security/ssl/ServerHello$T12ServerHelloConsumer done
Event: 28.495 Loading class sun/security/ssl/ServerHello$T13ServerHelloConsumer
Event: 28.497 Loading class sun/security/ssl/ServerHello$T13ServerHelloConsumer done
Event: 28.497 Loading class sun/security/ssl/ServerHello$T13HelloRetryRequestConsumer
Event: 28.497 Loading class sun/security/ssl/ServerHello$T13HelloRetryRequestConsumer done
Event: 28.497 Loading class sun/security/ssl/HelloVerifyRequest
Event: 28.498 Loading class sun/security/ssl/HelloVerifyRequest done
Event: 28.498 Loading class sun/security/ssl/HelloVerifyRequest$HelloVerifyRequestConsumer
Event: 28.498 Loading class sun/security/ssl/HelloVerifyRequest$HelloVerifyRequestConsumer done
Event: 28.498 Loading class sun/security/ssl/HelloVerifyRequest$HelloVerifyRequestProducer
Event: 28.499 Loading class sun/security/ssl/HelloVerifyRequest$HelloVerifyRequestProducer done
Event: 28.499 Loading class sun/security/ssl/NewSessionTicket

Classes unloaded (0 events):
No events

Classes redefined (0 events):
No events

Internal exceptions (20 events):
Event: 15.742 Thread 0x000001e3e64a4540 Exception <a 'java/lang/NoSuchMethodError'{0x00000000c56fcc40}: 'java.lang.Object java.lang.invoke.DirectMethodHandle$Holder.invokeVirtual(java.lang.Object, java.lang.Object, java.lang.Object, java.lang.Object, java.lang.Object, java.lang.Object)'> (0x00000000c56fcc40) 
thrown [s\open\src\hotspot\share\interpreter\linkResolver.cpp, line 773]
Event: 15.846 Thread 0x000001e3e64a4540 Exception <a 'java/lang/NoSuchMethodError'{0x00000000c55aae50}: 'void java.lang.invoke.DirectMethodHandle$Holder.invokeSpecial(java.lang.Object, java.lang.Object, java.lang.Object, java.lang.Object, java.lang.Object, java.lang.Object, java.lang.Object)'> (0x00000000c55aae50) 
thrown [s\open\src\hotspot\share\interpreter\linkResolver.cpp, line 773]
Event: 15.949 Thread 0x000001e3e64a4540 Exception <a 'java/lang/NoSuchMethodError'{0x00000000c5495538}: 'void java.lang.invoke.DirectMethodHandle$Holder.invokeInterface(java.lang.Object, java.lang.Object, int)'> (0x00000000c5495538) 
thrown [s\open\src\hotspot\share\interpreter\linkResolver.cpp, line 773]
Event: 15.964 Thread 0x000001e3e64a4540 Exception <a 'java/lang/IncompatibleClassChangeError'{0x00000000c54d7528}: Found class java.lang.Object, but interface was expected> (0x00000000c54d7528) 
thrown [s\open\src\hotspot\share\interpreter\linkResolver.cpp, line 840]
Event: 15.967 Thread 0x000001e3e64a4540 Exception <a 'java/lang/NoSuchMethodError'{0x00000000c54f4fc8}: 'void java.lang.invoke.DirectMethodHandle$Holder.invokeStatic(java.lang.Object, int, java.lang.Object)'> (0x00000000c54f4fc8) 
thrown [s\open\src\hotspot\share\interpreter\linkResolver.cpp, line 773]
Event: 15.982 Thread 0x000001e3e64a4540 Exception <a 'java/lang/NoSuchMethodError'{0x00000000c532b170}: 'void java.lang.invoke.DirectMethodHandle$Holder.invokeStatic(java.lang.Object, java.lang.Object, java.lang.Object, int, java.lang.Object)'> (0x00000000c532b170) 
thrown [s\open\src\hotspot\share\interpreter\linkResolver.cpp, line 773]
Event: 15.983 Thread 0x000001e3e64a4540 Exception <a 'java/lang/NoSuchMethodError'{0x00000000c53319b0}: 'java.lang.Object java.lang.invoke.DirectMethodHandle$Holder.newInvokeSpecial(java.lang.Object, java.lang.Object, java.lang.Object, int)'> (0x00000000c53319b0) 
thrown [s\open\src\hotspot\share\interpreter\linkResolver.cpp, line 773]
Event: 15.983 Thread 0x000001e3e64a4540 Exception <a 'java/lang/NoSuchMethodError'{0x00000000c5335830}: 'java.lang.Object java.lang.invoke.DirectMethodHandle$Holder.invokeSpecial(java.lang.Object, java.lang.Object, java.lang.Object, java.lang.Object, int)'> (0x00000000c5335830) 
thrown [s\open\src\hotspot\share\interpreter\linkResolver.cpp, line 773]
Event: 15.984 Thread 0x000001e3e64a4540 Exception <a 'java/lang/NoSuchMethodError'{0x00000000c5338cb8}: 'java.lang.Object java.lang.invoke.Invokers$Holder.linkToTargetMethod(java.lang.Object, java.lang.Object, int, java.lang.Object)'> (0x00000000c5338cb8) 
thrown [s\open\src\hotspot\share\interpreter\linkResolver.cpp, line 773]
Event: 16.317 Thread 0x000001e3e64a4540 Exception <a 'java/lang/NoSuchMethodError'{0x00000000c4edb3b8}: 'java.lang.Object java.lang.invoke.DirectMethodHandle$Holder.invokeStaticInit(java.lang.Object, int, int, int, int)'> (0x00000000c4edb3b8) 
thrown [s\open\src\hotspot\share\interpreter\linkResolver.cpp, line 773]
Event: 16.561 Thread 0x000001e3e64a4540 Exception <a 'java/lang/NoSuchMethodError'{0x00000000c4d9f0b0}: 'java.lang.Object java.lang.invoke.DirectMethodHandle$Holder.invokeStaticInit(java.lang.Object, java.lang.Object, int, int, int, int)'> (0x00000000c4d9f0b0) 
thrown [s\open\src\hotspot\share\interpreter\linkResolver.cpp, line 773]
Event: 17.187 Thread 0x000001e3e64a4540 Exception <a 'java/lang/NoSuchMethodError'{0x00000000c49526f8}: 'int java.lang.invoke.DirectMethodHandle$Holder.invokeVirtual(java.lang.Object, java.lang.Object, java.lang.Object, java.lang.Object)'> (0x00000000c49526f8) 
thrown [s\open\src\hotspot\share\interpreter\linkResolver.cpp, line 773]
Event: 17.188 Thread 0x000001e3e64a4540 Exception <a 'java/lang/NoSuchMethodError'{0x00000000c4955f78}: 'int java.lang.invoke.DelegatingMethodHandle$Holder.reinvoke_L(java.lang.Object, java.lang.Object, java.lang.Object, java.lang.Object)'> (0x00000000c4955f78) 
thrown [s\open\src\hotspot\share\interpreter\linkResolver.cpp, line 773]
Event: 18.061 Thread 0x000001e3e64a4540 Exception <a 'java/io/FileNotFoundException'{0x00000000c5812da8}> (0x00000000c5812da8) 
thrown [s\open\src\hotspot\share\prims\jni.cpp, line 520]
Event: 18.535 Thread 0x000001e3e64a4540 Exception <a 'java/lang/NoSuchMethodError'{0x00000000c55429d0}: 'int java.lang.invoke.DirectMethodHandle$Holder.invokeInterface(java.lang.Object, java.lang.Object, java.lang.Object, java.lang.Object)'> (0x00000000c55429d0) 
thrown [s\open\src\hotspot\share\interpreter\linkResolver.cpp, line 773]
Event: 18.734 Thread 0x000001e3e64a4540 Exception <a 'java/lang/NoSuchMethodError'{0x00000000c5471a58}: 'void java.lang.invoke.Invokers$Holder.invokeExact_MT(java.lang.Object, java.lang.Object, java.lang.Object, java.lang.Object)'> (0x00000000c5471a58) 
thrown [s\open\src\hotspot\share\interpreter\linkResolver.cpp, line 773]
Event: 18.992 Thread 0x000001e3e64a4540 Exception <a 'java/lang/NoSuchMethodError'{0x00000000c510a4c0}: 'long java.lang.invoke.DirectMethodHandle$Holder.invokeVirtual(java.lang.Object, java.lang.Object)'> (0x00000000c510a4c0) 
thrown [s\open\src\hotspot\share\interpreter\linkResolver.cpp, line 773]
Event: 19.425 Thread 0x000001e3e64a4540 Exception <a 'java/lang/NoSuchMethodError'{0x00000000c4c9e0e8}: 'java.lang.Object java.lang.invoke.DirectMethodHandle$Holder.newInvokeSpecial(java.lang.Object, java.lang.Object, java.lang.Object, java.lang.Object, java.lang.Object, java.lang.Object, java.lang.Object, java.lang.Object, java.lang.Object, java.lang.Object, java.lang.Object)'> (0x00000000c4c9e0e8) 
thrown [s\open\src\hotspot\share\interpreter\linkResolver.cpp, line 773]
Event: 20.048 Thread 0x000001e3e64a4540 Exception <a 'java/lang/NoSuchMethodError'{0x00000000c48694e0}: 'void java.lang.invoke.DelegatingMethodHandle$Holder.reinvoke_L(java.lang.Object, java.lang.Object, java.lang.Object, java.lang.Object, int, java.lang.Object, java.lang.Object, java.lang.Object)'> (0x00000000c48694e0) 
thrown [s\open\src\hotspot\share\interpreter\linkResolver.cpp, line 773]
Event: 28.120 Thread 0x000001e3e64a4540 Exception <a 'sun/nio/fs/WindowsException'{0x00000000c42b9e70}> (0x00000000c42b9e70) 
thrown [s\open\src\hotspot\share\prims\jni.cpp, line 520]

ZGC Phase Switch (0 events):
No events

VM Operations (20 events):
Event: 21.605 Executing VM operation: Cleanup
Event: 21.605 Executing VM operation: Cleanup done
Event: 21.932 Executing VM operation: G1CollectForAllocation (G1 Evacuation Pause)
Event: 21.958 Executing VM operation: G1CollectForAllocation (G1 Evacuation Pause) done
Event: 22.966 Executing VM operation: Cleanup
Event: 22.966 Executing VM operation: Cleanup done
Event: 23.979 Executing VM operation: Cleanup
Event: 23.979 Executing VM operation: Cleanup done
Event: 24.992 Executing VM operation: Cleanup
Event: 24.992 Executing VM operation: Cleanup done
Event: 26.008 Executing VM operation: Cleanup
Event: 26.027 Executing VM operation: Cleanup done
Event: 26.945 Executing VM operation: HandshakeAllThreads (Deoptimize)
Event: 26.945 Executing VM operation: HandshakeAllThreads (Deoptimize) done
Event: 27.955 Executing VM operation: Cleanup
Event: 27.974 Executing VM operation: Cleanup done
Event: 28.140 Executing VM operation: HandshakeAllThreads (Deoptimize)
Event: 28.140 Executing VM operation: HandshakeAllThreads (Deoptimize) done
Event: 28.211 Executing VM operation: HandshakeAllThreads (Deoptimize)
Event: 28.211 Executing VM operation: HandshakeAllThreads (Deoptimize) done

Events (20 events):
Event: 17.434 Thread 0x000001e3e647a0d0 flushing nmethod 0x000001e3f85d5610
Event: 17.434 Thread 0x000001e3e647a0d0 flushing nmethod 0x000001e3f85d3890
Event: 17.434 Thread 0x000001e3e647a0d0 flushing nmethod 0x000001e3f85d3290
Event: 17.434 Thread 0x000001e3e647a0d0 flushing nmethod 0x000001e3f85d2e90
Event: 17.434 Thread 0x000001e3e647a0d0 flushing nmethod 0x000001e3f85d2b10
Event: 17.434 Thread 0x000001e3e647a0d0 flushing nmethod 0x000001e3f85d2810
Event: 17.434 Thread 0x000001e3e647a0d0 flushing nmethod 0x000001e3f85a9190
Event: 17.434 Thread 0x000001e3e647a0d0 flushing nmethod 0x000001e3f85c4590
Event: 17.434 Thread 0x000001e3e647a0d0 flushing nmethod 0x000001e3f85c0610
Event: 17.434 Thread 0x000001e3e647a0d0 flushing nmethod 0x000001e3f85be190
Event: 17.434 Thread 0x000001e3e647a0d0 flushing nmethod 0x000001e3f85b5990
Event: 17.434 Thread 0x000001e3e647a0d0 flushing nmethod 0x000001e3f85b4610
Event: 17.434 Thread 0x000001e3e647a0d0 flushing nmethod 0x000001e3f85aea10
Event: 17.434 Thread 0x000001e3e647a0d0 flushing nmethod 0x000001e3f85ade90
Event: 17.434 Thread 0x000001e3e647a0d0 flushing nmethod 0x000001e3f85a1b90
Event: 17.434 Thread 0x000001e3e647a0d0 flushing nmethod 0x000001e3f85a1090
Event: 19.057 Thread 0x000001e3cc368840 Thread added: 0x000001e3cc368840
Event: 19.064 Thread 0x000001e3cc36a910 Thread added: 0x000001e3cc36a910
Event: 19.082 Thread 0x000001e3cc36afa0 Thread added: 0x000001e3cc36afa0
Event: 19.172 Thread 0x000001e3cc369bf0 Thread added: 0x000001e3cc369bf0


Dynamic libraries:
0x00007ff6a88e0000 - 0x00007ff6a88f0000 	C:\Program Files\Java\jdk-21\bin\javaw.exe
0x00007fff7e4d0000 - 0x00007fff7e6e7000 	C:\Windows\SYSTEM32\ntdll.dll
0x00007fff7d080000 - 0x00007fff7d144000 	C:\Windows\System32\KERNEL32.DLL
0x00007fff7ba40000 - 0x00007fff7bdf7000 	C:\Windows\System32\KERNELBASE.dll
0x00007fff7bfc0000 - 0x00007fff7c0d1000 	C:\Windows\System32\ucrtbase.dll
0x00007fff74040000 - 0x00007fff7405b000 	C:\Program Files\Java\jdk-21\bin\VCRUNTIME140.dll
0x00007fff12a90000 - 0x00007fff12aa9000 	C:\Program Files\Java\jdk-21\bin\jli.dll
0x00007fff7e2b0000 - 0x00007fff7e362000 	C:\Windows\System32\ADVAPI32.dll
0x00007fff7e3e0000 - 0x00007fff7e487000 	C:\Windows\System32\msvcrt.dll
0x00007fff7c500000 - 0x00007fff7c5a8000 	C:\Windows\System32\sechost.dll
0x00007fff7be30000 - 0x00007fff7be58000 	C:\Windows\System32\bcrypt.dll
0x00007fff7c250000 - 0x00007fff7c364000 	C:\Windows\System32\RPCRT4.dll
0x00007fff7df50000 - 0x00007fff7e0ff000 	C:\Windows\System32\USER32.dll
0x00007fff7be00000 - 0x00007fff7be26000 	C:\Windows\System32\win32u.dll
0x00007fff7e280000 - 0x00007fff7e2a9000 	C:\Windows\System32\GDI32.dll
0x00007fff7c0e0000 - 0x00007fff7c1f8000 	C:\Windows\System32\gdi32full.dll
0x00007fff7bf20000 - 0x00007fff7bfba000 	C:\Windows\System32\msvcp_win.dll
0x00007fff670b0000 - 0x00007fff67343000 	C:\Windows\WinSxS\amd64_microsoft.windows.common-controls_6595b64144ccf1df_6.0.22621.3672_none_2713b9d173822955\COMCTL32.dll
0x00007fff73e20000 - 0x00007fff73e2a000 	C:\Windows\SYSTEM32\VERSION.dll
0x00007fff7c200000 - 0x00007fff7c231000 	C:\Windows\System32\IMM32.DLL
0x00007fff74fd0000 - 0x00007fff74fdc000 	C:\Program Files\Java\jdk-21\bin\vcruntime140_1.dll
0x00007fff47bb0000 - 0x00007fff47c3e000 	C:\Program Files\Java\jdk-21\bin\msvcp140.dll
0x00007fff05590000 - 0x00007fff062a5000 	C:\Program Files\Java\jdk-21\bin\server\jvm.dll
0x00007fff7d1f0000 - 0x00007fff7d261000 	C:\Windows\System32\WS2_32.dll
0x00007fff7b500000 - 0x00007fff7b54d000 	C:\Windows\SYSTEM32\POWRPROF.dll
0x00007fff73de0000 - 0x00007fff73e14000 	C:\Windows\SYSTEM32\WINMM.dll
0x00007fff7b4e0000 - 0x00007fff7b4f3000 	C:\Windows\SYSTEM32\UMPDC.dll
0x00007fff7a790000 - 0x00007fff7a7a8000 	C:\Windows\SYSTEM32\kernel.appcore.dll
0x00007fff585a0000 - 0x00007fff585aa000 	C:\Program Files\Java\jdk-21\bin\jimage.dll
0x00007fff79020000 - 0x00007fff79252000 	C:\Windows\SYSTEM32\DBGHELP.DLL
0x00007fff7cb40000 - 0x00007fff7cece000 	C:\Windows\System32\combase.dll
0x00007fff7d2c0000 - 0x00007fff7d397000 	C:\Windows\System32\OLEAUT32.dll
0x00007fff64af0000 - 0x00007fff64b22000 	C:\Windows\SYSTEM32\dbgcore.DLL
0x00007fff7b950000 - 0x00007fff7b9cb000 	C:\Windows\System32\bcryptPrimitives.dll
0x00007fff12ab0000 - 0x00007fff12acf000 	C:\Program Files\Java\jdk-21\bin\java.dll
0x00007fff7d560000 - 0x00007fff7ddc9000 	C:\Windows\System32\SHELL32.dll
0x00007fff79700000 - 0x00007fff79fff000 	C:\Windows\SYSTEM32\windows.storage.dll
0x00007fff795c0000 - 0x00007fff796ff000 	C:\Windows\SYSTEM32\wintypes.dll
0x00007fff7ddd0000 - 0x00007fff7dec9000 	C:\Windows\System32\SHCORE.dll
0x00007fff7cae0000 - 0x00007fff7cb3e000 	C:\Windows\System32\shlwapi.dll
0x00007fff7b710000 - 0x00007fff7b737000 	C:\Windows\SYSTEM32\profapi.dll
0x00007fff0a610000 - 0x00007fff0a6e7000 	C:\Program Files\Java\jdk-21\bin\jsvml.dll
0x00007fff51c40000 - 0x00007fff51c50000 	C:\Program Files\Java\jdk-21\bin\net.dll
0x00007fff74310000 - 0x00007fff74446000 	C:\Windows\SYSTEM32\WINHTTP.dll
0x00007fff7ac60000 - 0x00007fff7acc9000 	C:\Windows\system32\mswsock.dll
0x00007fff08d80000 - 0x00007fff08d96000 	C:\Program Files\Java\jdk-21\bin\nio.dll
0x00007fff0a5f0000 - 0x00007fff0a608000 	C:\Program Files\Java\jdk-21\bin\zip.dll
0x00007fff7a260000 - 0x00007fff7a28d000 	C:\Windows\SYSTEM32\IPHLPAPI.DLL
0x00007fff7e100000 - 0x00007fff7e109000 	C:\Windows\System32\NSI.dll
0x00007fff7a320000 - 0x00007fff7a422000 	C:\Windows\SYSTEM32\DNSAPI.dll
0x00007fff68fa0000 - 0x00007fff68faa000 	C:\Windows\System32\rasadhlp.dll
0x00007fff72430000 - 0x00007fff724b3000 	C:\Windows\System32\fwpuclnt.dll
0x00007fff501b0000 - 0x00007fff501be000 	C:\Program Files\Java\jdk-21\bin\sunmscapi.dll
0x00007fff7b7e0000 - 0x00007fff7b946000 	C:\Windows\System32\CRYPT32.dll
0x00007fff7b0b0000 - 0x00007fff7b0dd000 	C:\Windows\SYSTEM32\ncrypt.dll
0x00007fff7b070000 - 0x00007fff7b0a7000 	C:\Windows\SYSTEM32\NTASN1.dll
0x00007fff7aed0000 - 0x00007fff7aeeb000 	C:\Windows\SYSTEM32\CRYPTSP.dll
0x00007fff7a750000 - 0x00007fff7a785000 	C:\Windows\system32\rsaenh.dll
0x00007fff7ad40000 - 0x00007fff7ad68000 	C:\Windows\SYSTEM32\USERENV.dll
0x00007fff7aef0000 - 0x00007fff7aefc000 	C:\Windows\SYSTEM32\CRYPTBASE.dll
0x00007fff4b1b0000 - 0x00007fff4b1ba000 	C:\Program Files\Java\jdk-21\bin\management.dll
0x00007fff19630000 - 0x00007fff1963b000 	C:\Program Files\Java\jdk-21\bin\management_ext.dll
0x00007fff7c240000 - 0x00007fff7c248000 	C:\Windows\System32\PSAPI.DLL
0x00007fff517c0000 - 0x00007fff517d0000 	C:\Program Files\Java\jdk-21\bin\verify.dll
0x00007fff46b60000 - 0x00007fff46b67000 	C:\Program Files\Java\jdk-21\bin\extnet.dll

dbghelp: loaded successfully - version: 4.0.5 - missing functions: none
symbol engine: initialized successfully - sym options: 0x614 - pdb path: .;C:\Program Files\Java\jdk-21\bin;C:\Windows\SYSTEM32;C:\Windows\WinSxS\amd64_microsoft.windows.common-controls_6595b64144ccf1df_6.0.22621.3672_none_2713b9d173822955;C:\Program Files\Java\jdk-21\bin\server

VM Arguments:
jvm_args: -Dfile.encoding=UTF-8 -Dstdout.encoding=UTF-8 -Dstderr.encoding=UTF-8 -XX:+ShowCodeDetailsInExceptionMessages 
java_command: com.CourierManagement.TrackingService.TrackingServiceApplication
java_class_path (initial): D:\Courier_Management_System\TrackingService\target\classes;C:\Users\DELL\.m2\repository\org\springframework\cloud\spring-cloud-starter-netflix-eureka-client\4.1.1\spring-cloud-starter-netflix-eureka-client-4.1.1.jar;C:\Users\DELL\.m2\repository\org\springframework\cloud\spring-cloud-starter\4.1.2\spring-cloud-starter-4.1.2.jar;C:\Users\DELL\.m2\repository\org\springframework\cloud\spring-cloud-context\4.1.2\spring-cloud-context-4.1.2.jar;C:\Users\DELL\.m2\repository\org\springframework\security\spring-security-rsa\1.1.2\spring-security-rsa-1.1.2.jar;C:\Users\DELL\.m2\repository\org\bouncycastle\bcprov-jdk18on\1.77\bcprov-jdk18on-1.77.jar;C:\Users\DELL\.m2\repository\org\springframework\cloud\spring-cloud-netflix-eureka-client\4.1.1\spring-cloud-netflix-eureka-client-4.1.1.jar;C:\Users\DELL\.m2\repository\org\apache\httpcomponents\client5\httpclient5\5.3.1\httpclient5-5.3.1.jar;C:\Users\DELL\.m2\repository\org\apache\httpcomponents\core5\httpcore5\5.2.5\httpcore5-5.2.5.jar;C:\Users\DELL\.m2\repository\org\apache\httpcomponents\core5\httpcore5-h2\5.2.5\httpcore5-h2-5.2.5.jar;C:\Users\DELL\.m2\repository\com\netflix\eureka\eureka-client\2.0.2\eureka-client-2.0.2.jar;C:\Users\DELL\.m2\repository\com\netflix\netflix-commons\netflix-eventbus\0.3.0\netflix-eventbus-0.3.0.jar;C:\Users\DELL\.m2\repository\com\netflix\netflix-commons\netflix-infix\0.3.0\netflix-infix-0.3.0.jar;C:\Users\DELL\.m2\repository\commons-jxpath\commons-jxpath\1.3\commons-jxpath-1.3.jar;C:\Users\DELL\.m2\repository\joda-time\joda-time\2.3\joda-time-2.3.jar;C:\Users\DELL\.m2\repository\org\antlr\antlr-runtime\3.4\antlr-runtime-3.4.jar;C:\Users\DELL\.m2\repository\org\antlr\stringtemplate\3.2.1\stringtemplate-3.2.1.jar;C:\Users\DELL\.m2\repository\antlr\antlr\2.7.7\antlr-2.7.7.jar;C:\Users\DELL\.m2\repository\com\google\code\gson\gson\2.10.1\gson-2.10.1.jar;C:\Users\DELL\.m2\repository\org\apache\commons\commons-math\2.2\commons-math-2.2.jar;C:\Users\DELL\.m2\repository\com\thoughtworks\xstream\xstream\1.4.19\xstream-1.4.19.jar;C:\Users\DELL\.m2\repository\io\github\x-stream\mxparser\1.2.2\mxparser-1.2.2.jar;C:\Users\DELL\.m2\repository\xmlpull\xmlpull\1.1.3.1\xmlpull-1.1.3.1.jar;C:\Users\DELL\.m2\repository\jakarta\ws\rs\jakarta.ws.rs-api\3.1.0\jakarta.ws.rs-api-3.1.0.jar;C:\Users\DELL\.m2\repository\jakarta\inject\jakarta.inject-api\2.0.1\jakarta.inject-api-2.0.1.jar;C:\Users\DELL\.m2\repository\jakarta\annotation\jakarta.annotation-api\2.1.1\jakarta.annotation-api-2.1.1.jar;C:\Users\DELL\.m2\repository\com\netflix\servo\servo-core\0.12.21\servo-core-0.12.21.jar;C:\Users\DELL\.m2\repository\com\google\guava\guava\19.0\guava-19.0.jar;C:\Users\DELL\.m2\repository\org\apache\httpcomponents\httpclient\4.5.3\httpclient-4.5.3.jar;C:\Users\DELL\.m2\repository\org\apache\httpcomponents\httpcore\4.4.16\httpcore-4.4.16.jar;C:\Users\DELL\.m2\repository\commons-codec\commons-codec\1.16.1\commons-codec-1.16.1.jar;C:\Users\DELL\.m2\repository\commons-configuration\commons-configuration\1.10\commons-configuration-1.10.jar;C:\Users\DELL\.m2\repository\commons-lang\commons-lang\2.6\commons-lang-2.6.jar;C:\Users\DELL\.m2\repository\com\fasterxml\jackson\core\jackson-annotations\2.17.2\jackson-annotations-2.17.2.jar;C:\Users\DELL\.m2\repository\com\fasterxml\jackson\core\jackson-core\2.17.2\jackson-core-2.17.2.jar;C:\Users\DELL\.m2\repository\org\codehaus\jettison\jettison\1.5.4\jettison-1.5.4.jar;C:\Users\DELL\.m2\repository\com\netflix\eureka\eureka-core\2.0.2\eureka-core-2.0.2.jar;C:\Users\DELL\.m2\repository\com\fasterxml\woodstox\woodstox-core\6.2.1\woodstox-core-6.2.1.jar;C:\Users\DELL\.m2\repository\org\codehaus\woodstox\stax2-api\4.2.1\stax2-api-4.2.1.jar;C:\Users\DELL\.m2\repository\org\springframework\cloud\spring-cloud-starter-loadbalancer\4.1.2\spring-cloud-starter-loadbalancer-4.1.2.jar;C:\Users\DELL\.m2\repository\org\springframework\cloud\spring-cloud-loadbalancer\4.1.2\spring-cloud-loadbalancer-4.1.2.jar;C:\Users\DELL\.m2\repository\io\projectreactor\reactor-core\3.6.11\reactor-core-3.6.11.jar;C:\Users\DELL\.m2\repository\org\reactivestreams\reactive-streams\1.0.4\reactive-streams-1.0.4.jar;C:\Users\DELL\.m2\repository\io\projectreactor\addons\reactor-extra\3.5.2\reactor-extra-3.5.2.jar;C:\Users\DELL\.m2\repository\org\springframework\boot\spring-boot-starter-cache\3.3.5\spring-boot-starter-cache-3.3.5.jar;C:\Users\DELL\.m2\repository\org\springframework\spring-context-support\6.1.14\spring-context-support-6.1.14.jar;C:\Users\DELL\.m2\repository\com\stoyanr\evictor\1.0.0\evictor-1.0.0.jar;C:\Users\DELL\.m2\repository\org\springframework\boot\spring-boot-starter-amqp\3.3.5\spring-boot-starter-amqp-3.3.5.jar;C:\Users\DELL\.m2\repository\org\springframework\boot\spring-boot-starter\3.3.5\spring-boot-starter-3.3.5.jar;C:\Users\DELL\.m2\repository\org\springframework\boot\spring-boot\3.3.5\spring-boot-3.3.5.jar;C:\Users\DELL\.m2\repository\org\springframework\boot\spring-boot-autoconfigure\3.3.5\spring-boot-autoconfigure-3.3.5.jar;C:\Users\DELL\.m2\repository\org\springframework\boot\spring-boot-starter-logging\3.3.5\spring-boot-starter-logging-3.3.5.jar;C:\Users\DELL\.m2\repository\ch\qos\logback\logback-classic\1.5.11\logback-classic-1.5.11.jar;C:\Users\DELL\.m2\repository\ch\qos\logback\logback-core\1.5.11\logback-core-1.5.11.jar;C:\Users\DELL\.m2\repository\org\apache\logging\log4j\log4j-to-slf4j\2.23.1\log4j-to-slf4j-2.23.1.jar;C:\Users\DELL\.m2\repository\org\apache\logging\log4j\log4j-api\2.23.1\log4j-api-2.23.1.jar;C:\Users\DELL\.m2\repository\org\slf4j\jul-to-slf4j\2.0.16\jul-to-slf4j-2.0.16.jar;C:\Users\DELL\.m2\repository\org\yaml\snakeyaml\2.2\snakeyaml-2.2.jar;C:\Users\DELL\.m2\repository\org\springframework\spring-messaging\6.1.14\spring-messaging-6.1.14.jar;C:\Users\DELL\.m2\repository\org\springframework\spring-beans\6.1.14\spring-beans-6.1.14.jar;C:\Users\DELL\.m2\repository\org\springframework\amqp\spring-rabbit\3.1.7\spring-rabbit-3.1.7.jar;C:\Users\DELL\.m2\repository\org\springframework\amqp\spring-amqp\3.1.7\spring-amqp-3.1.7.jar;C:\Users\DELL\.m2\repository\org\springframework\retry\spring-retry\2.0.10\spring-retry-2.0.10.jar;C:\Users\DELL\.m2\repository\com\rabbitmq\amqp-client\5.21.0\amqp-client-5.21.0.jar;C:\Users\DELL\.m2\repository\org\springframework\spring-context\6.1.14\spring-context-6.1.14.jar;C:\Users\DELL\.m2\repository\org\springframework\spring-tx\6.1.14\spring-tx-6.1.14.jar;C:\Users\DELL\.m2\repository\io\micrometer\micrometer-observation\1.13.6\micrometer-observation-1.13.6.jar;C:\Users\DELL\.m2\repository\io\micrometer\micrometer-commons\1.13.6\micrometer-commons-1.13.6.jar;C:\Users\DELL\.m2\repository\org\springframework\boot\spring-boot-starter-data-jpa\3.3.5\spring-boot-starter-data-jpa-3.3.5.jar;C:\Users\DELL\.m2\repository\org\springframework\boot\spring-boot-starter-aop\3.3.5\spring-boot-starter-aop-3.3.5.jar;C:\Users\DELL\.m2\repository\org\aspectj\aspectjweaver\1.9.22.1\aspectjweaver-1.9.22.1.jar;C:\Users\DELL\.m2\repository\org\springframework\boot\spring-boot-starter-jdbc\3.3.5\spring-boot-starter-jdbc-3.3.5.jar;C:\Users\DELL\.m2\repository\com\zaxxer\HikariCP\5.1.0\HikariCP-5.1.0.jar;C:\Users\DELL\.m2\repository\org\springframework\spring-jdbc\6.1.14\spring-jdbc-6.1.14.jar;C:\Users\DELL\.m2\repository\org\hibernate\orm\hibernate-core\6.5.3.Final\hibernate-core-6.5.3.Final.jar;C:\Users\DELL\.m2\repository\jakarta\persistence\jakarta.persistence-api\3.1.0\jakarta.persistence-api-3.1.0.jar;C:\Users\DELL\.m2\repository\jakarta\transaction\jakarta.transaction-api\2.0.1\jakarta.transaction-api-2.0.1.jar;C:\Users\DELL\.m2\repository\org\jboss\logging\jboss-logging\3.5.3.Final\jboss-logging-3.5.3.Final.jar;C:\Users\DELL\.m2\repository\org\hibernate\common\hibernate-commons-annotations\6.0.6.Final\hibernate-commons-annotations-6.0.6.Final.jar;C:\Users\DELL\.m2\repository\io\smallrye\jandex\3.1.2\jandex-3.1.2.jar;C:\Users\DELL\.m2\repository\com\fasterxml\classmate\1.7.0\classmate-1.7.0.jar;C:\Users\DELL\.m2\repository\net\bytebuddy\byte-buddy\1.14.19\byte-buddy-1.14.19.jar;C:\Users\DELL\.m2\repository\org\glassfish\jaxb\jaxb-runtime\4.0.5\jaxb-runtime-4.0.5.jar;C:\Users\DELL\.m2\repository\org\glassfish\jaxb\jaxb-core\4.0.5\jaxb-core-4.0.5.jar;C:\Users\DELL\.m2\repository\org\eclipse\angus\angus-activation\2.0.2\angus-activation-2.0.2.jar;C:\Users\DELL\.m2\repository\org\glassfish\jaxb\txw2\4.0.5\txw2-4.0.5.jar;C:\Users\DELL\.m2\repository\com\sun\istack\istack-commons-runtime\4.1.2\istack-commons-runtime-4.1.2.jar;C:\Users\DELL\.m2\repository\org\antlr\antlr4-runtime\4.13.0\antlr4-runtime-4.13.0.jar;C:\Users\DELL\.m2\repository\org\springframework\data\spring-data-jpa\3.3.5\spring-data-jpa-3.3.5.jar;C:\Users\DELL\.m2\repository\org\springframework\data\spring-data-commons\3.3.5\spring-data-commons-3.3.5.jar;C:\Users\DELL\.m2\repository\org\springframework\spring-orm\6.1.14\spring-orm-6.1.14.jar;C:\Users\DELL\.m2\repository\org\springframework\spring-aspects\6.1.14\spring-aspects-6.1.14.jar;C:\Users\DELL\.m2\repository\org\springframework\boot\spring-boot-starter-security\3.3.5\spring-boot-starter-security-3.3.5.jar;C:\Users\DELL\.m2\repository\org\springframework\spring-aop\6.1.14\spring-aop-6.1.14.jar;C:\Users\DELL\.m2\repository\org\springframework\security\spring-security-config\6.3.4\spring-security-config-6.3.4.jar;C:\Users\DELL\.m2\repository\org\springframework\security\spring-security-web\6.3.4\spring-security-web-6.3.4.jar;C:\Users\DELL\.m2\repository\org\springframework\spring-expression\6.1.14\spring-expression-6.1.14.jar;C:\Users\DELL\.m2\repository\org\springframework\boot\spring-boot-starter-validation\3.3.5\spring-boot-starter-validation-3.3.5.jar;C:\Users\DELL\.m2\repository\org\apache\tomcat\embed\tomcat-embed-el\10.1.31\tomcat-embed-el-10.1.31.jar;C:\Users\DELL\.m2\repository\org\hibernate\validator\hibernate-validator\8.0.1.Final\hibernate-validator-8.0.1.Final.jar;C:\Users\DELL\.m2\repository\jakarta\validation\jakarta.validation-api\3.0.2\jakarta.validation-api-3.0.2.jar;C:\Users\DELL\.m2\repository\org\springframework\boot\spring-boot-starter-web\3.3.5\spring-boot-starter-web-3.3.5.jar;C:\Users\DELL\.m2\repository\org\springframework\boot\spring-boot-starter-json\3.3.5\spring-boot-starter-json-3.3.5.jar;C:\Users\DELL\.m2\repository\com\fasterxml\jackson\datatype\jackson-datatype-jdk8\2.17.2\jackson-datatype-jdk8-2.17.2.jar;C:\Users\DELL\.m2\repository\com\fasterxml\jackson\datatype\jackson-datatype-jsr310\2.17.2\jackson-datatype-jsr310-2.17.2.jar;C:\Users\DELL\.m2\repository\com\fasterxml\jackson\module\jackson-module-parameter-names\2.17.2\jackson-module-parameter-names-2.17.2.jar;C:\Users\DELL\.m2\repository\org\springframework\boot\spring-boot-starter-tomcat\3.3.5\spring-boot-starter-tomcat-3.3.5.jar;C:\Users\DELL\.m2\repository\org\apache\tomcat\embed\tomcat-embed-core\10.1.31\tomcat-embed-core-10.1.31.jar;C:\Users\DELL\.m2\repository\org\apache\tomcat\embed\tomcat-embed-websocket\10.1.31\tomcat-embed-websocket-10.1.31.jar;C:\Users\DELL\.m2\repository\org\springframework\spring-web\6.1.14\spring-web-6.1.14.jar;C:\Users\DELL\.m2\repository\org\springframework\spring-webmvc\6.1.14\spring-webmvc-6.1.14.jar;C:\Users\DELL\.m2\repository\org\springdoc\springdoc-openapi-starter-webmvc-ui\2.3.0\springdoc-openapi-starter-webmvc-ui-2.3.0.jar;C:\Users\DELL\.m2\repository\org\springdoc\springdoc-openapi-starter-webmvc-api\2.3.0\springdoc-openapi-starter-webmvc-api-2.3.0.jar;C:\Users\DELL\.m2\repository\org\springdoc\springdoc-openapi-starter-common\2.3.0\springdoc-openapi-starter-common-2.3.0.jar;C:\Users\DELL\.m2\repository\io\swagger\core\v3\swagger-core-jakarta\2.2.19\swagger-core-jakarta-2.2.19.jar;C:\Users\DELL\.m2\repository\org\apache\commons\commons-lang3\3.14.0\commons-lang3-3.14.0.jar;C:\Users\DELL\.m2\repository\io\swagger\core\v3\swagger-annotations-jakarta\2.2.19\swagger-annotations-jakarta-2.2.19.jar;C:\Users\DELL\.m2\repository\io\swagger\core\v3\swagger-models-jakarta\2.2.19\swagger-models-jakarta-2.2.19.jar;C:\Users\DELL\.m2\repository\com\fasterxml\jackson\dataformat\jackson-dataformat-yaml\2.17.2\jackson-dataformat-yaml-2.17.2.jar;C:\Users\DELL\.m2\repository\org\webjars\swagger-ui\5.10.3\swagger-ui-5.10.3.jar;C:\Users\DELL\.m2\repository\com\mysql\mysql-connector-j\8.3.0\mysql-connector-j-8.3.0.jar;C:\Users\DELL\.m2\repository\org\projectlombok\lombok\1.18.34\lombok-1.18.34.jar;C:\Users\DELL\.m2\repository\io\micrometer\micrometer-tracing-bridge-brave\1.3.5\micrometer-tracing-bridge-brave-1.3.5.jar;C:\Users\DELL\.m2\repository\io\micrometer\micrometer-tracing\1.3.5\micrometer-tracing-1.3.5.jar;C:\Users\DELL\.m2\repository\io\micrometer\context-propagation\1.1.2\context-propagation-1.1.2.jar;C:\Users\DELL\.m2\repository\aopalliance\aopalliance\1.0\aopalliance-1.0.jar;C:\Users\DELL\.m2\repository\org\slf4j\slf4j-api\2.0.16\slf4j-api-2.0.16.jar;C:\Users\DELL\.m2\repository\io\zipkin\brave\brave\6.0.3\brave-6.0.3.jar;C:\Users\DELL\.m2\repository\io\zipkin\brave\brave-context-slf4j\6.0.3\brave-context-slf4j-6.0.3.jar;C:\Users\DELL\.m2\repository\io\zipkin\brave\brave-instrumentation-http\6.0.3\brave-instrumentation-http-6.0.3.jar;C:\Users\DELL\.m2\repository\io\zipkin\aws\brave-propagation-aws\1.2.5\brave-propagation-aws-1.2.5.jar;C:\Users\DELL\.m2\repository\io\zipkin\contrib\brave-propagation-w3c\brave-propagation-tracecontext\0.2.0\brave-propagation-tracecontext-0.2.0.jar;C:\Users\DELL\.m2\repository\io\zipkin\reporter2\zipkin-reporter-brave\3.4.2\zipkin-reporter-brave-3.4.2.jar;C:\Users\DELL\.m2\repository\io\zipkin\reporter2\zipkin-reporter\3.4.2\zipkin-reporter-3.4.2.jar;C:\Users\DELL\.m2\repository\jakarta\xml\bind\jakarta.xml.bind-api\4.0.2\jakarta.xml.bind-api-4.0.2.jar;C:\Users\DELL\.m2\repository\jakarta\activation\jakarta.activation-api\2.1.3\jakarta.activation-api-2.1.3.jar;C:\Users\DELL\.m2\repository\org\springframework\spring-core\6.1.14\spring-core-6.1.14.jar;C:\Users\DELL\.m2\repository\org\springframework\spring-jcl\6.1.14\spring-jcl-6.1.14.jar;C:\Users\DELL\.m2\repository\org\springframework\security\spring-security-core\6.3.4\spring-security-core-6.3.4.jar;C:\Users\DELL\.m2\repository\org\springframework\security\spring-security-crypto\6.3.4\spring-security-crypto-6.3.4.jar;C:\Users\DELL\.m2\repository\org\springframework\cloud\spring-cloud-starter-openfeign\4.1.1\spring-cloud-starter-openfeign-4.1.1.jar;C:\Users\DELL\.m2\repository\org\springframework\cloud\spring-cloud-openfeign-core\4.1.1\spring-cloud-openfeign-core-4.1.1.jar;C:\Users\DELL\.m2\repository\io\github\openfeign\form\feign-form-spring\3.8.0\feign-form-spring-3.8.0.jar;C:\Users\DELL\.m2\repository\io\github\openfeign\form\feign-form\3.8.0\feign-form-3.8.0.jar;C:\Users\DELL\.m2\repository\commons-fileupload\commons-fileupload\1.5\commons-fileupload-1.5.jar;C:\Users\DELL\.m2\repository\commons-io\commons-io\2.11.0\commons-io-2.11.0.jar;C:\Users\DELL\.m2\repository\org\springframework\cloud\spring-cloud-commons\4.1.2\spring-cloud-commons-4.1.2.jar;C:\Users\DELL\.m2\repository\io\github\openfeign\feign-core\13.2.1\feign-core-13.2.1.jar;C:\Users\DELL\.m2\repository\io\github\openfeign\feign-slf4j\13.2.1\feign-slf4j-13.2.1.jar;C:\Users\DELL\.m2\repository\io\jsonwebtoken\jjwt-api\0.11.5\jjwt-api-0.11.5.jar;C:\Users\DELL\.m2\repository\io\jsonwebtoken\jjwt-impl\0.11.5\jjwt-impl-0.11.5.jar;C:\Users\DELL\.m2\repository\io\jsonwebtoken\jjwt-jackson\0.11.5\jjwt-jackson-0.11.5.jar;C:\Users\DELL\.m2\repository\com\fasterxml\jackson\core\jackson-databind\2.17.2\jackson-databind-2.17.2.jar
Launcher Type: SUN_STANDARD

[Global flags]
     intx CICompilerCount                          = 4                                         {product} {ergonomic}
     uint ConcGCThreads                            = 2                                         {product} {ergonomic}
     uint G1ConcRefinementThreads                  = 8                                         {product} {ergonomic}
   size_t G1HeapRegionSize                         = 1048576                                   {product} {ergonomic}
    uintx GCDrainStackTargetSize                   = 64                                        {product} {ergonomic}
   size_t InitialHeapSize                          = 67108864                                  {product} {ergonomic}
   size_t MarkStackSize                            = 4194304                                   {product} {ergonomic}
   size_t MaxHeapSize                              = 1042284544                                {product} {ergonomic}
   size_t MaxNewSize                               = 624951296                                 {product} {ergonomic}
   size_t MinHeapDeltaBytes                        = 1048576                                   {product} {ergonomic}
   size_t MinHeapSize                              = 8388608                                   {product} {ergonomic}
    uintx NonNMethodCodeHeapSize                   = 5839372                                {pd product} {ergonomic}
    uintx NonProfiledCodeHeapSize                  = 122909434                              {pd product} {ergonomic}
    uintx ProfiledCodeHeapSize                     = 122909434                              {pd product} {ergonomic}
    uintx ReservedCodeCacheSize                    = 251658240                              {pd product} {ergonomic}
     bool SegmentedCodeCache                       = true                                      {product} {ergonomic}
     bool ShowCodeDetailsInExceptionMessages       = true                                   {manageable} {command line}
   size_t SoftMaxHeapSize                          = 1042284544                             {manageable} {ergonomic}
     bool UseCompressedOops                        = true                           {product lp64_product} {ergonomic}
     bool UseG1GC                                  = true                                      {product} {ergonomic}
     bool UseLargePagesIndividualAllocation        = false                                  {pd product} {ergonomic}

Logging:
Log output configuration:
 #0: stdout all=warning uptime,level,tags foldmultilines=false
 #1: stderr all=off uptime,level,tags foldmultilines=false

Environment Variables:
JAVA_HOME=C:\Program Files\Java\jdk-21
PATH=C:/Program Files/Java/jdk-21/bin/server;C:/Program Files/Java/jdk-21/bin;D:\oracle\product\10.2.0\db_1\bin;C:\Program Files\Smart Projects\IsoBuster;C:\oraclexe\app\oracle\product\11.2.0\server\bin;C:\Windows\system32;C:\Windows;C:\Windows\System32\Wbem;C:\Windows\System32\WindowsPowerShell\v1.0\;C:\Windows\System32\OpenSSH\;C:\Program Files\Git\cmd;C:\composer;C:\Program Files\Git\bin;C:\Program Files\nodejs\;C:\Program Files (x86)\Microsoft SQL Server\160\Tools\Binn\;C:\Program Files\Microsoft SQL Server\160\Tools\Binn\;C:\Program Files\Microsoft SQL Server\Client SDK\ODBC\170\Tools\Binn\;C:\Program Files\Microsoft SQL Server\160\DTS\Binn\;C:\Program Files\Java\jdk-21\bin;C:\Program Files\MySQL\MySQL Server 8.0\bin;C:\Program Files\Erlang OTP\bin;C:\Program Files\Docker\Docker\resources\bin;C:\Program Files\Java\jdk-21\bin;C:\apache-maven-3.9.14\bin;C:\Program Files\MySQL\MySQL Shell 8.0\bin\;C:\Users\DELL\AppData\Local\Programs\Python\Python313\Scripts\;C:\Users\DELL\AppData\Local\Programs\Python\Python313\;C:\Users\DELL\AppData\Local\Programs\Python\Python311\Scripts\;C:\Users\DELL\AppData\Local\Programs\Python\Python311\;C:\Users\DELL\AppData\Local\Microsoft\WindowsApps;C:\Users\DELL\AppData\Local\Programs\Microsoft VS Code\bin;C:\MinGW\bin;C:\xampp\php;C:\Users\DELL\composer;C:\Users\DELL\AppData\Roaming\Composer\vendor\bin;C:\Users\DELL\AppData\Roaming\npm;C:\Users\DELL\AppData\Local\Programs\Antigravity\bin;C:\Windows\System32;
USERNAME=DELL
OS=Windows_NT
PROCESSOR_IDENTIFIER=Intel64 Family 6 Model 142 Stepping 12, GenuineIntel
TMP=C:\Users\DELL\AppData\Local\Temp
TEMP=C:\Users\DELL\AppData\Local\Temp




Periodic native trim disabled

---------------  S Y S T E M  ---------------

OS:
 Windows 11 , 64 bit Build 22621 (10.0.22621.3958)
OS uptime: 2 days 2:38 hours
Hyper-V role detected

CPU: total 8 (initial active 8) (4 cores per cpu, 2 threads per core) family 6 model 142 stepping 12 microcode 0xf8, cx8, cmov, fxsr, ht, mmx, 3dnowpref, sse, sse2, sse3, ssse3, sse4.1, sse4.2, popcnt, lzcnt, tsc, tscinvbit, avx, avx2, aes, erms, clmul, bmi1, bmi2, adx, fma, vzeroupper, clflush, clflushopt, hv, rdtscp, f16c
Processor Information for processor 0
  Max Mhz: 1800, Current Mhz: 1600, Mhz Limit: 1584
Processor Information for processor 1
  Max Mhz: 1800, Current Mhz: 1500, Mhz Limit: 1584
Processor Information for processor 2
  Max Mhz: 1800, Current Mhz: 1600, Mhz Limit: 1584
Processor Information for processor 3
  Max Mhz: 1800, Current Mhz: 1500, Mhz Limit: 1584
Processor Information for processor 4
  Max Mhz: 1800, Current Mhz: 1600, Mhz Limit: 1584
Processor Information for processor 5
  Max Mhz: 1800, Current Mhz: 1600, Mhz Limit: 1584
Processor Information for processor 6
  Max Mhz: 1800, Current Mhz: 1600, Mhz Limit: 1584
Processor Information for processor 7
  Max Mhz: 1800, Current Mhz: 1500, Mhz Limit: 1584

Memory: 4k page, system-wide physical 3971M (537M free)
TotalPageFile size 16259M (AvailPageFile size 163M)
current process WorkingSet (physical memory assigned to process): 140M, peak: 185M
current process commit charge ("private bytes"): 258M, peak: 259M

vm_info: Java HotSpot(TM) 64-Bit Server VM (21.0.1+12-LTS-29) for windows-amd64 JRE (21.0.1+12-LTS-29), built on 2023-10-05T13:27:09Z by "mach5one" with MS VC++ 17.1 (VS2022)

END.
